PipeID,Age,Diameter,Depth,Slope,Length,Pipe_type,Connection,Pipe_form,Material,Rainfall,Geology,GroundWater Level,Soil_type,Landslide_area,Population,Building_area,Land_cover,Distance_to_road,TrafficVol,Score
165719,1,200,-0.17,-0.97,38.28,Stormwater,Others,S,PVC,139.95,Geology-3,6.19,SoilType-6,No,81,No,LandCover-1,RoadClass-2,0,91
159672,1,160,-0.2,0.62,41.17,Wastewater,Others,S,PVC,149.57,Geology-2,2.6,SoilType-9,No,24,No,LandCover-2,RoadClass-3,0,0
63977,1,250,-0.26,5.26,36.94,Stormwater,MUF,S,Others,131.85,Geology-2,20.65,SoilType-6,No,75,No,LandCover-3,RoadClass-2,0,8
63992,1,200,-0.45,2.39,28.36,Stormwater,MUF,S,Others,131.7,Geology-2,20.63,SoilType-6,No,75,No,LandCover-3,RoadClass-3,0,0
159670,1,160,-0.62,0.71,29.42,Wastewater,Others,S,PVC,149.57,Geology-0,2.9,SoilType-9,No,24,No,LandCover-2,RoadClass-3,0,0
159901,1,160,-0.63,7.4,45.1,Wastewater,Others,S,PVC,122.52,Geology-2,15.46,SoilType-2,No,91,No,LandCover-1,RoadClass-0,0,0
158726,1,200,-0.72,4.19,25.38,Wastewater,Others,S,PVC,122.5,Geology-2,15.68,SoilType-6,No,111,No,LandCover-2,RoadClass-0,0,0
165516,1,160,-0.73,3.05,54.18,Wastewater,Others,S,PVC,126.86,Geology-2,16.13,SoilType-5,No,14,No,LandCover-4,RoadClass-1,0,0
159903,1,250,-0.76,7.45,47.58,Stormwater,Others,S,PVC,122.52,Geology-2,15.46,SoilType-2,No,91,No,LandCover-1,RoadClass-0,0,0
165734,1,160,-0.77,-6.87,33.78,Wastewater,Others,S,PVC,118.72,Geology-2,15.57,SoilType-9,No,230,No,LandCover-2,RoadClass-3,0,0
165733,1,200,-0.83,-7.29,34.76,Stormwater,Others,S,PVC,118.72,Geology-2,15.57,SoilType-9,No,230,No,LandCover-2,RoadClass-3,0,0
161986,1,315,-0.84,3.28,68.93,Stormwater,Others,S,PVC,103.85,Geology-2,15.46,SoilType-2,No,85,No,LandCover-1,RoadClass-0,0,0
164734,1,200,-0.85,0.59,23.89,Wastewater,Others,S,PPP,148.04,Geology-0,9.3,SoilType-7,No,0,No,LandCover-2,RoadClass-0,0,0
9548,1,400,-0.92,6.17,15.89,Combined,MUF,S,Others,105.65,Geology-2,15.47,SoilType-2,No,60,Yes,LandCover-1,RoadClass-2,0,634
165518,1,160,-0.98,0.76,54.28,Wastewater,Others,S,PVC,126.76,Geology-2,16.12,SoilType-5,No,108,No,LandCover-1,RoadClass-2,0,0
164460,1,200,-0.98,-6.28,6.08,Stormwater,Others,S,PVC,143.37,Geology-2,23.31,SoilType-5,No,94,No,LandCover-2,RoadClass-0,0,0
161985,1,250,-0.99,4.14,67.74,Combined,Others,S,PVC,103.85,Geology-2,15.46,SoilType-2,No,85,No,LandCover-1,RoadClass-0,0,0
5485,1,400,-1.04,5.13,10.02,Combined,MUF,S,Others,105.71,Geology-2,15.47,SoilType-2,No,60,Yes,LandCover-1,RoadClass-1,6300,337
163044,1,400,-1.05,3.64,53.96,Stormwater,Others,S,PPP,142.55,Geology-2,24.3,SoilType-5,No,94,No,LandCover-4,RoadClass-4,0,0
165509,1,160,-1.06,8.55,31.45,Wastewater,Others,S,PVC,118.07,Geology-2,15.57,SoilType-9,No,303,No,LandCover-2,RoadClass-0,0,0
61404,1,250,-1.1,23.35,22.84,Stormwater,MUF,S,Others,130.92,Geology-2,20.09,SoilType-6,No,104,No,LandCover-2,RoadClass-2,0,17
159674,1,160,-1.11,1.46,28.17,Wastewater,Others,S,PVC,149.52,Geology-2,2.34,SoilType-9,No,24,No,LandCover-2,RoadClass-3,0,0
169590,1,160,-1.11,2.73,47.12,Wastewater,Others,S,PVC,103.36,Geology-2,15.45,SoilType-2,No,320,No,LandCover-1,RoadClass-0,0,0
151571,1,200,-1.14,0.62,43.39,Wastewater,Others,S,PVC,116.92,Geology-2,15.56,SoilType-9,No,37,No,LandCover-1,RoadClass-0,5100,0
163695,1,315,-1.14,0.89,52.93,Wastewater,Others,S,PVC,118.39,Geology-0,15.58,SoilType-9,No,129,No,LandCover-2,RoadClass-0,5100,0
5589,1,400,-1.15,1.35,7.25,Combined,MUF,S,Others,105.62,Geology-2,15.47,SoilType-2,No,60,No,LandCover-1,RoadClass-0,6300,541
163696,1,315,-1.16,-0.97,50.88,Stormwater,Others,S,PPP,118.39,Geology-0,15.58,SoilType-9,No,129,No,LandCover-2,RoadClass-0,5100,0
169301,1,200,-1.16,8.71,4.42,Wastewater,Others,S,PVC,104.31,Geology-2,15.45,SoilType-2,No,320,No,LandCover-1,RoadClass-0,0,0
164459,1,200,-1.21,14.02,3.55,Wastewater,Others,S,PVC,143.37,Geology-2,23.38,SoilType-5,No,94,No,LandCover-2,RoadClass-0,0,0
163489,1,315,-1.22,-0.4,66.24,Stormwater,Others,S,PPP,117.85,Geology-2,15.58,SoilType-9,No,230,No,LandCover-2,RoadClass-0,5100,0
169351,1,160,-1.22,-3.59,5.6,Wastewater,Others,S,PVC,108.89,Geology-2,15.52,SoilType-2,No,139,No,LandCover-1,RoadClass-0,0,0
161465,1,315,-1.24,0.62,57.96,Stormwater,Others,S,PVC,105.31,Geology-2,15.46,SoilType-2,No,320,No,LandCover-2,RoadClass-0,0,0
159108,1,200,-1.25,2.64,35.26,Stormwater,Others,S,PVC,149.33,Geology-0,2.6,SoilType-9,No,118,No,LandCover-2,RoadClass-0,0,0
63745,1,225,-1.25,5.38,56.45,Wastewater,MUF,S,Others,131.86,Geology-0,20.33,SoilType-5,No,109,No,LandCover-4,RoadClass-0,0,5
159107,1,160,-1.25,2.63,33.57,Wastewater,Others,S,PVC,149.33,Geology-0,2.6,SoilType-9,No,118,No,LandCover-2,RoadClass-0,0,0
140983,1,225,-1.26,0.67,20.71,Combined,MUF,S,Others,138.62,Geology-0,25.75,SoilType-5,No,180,No,LandCover-1,RoadClass-1,0,39
159843,1,250,-1.28,2.8,22.15,Stormwater,Others,S,PVC,122.42,Geology-2,15.48,SoilType-2,No,115,No,LandCover-2,RoadClass-0,0,0
159842,1,160,-1.3,3.47,22.74,Wastewater,Others,S,PVC,122.42,Geology-2,15.48,SoilType-2,No,115,No,LandCover-2,RoadClass-0,0,0
171688,1,250,-1.32,2.32,31.96,Wastewater,Others,S,PVC,143.43,Geology-0,16.02,SoilType-9,No,55,No,LandCover-4,RoadClass-0,0,0
165510,1,200,-1.33,0.63,37.38,Stormwater,Others,S,PVC,118.7,Geology-2,15.57,SoilType-9,No,230,No,LandCover-2,RoadClass-1,0,0
158875,1,160,-1.35,2.12,79.84,Wastewater,Others,S,PVC,148.96,Geology-0,3.03,SoilType-5,No,42,No,LandCover-2,RoadClass-0,0,0
158878,1,200,-1.37,2.02,78.57,Stormwater,Others,S,PVC,148.96,Geology-0,3.03,SoilType-5,No,42,No,LandCover-2,RoadClass-0,0,0
152856,1,230,-1.37,2.58,5.3,Combined,MUF,S,BET,126.42,Geology-2,16.13,SoilType-6,No,108,No,LandCover-4,RoadClass-0,0,26
89083,1,200,-1.37,4.95,37.7,Wastewater,MUF,S,Others,125.21,Geology-2,16.15,SoilType-6,No,181,No,LandCover-1,RoadClass-3,0,0
163043,1,200,-1.38,3.92,51.58,Wastewater,Others,S,PVC,142.55,Geology-2,24.3,SoilType-5,No,94,No,LandCover-4,RoadClass-4,0,0
159167,1,200,-1.38,5.66,31.11,Stormwater,Others,S,PVC,149.44,Geology-0,2.95,SoilType-9,No,24,No,LandCover-2,RoadClass-0,0,0
153184,1,315,-1.4,2.89,48.1,Stormwater,Others,S,PPP,144.02,Geology-0,14.69,SoilType-9,No,178,No,LandCover-4,RoadClass-2,0,0
155370,1,250,-1.41,0.81,33.74,Stormwater,Others,S,PVC,146.07,Geology-0,13.7,SoilType-7,No,11,No,LandCover-4,RoadClass-2,0,0
159242,1,160,-1.41,4.47,22.11,Wastewater,Others,S,PVC,122.5,Geology-2,15.54,SoilType-2,No,318,No,LandCover-2,RoadClass-1,0,0
168687,1,315,-1.41,-0.75,44.07,Stormwater,Others,S,PPP,133.53,Geology-0,25.65,SoilType-6,No,44,No,LandCover-1,RoadClass-0,0,2
159263,1,315,-1.41,6.06,29.71,Stormwater,Others,S,PVC,122.48,Geology-2,15.5,SoilType-2,No,115,No,LandCover-1,RoadClass-1,0,0
159168,1,160,-1.43,5.75,29.68,Wastewater,Others,S,PVC,149.44,Geology-0,2.95,SoilType-9,No,24,No,LandCover-2,RoadClass-0,0,0
154688,1,250,-1.43,1.12,49.1,Stormwater,Others,S,PVC,145.93,Geology-0,13.73,SoilType-9,No,87,No,LandCover-4,RoadClass-1,0,0
159146,1,200,-1.45,3.57,22.95,Stormwater,Others,S,PVC,149.37,Geology-0,2.84,SoilType-9,No,118,No,LandCover-1,RoadClass-0,0,0
157007,1,315,-1.45,0.31,29.32,Stormwater,Others,S,PVC,122.41,Geology-2,15.48,SoilType-2,No,115,No,LandCover-1,RoadClass-0,0,0
164592,1,315,-1.45,2.56,52.9,Stormwater,Others,S,PVC,142.42,Geology-0,25.63,SoilType-5,No,208,No,LandCover-1,RoadClass-0,0,0
164618,1,200,-1.47,2.58,52.54,Wastewater,Others,S,PVC,142.42,Geology-0,25.63,SoilType-5,No,208,No,LandCover-1,RoadClass-0,0,0
154691,1,315,-1.47,0.59,41.35,Wastewater,Others,S,PVC,145.94,Geology-0,13.73,SoilType-9,No,87,No,LandCover-2,RoadClass-1,0,0
159147,1,160,-1.48,3.48,25.37,Wastewater,Others,S,PVC,149.37,Geology-0,2.93,SoilType-9,No,118,No,LandCover-1,RoadClass-0,0,0
163226,1,200,-1.5,1.69,74.05,Stormwater,Others,S,PVC,143.96,Geology-2,23.61,SoilType-5,No,94,No,LandCover-2,RoadClass-3,0,0
159243,1,315,-1.5,4.55,23.54,Stormwater,Others,S,PVC,122.5,Geology-2,15.54,SoilType-2,No,318,No,LandCover-2,RoadClass-1,0,0
159401,1,160,-1.53,4.91,18.61,Wastewater,Others,S,PVC,122.47,Geology-2,15.5,SoilType-2,No,115,No,LandCover-2,RoadClass-0,0,0
163225,1,160,-1.53,1.17,74.08,Wastewater,Others,S,PVC,143.92,Geology-2,23.61,SoilType-5,No,94,No,LandCover-2,RoadClass-3,0,0
168744,1,315,-1.54,0.7,40.53,Stormwater,Others,S,PPP,133.58,Geology-0,25.8,SoilType-6,No,44,No,LandCover-1,RoadClass-0,0,0
164577,1,315,-1.55,2.55,41.06,Stormwater,Others,S,PVC,142.92,Geology-0,25.42,SoilType-5,No,208,No,LandCover-4,RoadClass-0,0,0
160227,1,160,-1.55,0.06,65.59,Wastewater,Others,S,PVC,122.39,Geology-2,15.48,SoilType-2,No,115,No,LandCover-1,RoadClass-0,0,0
89085,1,150,-1.55,0.58,18.75,Wastewater,MUF,S,Others,125.13,Geology-2,16.14,SoilType-6,No,181,No,LandCover-4,RoadClass-3,0,166
163852,1,250,-1.6,-0.73,33.68,Stormwater,Others,S,PVC,124.82,Geology-2,16.1,SoilType-6,No,171,No,LandCover-4,RoadClass-0,0,0
154248,1,300,-1.6,0.93,66.77,Stormwater,Others,S,PPP,143.75,Geology-0,14.71,SoilType-9,No,178,No,LandCover-4,RoadClass-3,0,0
156303,1,160,-1.61,5.59,13.14,Wastewater,Others,S,PVC,122.46,Geology-2,15.5,SoilType-2,No,115,No,LandCover-2,RoadClass-0,0,0
159279,1,160,-1.62,0.86,31.88,Wastewater,Others,S,PVC,149.45,Geology-0,2.36,SoilType-9,No,24,No,LandCover-1,RoadClass-0,0,0
164482,1,315,-1.63,2.63,59.02,Stormwater,Others,S,PVC,143.42,Geology-0,25.16,SoilType-5,No,208,No,LandCover-2,RoadClass-0,0,0
164576,1,200,-1.63,2.55,58.61,Wastewater,Others,S,PVC,143.48,Geology-0,25.16,SoilType-5,No,208,No,LandCover-2,RoadClass-0,0,0
159001,1,250,-1.64,1.32,58.48,Stormwater,Others,S,PVC,149.3,Geology-0,2.49,SoilType-9,No,118,No,LandCover-2,RoadClass-0,0,0
156331,1,315,-1.64,5.2,11.53,Stormwater,Others,S,PVC,122.46,Geology-2,15.5,SoilType-2,No,115,No,LandCover-2,RoadClass-0,0,0
154247,1,160,-1.66,0.95,67.49,Wastewater,Others,S,PVC,143.75,Geology-0,14.71,SoilType-9,No,178,No,LandCover-4,RoadClass-3,0,0
56671,1,225,-1.66,0.89,50.06,Combined,MUF,S,Others,138.92,Geology-2,25.4,SoilType-5,No,180,No,LandCover-1,RoadClass-1,0,567
158317,1,160,-1.67,0.71,28.02,Wastewater,Others,S,PVC,149.07,Geology-0,2.79,SoilType-9,No,118,No,LandCover-2,RoadClass-0,0,0
158329,1,250,-1.68,0.71,26.67,Stormwater,Others,S,PVC,149.06,Geology-0,2.79,SoilType-9,No,118,No,LandCover-2,RoadClass-0,0,0
154135,1,300,-1.7,0.49,26.25,Stormwater,Others,S,PPP,143.83,Geology-0,14.69,SoilType-9,No,178,No,LandCover-2,RoadClass-4,0,0
159349,1,160,-1.7,4.22,26.17,Wastewater,Others,S,PVC,122.49,Geology-2,15.49,SoilType-2,No,115,No,LandCover-4,RoadClass-0,0,0
160409,1,225,-1.7,-1.29,79.75,Combined,Others,S,BET,131.01,Geology-2,19.19,SoilType-6,No,120,No,LandCover-1,RoadClass-0,0,55
159196,1,160,-1.7,2.34,33.86,Wastewater,Others,S,PVC,149.48,Geology-0,2.65,SoilType-9,No,24,No,LandCover-1,RoadClass-0,0,0
159194,1,200,-1.71,2.39,31.13,Stormwater,Others,S,PVC,149.48,Geology-0,2.65,SoilType-9,No,24,No,LandCover-1,RoadClass-0,0,0
5590,1,400,-1.72,31.86,2.56,Combined,MUF,S,Others,105.68,Geology-2,15.47,SoilType-2,No,60,No,LandCover-1,RoadClass-1,6300,333
157004,1,160,-1.73,1.01,31.94,Wastewater,Others,S,PVC,122.41,Geology-2,15.48,SoilType-2,No,115,No,LandCover-1,RoadClass-0,0,0
159450,1,315,-1.73,5.35,27.04,Stormwater,Others,S,PVC,122.48,Geology-2,15.51,SoilType-2,No,115,No,LandCover-4,RoadClass-0,0,0
159273,1,200,-1.73,0.55,33.06,Stormwater,Others,S,PVC,149.45,Geology-0,2.36,SoilType-9,No,24,No,LandCover-1,RoadClass-0,0,0
58815,1,230,-1.74,5.93,25.58,Combined,MUF,S,BET,126.34,Geology-2,16.15,SoilType-6,No,108,No,LandCover-2,RoadClass-1,0,12
164481,1,200,-1.74,3.32,64.46,Wastewater,Others,S,PVC,141.08,Geology-0,26.56,SoilType-5,No,64,No,LandCover-2,RoadClass-1,0,0
61403,1,225,-1.77,19.63,23.08,Wastewater,MUF,S,Others,130.92,Geology-2,20.09,SoilType-6,No,104,No,LandCover-2,RoadClass-2,0,129
163508,1,200,-1.78,-10.85,3.35,Stormwater,Others,S,PVC,102.6,Geology-2,15.45,SoilType-3,No,84,No,LandCover-4,RoadClass-0,0,0
63631,1,225,-1.81,-2.21,41.25,Wastewater,MUF,S,Others,131.96,Geology-0,20.36,SoilType-5,No,109,No,LandCover-4,RoadClass-0,0,0
163698,1,250,-1.82,0.73,52.76,Stormwater,Others,S,PVC,124.93,Geology-2,16.1,SoilType-6,No,171,No,LandCover-1,RoadClass-0,0,0
159399,1,315,-1.83,5.53,20.17,Stormwater,Others,S,PVC,122.47,Geology-2,15.5,SoilType-2,No,115,No,LandCover-2,RoadClass-0,0,0
159164,1,200,-1.84,4.79,93.14,Stormwater,Others,S,PVC,122.58,Geology-2,17.82,SoilType-9,No,111,No,LandCover-2,RoadClass-1,0,0
160848,1,400,-1.85,5.63,25.71,Stormwater,Others,S,PPP,131.6,Geology-2,19.05,SoilType-6,No,130,No,LandCover-2,RoadClass-0,0,0
164370,1,250,-1.86,4.64,87.99,Stormwater,Others,S,PVC,127.44,Geology-2,16.26,SoilType-5,No,142,No,LandCover-2,RoadClass-0,0,0
158328,1,250,-1.86,1.53,61.04,Stormwater,Others,S,PVC,149.15,Geology-0,2.72,SoilType-9,No,118,No,LandCover-2,RoadClass-0,0,0
163274,1,200,-1.86,6.99,50.81,Wastewater,Others,S,PVC,102.54,Geology-2,15.45,SoilType-2,No,84,No,LandCover-1,RoadClass-0,0,0
164611,1,160,-1.86,4.9,74.16,Wastewater,Others,S,PVC,127.48,Geology-2,16.29,SoilType-9,No,142,No,LandCover-1,RoadClass-2,0,0
159283,1,200,-1.86,2.24,78,Wastewater,Others,S,PVC,141.15,Geology-0,25.98,SoilType-5,No,190,No,LandCover-1,RoadClass-0,0,0
153952,1,160,-1.86,1.98,10.99,Wastewater,Others,S,PVC,143.97,Geology-0,14.67,SoilType-9,No,178,No,LandCover-4,RoadClass-3,0,0
154134,1,160,-1.88,0.83,22.45,Wastewater,Others,S,PVC,143.83,Geology-0,14.69,SoilType-9,No,178,No,LandCover-2,RoadClass-4,0,0
165016,1,630,-1.88,0.87,70.65,Stormwater,Others,S,PPP,144.02,Geology-0,24.57,SoilType-4,No,190,No,LandCover-2,RoadClass-0,0,0
165741,1,200,-1.89,3.53,91.01,Stormwater,Others,S,PVC,118.3,Geology-2,15.57,SoilType-9,No,303,No,LandCover-2,RoadClass-1,0,0
159756,1,250,-1.89,6.68,70.17,Stormwater,Others,S,PVC,122.48,Geology-2,15.46,SoilType-2,No,115,No,LandCover-4,RoadClass-0,0,0
159759,1,160,-1.89,6.57,71.61,Wastewater,Others,S,PVC,122.48,Geology-2,15.46,SoilType-2,No,115,No,LandCover-4,RoadClass-0,0,0
163041,1,400,-1.92,2.1,55.72,Stormwater,Others,S,PPP,143.82,Geology-0,24.22,SoilType-5,No,94,No,LandCover-1,RoadClass-4,0,0
162886,1,250,-1.93,5.05,38.69,Stormwater,Others,S,PVC,126.06,Geology-2,16.32,SoilType-6,No,146,No,LandCover-1,RoadClass-0,0,0
159262,1,160,-1.93,5.72,29.93,Wastewater,Others,S,PVC,122.48,Geology-2,15.5,SoilType-2,No,115,No,LandCover-1,RoadClass-1,0,0
163618,1,315,-1.93,0.6,54.06,Wastewater,Others,S,PVC,118.13,Geology-2,15.58,SoilType-9,No,129,No,LandCover-2,RoadClass-0,5100,0
163697,1,160,-1.94,0.86,52.19,Wastewater,Others,S,PVC,124.93,Geology-2,16.1,SoilType-6,No,171,No,LandCover-1,RoadClass-0,0,0
159458,1,160,-1.94,5.87,26.8,Wastewater,Others,S,PVC,122.48,Geology-2,15.51,SoilType-2,No,115,No,LandCover-4,RoadClass-0,0,0
159284,1,200,-1.95,2.34,77.68,Stormwater,Others,S,PVC,141.15,Geology-0,25.98,SoilType-5,No,190,No,LandCover-1,RoadClass-0,0,0
162887,1,160,-1.95,5.71,39.23,Wastewater,IM,S,PVC,126.06,Geology-2,16.32,SoilType-6,No,146,No,LandCover-1,RoadClass-0,0,0
155250,1,315,-1.96,0.36,33.6,Wastewater,Others,S,PVC,146.01,Geology-0,13.69,SoilType-7,No,87,No,LandCover-1,RoadClass-2,0,0
159161,1,160,-1.96,5,93.57,Wastewater,Others,S,PVC,122.58,Geology-2,17.82,SoilType-9,No,111,No,LandCover-2,RoadClass-1,0,0
153990,1,300,-1.97,3.57,52.03,Stormwater,Others,S,PPP,143.91,Geology-0,14.67,SoilType-9,No,178,No,LandCover-4,RoadClass-3,0,0
153951,1,315,-1.99,3.68,11.08,Stormwater,Others,S,PPP,143.97,Geology-0,14.67,SoilType-9,No,178,No,LandCover-4,RoadClass-3,0,0
153988,1,160,-1.99,3.45,52.65,Wastewater,Others,S,PVC,143.89,Geology-0,14.67,SoilType-9,No,178,No,LandCover-4,RoadClass-3,0,0
165503,1,160,-2.01,3.97,44.06,Wastewater,Others,S,PVC,117.79,Geology-2,15.56,SoilType-9,No,303,No,LandCover-1,RoadClass-0,0,0
152816,1,160,-2.01,4.32,29.94,Wastewater,MUF,S,PVC,134.8,Geology-2,19.63,SoilType-5,No,204,No,LandCover-1,RoadClass-3,0,0
164152,1,200,-2.02,-1.59,45.83,Stormwater,Others,S,PVC,144.65,Geology-2,23.33,SoilType-5,No,94,No,LandCover-1,RoadClass-0,0,0
154404,1,160,-2.02,2.38,38.76,Wastewater,Others,S,PVC,143.69,Geology-0,14.74,SoilType-9,No,178,No,LandCover-4,RoadClass-2,0,0
165502,1,315,-2.02,5.61,47.15,Stormwater,Others,S,PVC,117.79,Geology-2,15.56,SoilType-9,No,303,No,LandCover-1,RoadClass-0,0,0
154407,1,300,-2.03,2.6,35.73,Stormwater,Others,S,PPP,143.69,Geology-0,14.74,SoilType-9,No,178,No,LandCover-4,RoadClass-2,0,0
164617,1,315,-2.05,3.55,45.71,Stormwater,Others,S,PVC,141.86,Geology-0,25.91,SoilType-5,No,64,No,LandCover-1,RoadClass-0,0,0
163530,1,250,-2.05,1.12,76.89,Stormwater,Others,S,PVC,125.1,Geology-2,16.11,SoilType-6,No,171,No,LandCover-1,RoadClass-0,0,0
162857,1,160,-2.06,5.5,23.89,Wastewater,Others,S,PVC,126.03,Geology-2,16.33,SoilType-6,No,146,No,LandCover-2,RoadClass-0,0,0
169155,1,250,-2.08,3.46,70.82,Stormwater,Others,S,PVC,104.04,Geology-2,15.45,SoilType-2,No,320,No,LandCover-1,RoadClass-0,0,8
67789,1,600,-2.09,1.19,66.92,Stormwater,IM,S,Others,143.92,Geology-0,16.21,SoilType-7,No,55,No,LandCover-1,RoadClass-4,0,0
159297,1,315,-2.1,4.84,68.19,Stormwater,Others,S,PVC,122.49,Geology-2,15.53,SoilType-2,No,236,No,LandCover-1,RoadClass-1,0,0
163925,1,200,-2.14,0.79,64.98,Wastewater,Others,S,PVC,144.39,Geology-0,24.55,SoilType-4,No,208,No,LandCover-1,RoadClass-0,0,8
164631,1,200,-2.14,3.26,45.83,Wastewater,Others,S,PVC,141.86,Geology-0,25.91,SoilType-5,No,64,No,LandCover-1,RoadClass-0,0,0
163922,1,315,-2.14,0.63,66.12,Stormwater,Others,S,PVC,144.39,Geology-0,24.6,SoilType-4,No,208,No,LandCover-1,RoadClass-0,0,0
159689,1,160,-2.16,6.19,68.77,Wastewater,Others,S,PVC,122.44,Geology-2,15.47,SoilType-2,No,115,No,LandCover-2,RoadClass-0,0,0
159391,1,160,-2.17,5.15,33.56,Wastewater,Others,S,PVC,122.51,Geology-2,15.49,SoilType-2,No,91,No,LandCover-1,RoadClass-0,0,0
169610,1,200,-2.17,3.7,59.95,Wastewater,Others,S,PVC,103.99,Geology-2,15.45,SoilType-2,No,320,No,LandCover-1,RoadClass-0,0,0
165486,1,200,-2.18,0.64,87,Wastewater,Others,S,PVC,144.12,Geology-0,24.51,SoilType-4,No,190,No,LandCover-4,RoadClass-0,0,0
63625,1,225,-2.24,0.85,40.62,Wastewater,MUF,S,Others,132.02,Geology-0,20.41,SoilType-5,No,109,No,LandCover-2,RoadClass-0,0,57
158883,1,200,-2.25,1.3,78.59,Stormwater,Others,S,PVC,140.29,Geology-0,26.54,SoilType-5,No,63,No,LandCover-1,RoadClass-0,0,0
163412,1,200,-2.27,-2.72,65.95,Wastewater,Others,S,PVC,125.25,Geology-2,16.13,SoilType-6,No,181,No,LandCover-1,RoadClass-0,0,3
164142,1,200,-2.28,2.15,45.27,Wastewater,Others,S,PVC,144.76,Geology-2,23.33,SoilType-5,No,94,No,LandCover-1,RoadClass-0,0,0
159690,1,250,-2.29,6.14,68.87,Stormwater,Others,S,PVC,122.44,Geology-2,15.47,SoilType-2,No,115,No,LandCover-2,RoadClass-0,0,0
165444,1,630,-2.3,-3.59,97.03,Stormwater,Others,S,PPP,142.71,Geology-0,25.3,SoilType-5,No,190,No,LandCover-2,RoadClass-0,0,0
164632,1,315,-2.31,4.33,48.92,Stormwater,Others,S,PVC,141.17,Geology-0,26.5,SoilType-5,No,64,No,LandCover-4,RoadClass-0,0,0
13818,1,225,-2.36,11.05,22.94,Combined,MUF,S,Others,97.84,Geology-2,15.48,SoilType-2,No,498,No,LandCover-1,RoadClass-1,0,248
164593,1,200,-2.39,2.63,41.53,Wastewater,Others,S,PVC,142.98,Geology-0,25.42,SoilType-5,No,208,No,LandCover-4,RoadClass-0,0,0
163600,1,200,-2.4,0.58,53.39,Wastewater,Others,S,PVC,125.08,Geology-2,16.11,SoilType-6,No,171,No,LandCover-1,RoadClass-0,0,0
58814,1,150,-2.41,12.77,20.66,Combined,MUF,S,BET,126.33,Geology-2,16.16,SoilType-6,No,108,No,LandCover-4,RoadClass-2,0,96
132605,1,200,-2.41,2.29,27.7,Stormwater,Others,S,PVC,122.63,Geology-2,17.81,SoilType-9,No,111,No,LandCover-2,RoadClass-2,0,0
163752,1,315,-2.42,-3.14,59.58,Wastewater,Others,S,PVC,118.67,Geology-2,15.58,SoilType-9,No,129,No,LandCover-2,RoadClass-1,5100,0
163408,1,250,-2.46,-2.51,65.64,Stormwater,Others,S,PVC,125.26,Geology-2,16.13,SoilType-6,No,181,No,LandCover-2,RoadClass-0,0,0
165445,1,200,-2.48,2.94,97.76,Wastewater,Others,S,PVC,142.71,Geology-0,25.3,SoilType-5,No,190,No,LandCover-2,RoadClass-0,0,0
159126,1,160,-2.5,3.19,23.47,Wastewater,Others,S,PVC,122.63,Geology-2,17.81,SoilType-9,No,111,No,LandCover-2,RoadClass-2,0,0
171062,1,250,-2.66,0.78,60.87,Wastewater,Others,S,PVC,143.62,Geology-0,16.06,SoilType-9,No,55,No,LandCover-4,RoadClass-4,0,0
163033,1,160,-2.74,2.31,59.45,Wastewater,Others,S,PVC,144.16,Geology-0,24.01,SoilType-5,No,94,No,LandCover-1,RoadClass-4,0,0
164422,1,200,-2.75,8.31,29.11,Wastewater,Others,S,PVC,143.74,Geology-2,23.32,SoilType-5,No,94,No,LandCover-2,RoadClass-0,0,0
156762,1,300,-2.77,-1.49,14.29,Stormwater,Others,S,PPP,146.61,Geology-0,13.42,SoilType-6,No,15,No,LandCover-2,RoadClass-1,0,0
164421,1,200,-2.79,10.07,27.89,Stormwater,Others,S,PVC,143.74,Geology-2,23.32,SoilType-5,No,94,No,LandCover-2,RoadClass-0,0,0
156763,1,200,-2.8,-0.85,14.43,Wastewater,Others,S,PVC,146.61,Geology-0,13.43,SoilType-6,No,15,No,LandCover-2,RoadClass-2,0,0
156401,1,200,-3.1,1.61,44.28,Wastewater,Others,S,PVC,146.6,Geology-0,13.27,SoilType-6,No,15,No,LandCover-2,RoadClass-0,0,0
171690,1,250,-3.11,0.59,56.1,Wastewater,Others,S,PVC,143.49,Geology-0,16.01,SoilType-9,No,55,No,LandCover-2,RoadClass-2,0,0
162928,1,200,-3.11,0.83,41.03,Wastewater,Others,S,PVC,145.15,Geology-0,24.03,SoilType-9,No,94,No,LandCover-1,RoadClass-1,0,0
156317,1,200,-3.2,1.7,12.09,Wastewater,Others,S,PVC,146.58,Geology-0,13.12,SoilType-6,No,15,No,LandCover-3,RoadClass-2,0,0
156432,1,300,-3.2,1.86,40.46,Stormwater,Others,S,PPP,146.6,Geology-0,13.27,SoilType-6,No,15,No,LandCover-2,RoadClass-0,0,0
9602,1,400,-3.43,26,36.15,Combined,MUF,S,Others,105.39,Geology-2,15.48,SoilType-2,No,60,No,LandCover-1,RoadClass-2,0,613
162970,1,200,-3.66,1.15,29.15,Wastewater,Others,S,PVC,144.7,Geology-0,24.05,SoilType-5,No,94,No,LandCover-1,RoadClass-3,0,0
162969,1,400,-3.66,-1.27,29.16,Stormwater,Others,S,PPP,144.7,Geology-0,24.05,SoilType-5,No,94,No,LandCover-1,RoadClass-3,0,0
64002,1,225,-3.81,11.21,50.3,Wastewater,MUF,S,Others,132.16,Geology-0,20.53,SoilType-5,No,60,No,LandCover-2,RoadClass-0,0,113
162929,1,200,-3.93,0.96,25.93,Wastewater,Others,S,PVC,145.05,Geology-0,23.91,SoilType-5,No,94,No,LandCover-1,RoadClass-3,0,0
58872,1,230,-4.18,11.24,37.25,Combined,MUF,S,BET,126.38,Geology-2,16.14,SoilType-6,No,108,No,LandCover-4,RoadClass-3,0,85
156764,1,200,-4.23,3.46,38.39,Wastewater,MUF,S,Others,132.09,Geology-0,20.47,SoilType-5,No,109,No,LandCover-2,RoadClass-0,0,66
159289,1,200,-0.89,-4.32,30.83,Stormwater,Others,S,PVC,122.5,Geology-2,15.68,SoilType-6,No,111,No,LandCover-2,RoadClass-0,0,0
158393,1,160,-0.95,3.59,19.7,Wastewater,Others,S,PVC,149.04,Geology-0,2.6,SoilType-5,No,42,No,LandCover-2,RoadClass-0,0,0
158391,1,200,-1.04,3.22,20.72,Stormwater,Others,S,PVC,149.04,Geology-0,2.65,SoilType-5,No,42,No,LandCover-2,RoadClass-0,0,0
164141,1,200,-1.08,2.39,11.26,Wastewater,Others,S,PVC,145.35,Geology-0,23.28,SoilType-5,No,94,No,LandCover-1,RoadClass-0,0,0
70522,1,250,-1.17,0.7,24.27,Combined,MUF,S,BET,144.55,Geology-0,15.01,SoilType-9,No,133,No,LandCover-4,RoadClass-2,0,8
162535,1,315,-1.18,1.01,45.04,Stormwater,Others,S,PVC,125.93,Geology-0,16.35,SoilType-4,No,146,No,LandCover-2,RoadClass-0,0,0
159647,1,200,-1.2,-5.14,51.04,Stormwater,Others,S,PVC,122.49,Geology-2,15.66,SoilType-6,No,111,No,LandCover-1,RoadClass-0,0,0
162534,1,200,-1.25,0.93,44,Wastewater,Others,S,PVC,125.95,Geology-0,16.35,SoilType-4,No,146,No,LandCover-2,RoadClass-0,0,2
162553,1,200,-1.25,3.36,41.47,Wastewater,Others,S,PVC,125.84,Geology-0,16.33,SoilType-4,No,146,No,LandCover-2,RoadClass-1,0,12
162554,1,315,-1.27,3.58,39.07,Stormwater,Others,S,PVC,125.84,Geology-0,16.33,SoilType-4,No,146,No,LandCover-2,RoadClass-1,0,0
157387,1,200,-1.33,0.94,63.73,Stormwater,Others,S,PVC,124.62,Geology-2,16.06,SoilType-0,No,85,No,LandCover-2,RoadClass-0,0,0
164750,1,315,-1.34,3.75,18.97,Stormwater,Others,S,PPP,145.58,Geology-0,23.42,SoilType-9,No,12,No,LandCover-2,RoadClass-1,0,0
158000,1,250,-1.34,4.8,59.69,Stormwater,Others,S,PVC,122.59,Geology-2,17.78,SoilType-6,No,111,No,LandCover-2,RoadClass-0,0,0
158242,1,250,-1.34,5,116.16,Stormwater,Others,S,PVC,122.53,Geology-2,15.67,SoilType-6,No,111,No,LandCover-4,RoadClass-0,0,0
156770,1,200,-1.35,1.42,110.53,Stormwater,Others,S,PVC,124.42,Geology-2,16.05,SoilType-6,No,85,No,LandCover-1,RoadClass-0,0,0
158034,1,160,-1.39,1.65,60.87,Stormwater,Others,S,PVC,128.17,Geology-2,15.62,SoilType-9,No,114,No,LandCover-2,RoadClass-0,0,0
162144,1,200,-1.42,9.13,44.83,Wastewater,Others,S,PVC,132.78,Geology-2,19.26,SoilType-5,No,125,No,LandCover-1,RoadClass-3,0,0
157996,1,200,-1.42,4.96,60.2,Wastewater,Others,S,PVC,122.59,Geology-2,17.78,SoilType-6,No,111,No,LandCover-2,RoadClass-0,0,0
164143,1,200,-1.47,4.84,14.08,Stormwater,Others,S,PVC,145.35,Geology-0,23.28,SoilType-5,No,94,No,LandCover-1,RoadClass-0,0,0
157774,1,160,-1.49,1.56,60.54,Wastewater,Others,S,PVC,128.17,Geology-2,15.62,SoilType-9,No,114,No,LandCover-2,RoadClass-0,0,0
162145,1,400,-1.52,8.62,42.76,Stormwater,Others,S,PVC,132.77,Geology-2,19.23,SoilType-5,No,125,No,LandCover-1,RoadClass-3,0,0
158392,1,200,-1.53,3.43,29.79,Stormwater,Others,S,PVC,149.08,Geology-0,2.45,SoilType-5,No,42,No,LandCover-2,RoadClass-0,0,0
159319,1,200,-1.54,-5.21,15.91,Stormwater,Others,S,PVC,122.52,Geology-2,15.69,SoilType-6,No,111,No,LandCover-4,RoadClass-0,0,0
157288,1,315,-1.57,2.97,69.13,Stormwater,Others,S,PVC,119.62,Geology-2,15.58,SoilType-9,No,230,No,LandCover-2,RoadClass-0,0,3
158394,1,160,-1.58,3.35,28.54,Wastewater,Others,S,PVC,149.08,Geology-0,2.45,SoilType-5,No,42,No,LandCover-2,RoadClass-0,0,0
160622,1,500,-1.62,0.98,44.9,Stormwater,Others,S,PPP,131.77,Geology-2,19.12,SoilType-6,No,130,No,LandCover-4,RoadClass-0,0,14
157765,1,200,-1.62,4.74,43.09,Wastewater,Others,S,PVC,122.63,Geology-2,17.78,SoilType-9,No,111,No,LandCover-2,RoadClass-0,0,0
164093,1,200,-1.65,3.11,81.05,Wastewater,Others,S,PVC,143.84,Geology-0,25.07,SoilType-5,No,208,No,LandCover-4,RoadClass-0,0,0
164189,1,200,-1.66,4.67,61.67,Wastewater,Others,S,PVC,143.03,Geology-0,25.4,SoilType-5,No,64,No,LandCover-1,RoadClass-0,0,0
164182,1,250,-1.67,4.61,61.74,Stormwater,Others,S,PVC,143.03,Geology-0,25.4,SoilType-5,No,64,No,LandCover-1,RoadClass-0,0,0
157290,1,200,-1.67,2.67,71.72,Wastewater,Others,S,PVC,119.62,Geology-2,15.58,SoilType-9,No,230,No,LandCover-2,RoadClass-0,0,0
158252,1,250,-1.69,2.72,63.93,Stormwater,Others,S,PVC,148.97,Geology-0,2.83,SoilType-5,No,42,No,LandCover-2,RoadClass-0,0,0
157764,1,250,-1.69,4.97,43.68,Stormwater,Others,S,PVC,122.64,Geology-2,17.78,SoilType-9,No,111,No,LandCover-2,RoadClass-0,0,0
162114,1,250,-1.73,-3.89,55.96,Stormwater,IM,S,PVC,126.05,Geology-2,16.36,SoilType-6,No,146,No,LandCover-2,RoadClass-0,0,0
158316,1,160,-1.74,3.9,3.95,Wastewater,Others,S,PVC,149.1,Geology-0,2.69,SoilType-9,No,118,No,LandCover-2,RoadClass-0,0,0
162121,1,250,-1.74,-6.58,38.21,Stormwater,Others,S,PVC,126.09,Geology-2,16.35,SoilType-6,No,146,No,LandCover-2,RoadClass-0,0,0
158723,1,200,-1.77,2.84,64.42,Stormwater,Others,S,PVC,141.84,Geology-0,25.5,SoilType-5,No,190,No,LandCover-4,RoadClass-0,0,0
164092,1,250,-1.82,-3.02,81.44,Stormwater,Others,S,PVC,143.84,Geology-0,25.07,SoilType-5,No,208,No,LandCover-4,RoadClass-0,0,0
158318,1,250,-1.84,2.27,38.85,Stormwater,Others,S,PVC,149.07,Geology-0,2.7,SoilType-9,No,42,No,LandCover-1,RoadClass-0,0,0
157421,1,315,-1.85,1.52,30.88,Stormwater,Others,S,PVC,119.38,Geology-2,15.58,SoilType-9,No,230,No,LandCover-2,RoadClass-0,0,0
162241,1,200,-1.85,4.46,42.67,Wastewater,Others,S,PVC,132.75,Geology-2,19.23,SoilType-5,No,125,No,LandCover-1,RoadClass-0,0,0
162387,1,400,-1.86,6.05,42.61,Stormwater,Others,S,PVC,132.93,Geology-2,19.08,SoilType-5,No,125,No,LandCover-4,RoadClass-0,0,0
162301,1,200,-1.9,0.93,58.89,Wastewater,Others,S,PVC,126.25,Geology-0,16.42,SoilType-4,No,33,No,LandCover-2,RoadClass-0,0,0
162367,1,315,-1.91,1.08,46.12,Stormwater,Others,S,PVC,126.04,Geology-0,16.37,SoilType-4,No,146,No,LandCover-2,RoadClass-0,0,15
158076,1,315,-1.92,0.72,79.32,Stormwater,Others,S,PVC,120.02,Geology-0,15.59,SoilType-9,No,129,No,LandCover-2,RoadClass-0,0,0
164394,1,315,-1.92,0.88,140.01,Stormwater,Others,S,PPP,145.06,Geology-0,23.26,SoilType-4,No,12,No,LandCover-2,RoadClass-0,0,0
162338,1,400,-1.93,6.12,29.82,Stormwater,Others,S,PVC,132.85,Geology-2,19.15,SoilType-5,No,125,No,LandCover-1,RoadClass-0,0,0
162300,1,315,-1.93,0.92,56.51,Stormwater,Others,S,PVC,126.27,Geology-0,16.42,SoilType-4,No,33,No,LandCover-2,RoadClass-0,0,0
164084,1,315,-1.97,0.54,45.58,Stormwater,Others,S,PVC,144.52,Geology-0,24.83,SoilType-4,No,208,No,LandCover-4,RoadClass-0,0,0
157769,1,250,-1.97,0.38,50.21,Stormwater,Others,S,PVC,127.54,Geology-2,15.62,SoilType-9,No,114,No,LandCover-2,RoadClass-0,0,0
158484,1,200,-1.98,0.46,85.26,Wastewater,Others,S,PVC,120.1,Geology-2,15.59,SoilType-9,No,129,No,LandCover-2,RoadClass-0,0,0
162339,1,200,-1.99,5.94,30.5,Wastewater,Others,S,PVC,132.85,Geology-2,19.15,SoilType-5,No,125,No,LandCover-1,RoadClass-0,0,0
156554,1,250,-2.03,0.93,85.45,Wastewater,Others,S,PVC,119.5,Geology-2,15.58,SoilType-9,No,129,No,LandCover-2,RoadClass-1,0,0
162329,1,200,-2.04,-0.72,56.24,Wastewater,Others,S,PVC,126.15,Geology-0,16.39,SoilType-4,No,33,No,LandCover-2,RoadClass-0,0,0
164072,1,315,-2.06,0.67,47.7,Stormwater,Others,S,PVC,144.89,Geology-0,24.61,SoilType-4,No,208,No,LandCover-2,RoadClass-0,0,0
162330,1,315,-2.06,0.56,57.12,Stormwater,Others,S,PVC,126.15,Geology-0,16.39,SoilType-4,No,33,No,LandCover-2,RoadClass-0,0,0
164437,1,315,-2.07,0.71,52.86,Stormwater,Others,S,PVC,143.92,Geology-0,24.85,SoilType-4,No,208,No,LandCover-1,RoadClass-0,0,0
156552,1,315,-2.08,0.93,81.15,Stormwater,Others,S,PVC,119.5,Geology-2,15.58,SoilType-9,No,129,No,LandCover-2,RoadClass-0,0,0
164438,1,200,-2.1,0.7,53.59,Wastewater,Others,S,PVC,143.97,Geology-0,24.85,SoilType-4,No,208,No,LandCover-1,RoadClass-0,0,0
158724,1,200,-2.16,2.82,66.12,Wastewater,Others,S,PVC,141.84,Geology-0,25.5,SoilType-5,No,190,No,LandCover-4,RoadClass-0,0,0
156987,1,200,-2.23,2.73,50.6,Wastewater,Others,S,PVC,119.86,Geology-2,15.58,SoilType-9,No,129,No,LandCover-2,RoadClass-0,0,0
162531,1,200,-2.23,2.9,31.28,Wastewater,Others,S,PVC,132.99,Geology-2,18.99,SoilType-4,No,125,No,LandCover-1,RoadClass-1,0,3
160620,1,500,-2.26,2.32,16.34,Stormwater,Others,S,PPP,131.82,Geology-2,19.12,SoilType-4,No,130,No,LandCover-1,RoadClass-1,0,0
165409,1,200,-2.29,0.62,10.98,Wastewater,Others,S,PVC,144.06,Geology-0,22.8,SoilType-4,No,71,No,LandCover-2,RoadClass-0,0,0
163891,1,200,-2.3,0.66,84.92,Wastewater,Others,S,PVC,145.38,Geology-0,24.35,SoilType-4,No,208,No,LandCover-2,RoadClass-0,0,0
163886,1,315,-2.38,0.35,73.48,Stormwater,Others,S,PVC,145.34,Geology-0,24.4,SoilType-4,No,208,No,LandCover-2,RoadClass-0,0,0
162694,1,250,-2.47,5.2,69.09,Stormwater,Others,S,PVC,132.93,Geology-2,19.16,SoilType-5,No,125,No,LandCover-1,RoadClass-2,0,0
162691,1,315,-2.48,0.4,55.92,Stormwater,Others,S,PVC,126.37,Geology-0,16.44,SoilType-4,No,33,No,LandCover-2,RoadClass-0,0,16
158548,1,250,-2.55,-6.82,5.56,Wastewater,Others,S,PVC,142.61,Geology-0,24.86,SoilType-4,No,190,No,LandCover-1,RoadClass-0,0,0
162695,1,200,-2.56,-5.59,68.61,Wastewater,Others,S,PVC,132.93,Geology-2,19.16,SoilType-5,No,125,No,LandCover-1,RoadClass-2,0,0
158583,1,200,-2.76,4.1,67.19,Wastewater,Others,S,PVC,142.37,Geology-0,25.04,SoilType-4,No,190,No,LandCover-1,RoadClass-0,0,0
158501,1,315,-2.91,-5.06,8.25,Stormwater,Others,S,PVC,142.65,Geology-0,24.86,SoilType-4,No,190,No,LandCover-1,RoadClass-0,0,0
156316,1,300,-3.15,1.25,19.79,Stormwater,Others,S,PPP,146.58,Geology-0,13.12,SoilType-6,No,15,No,LandCover-4,RoadClass-2,0,0
163436,2,315,-1.47,2.55,51.38,Stormwater,Others,S,PPP,144.3,Geology-0,22.71,SoilType-4,No,71,No,LandCover-2,RoadClass-1,0,0
164105,2,200,-1.81,0.39,63.33,Wastewater,Others,S,PVC,144.4,Geology-0,23.03,SoilType-4,No,71,No,LandCover-2,RoadClass-0,0,0
163438,2,200,-1.85,2.63,86.7,Wastewater,Others,S,PVC,144.44,Geology-0,22.68,SoilType-4,No,71,No,LandCover-2,RoadClass-1,0,0
163730,2,315,-1.89,-5.48,43.91,Stormwater,Others,S,PPP,144.67,Geology-0,22.35,SoilType-5,No,71,No,LandCover-2,RoadClass-1,0,0
12353,2,300,-1.93,0.85,63.63,Combined,MUF,S,Others,119.82,Geology-2,15.43,SoilType-3,No,151,No,LandCover-4,RoadClass-0,0,14
154547,2,200,-2.22,4.83,26.89,Combined,Others,S,PVC,104.97,Geology-2,15.46,SoilType-2,No,320,No,LandCover-1,RoadClass-0,0,0
163422,2,200,-2.27,0.57,23.29,Wastewater,Others,S,PVC,144.14,Geology-0,22.87,SoilType-4,No,71,No,LandCover-2,RoadClass-0,0,0
163662,2,315,-2.27,3,46.37,Stormwater,Others,S,PPP,144.62,Geology-0,22.54,SoilType-5,No,71,No,LandCover-2,RoadClass-2,0,0
163423,2,315,-2.8,0.44,84.34,Stormwater,Others,S,PPP,144.34,Geology-0,22.96,SoilType-4,No,71,No,LandCover-2,RoadClass-0,0,0
160169,3,315,-0.7,-2.75,16.62,Stormwater,Others,S,PVC,139.69,Geology-3,5.5,SoilType-6,No,120,No,LandCover-1,RoadClass-0,0,0
142833,3,200,-1.94,-4.14,29.27,Stormwater,Others,S,PVC,134.79,Geology-2,19.63,SoilType-5,No,204,No,LandCover-4,RoadClass-3,0,0
3267,3,160,-3.4,2.36,80.69,Wastewater,Others,S,PPP,143.63,Geology-2,14.47,SoilType-3,No,0,No,LandCover-1,RoadClass-0,0,0
154174,5,200,-0.48,0.77,42.33,Wastewater,Others,S,PVC,148.36,Geology-0,7.5,SoilType-7,No,0,No,LandCover-5,RoadClass-0,0,0
153958,5,200,-0.5,0.55,38.21,Wastewater,Others,S,PVC,148.28,Geology-0,7.81,SoilType-7,No,0,No,LandCover-5,RoadClass-0,0,0
150842,5,160,-0.53,10.6,18.12,Stormwater,Others,S,PVC,102.59,Geology-2,15.44,SoilType-3,No,84,No,LandCover-4,RoadClass-1,0,0
153837,5,200,-0.96,0.75,55.5,Wastewater,Others,S,PVC,148.09,Geology-0,8.89,SoilType-7,No,0,No,LandCover-4,RoadClass-0,0,0
153838,5,200,-1.1,1.32,30.55,Wastewater,Others,S,PVC,148.44,Geology-0,7.33,SoilType-3,No,0,No,LandCover-2,RoadClass-0,0,0
158844,5,200,-1.49,-0.72,3.14,Wastewater,Others,S,PVC,122.48,Geology-2,15.64,SoilType-6,No,111,No,LandCover-4,RoadClass-0,0,0
153957,5,200,-1.88,0.46,48.66,Wastewater,Others,S,PVC,148.17,Geology-0,8.22,SoilType-7,No,0,No,LandCover-2,RoadClass-0,0,0
138894,5,160,-1.97,3.08,43.17,Wastewater,MUF,S,PVC,136.95,Geology-2,23.36,SoilType-2,No,242,No,LandCover-1,RoadClass-0,0,0
138888,5,160,-2.22,2.24,24.36,Wastewater,MUF,S,PVC,137.03,Geology-2,23.56,SoilType-4,No,231,No,LandCover-2,RoadClass-0,0,0
133863,5,225,-2.22,0.13,40.89,Combined,MUF,S,BET,124.36,Geology-2,16.2,SoilType-4,No,180,No,LandCover-2,RoadClass-1,0,103
150841,5,200,-2.85,6.35,15.66,Stormwater,Others,S,PVC,102.61,Geology-2,15.44,SoilType-3,No,84,No,LandCover-4,RoadClass-0,0,0
149287,6,160,-1.41,2.25,1.1,Combined,Others,S,PVC,118.84,Geology-2,15.57,SoilType-9,No,230,No,LandCover-2,RoadClass-3,0,0
137248,6,200,-1.82,0.76,39.78,Stormwater,Others,S,PVC,118,Geology-2,68.23,SoilType-3,No,77,No,LandCover-2,RoadClass-0,0,0
130406,6,315,-1.87,0.99,25.35,Wastewater,Others,S,PVC,145.74,Geology-0,13.79,SoilType-9,No,87,No,LandCover-2,RoadClass-1,0,0
161406,6,315,-2.27,0.27,24.42,Wastewater,Others,S,PVC,122.45,Geology-0,15.76,SoilType-4,No,11,No,LandCover-2,RoadClass-0,6690,1800
145407,6,630,-2.28,-0.14,51.9,Stormwater,Others,S,PPP,122.45,Geology-2,15.78,SoilType-2,No,11,No,LandCover-1,RoadClass-3,0,0
67464,6,315,-2.38,1.08,18.01,Wastewater,Others,S,PVC,145.7,Geology-0,13.83,SoilType-9,No,87,No,LandCover-1,RoadClass-1,0,0
151457,7,250,-1.27,0.94,94.3,Combined,Others,S,PVC,105.97,Geology-2,15.47,SoilType-0,No,542,No,LandCover-2,RoadClass-0,0,0
3285,8,160,-0.01,0.5,12.31,Wastewater,Others,S,PVC,144.12,Geology-2,13.62,SoilType-3,No,0,No,LandCover-1,RoadClass-0,0,0
171148,8,160,-1.05,1.32,91.2,Wastewater,Others,S,PVC,144.07,Geology-2,13.8,SoilType-3,No,0,No,LandCover-1,RoadClass-0,0,0
171149,8,300,-1.07,1.32,94.03,Stormwater,Others,S,PPP,144.07,Geology-2,13.8,SoilType-3,No,0,No,LandCover-1,RoadClass-0,0,0
3272,8,400,-1.44,0.1,52.28,Stormwater,Others,S,PPP,143.72,Geology-2,14.86,SoilType-3,No,0,No,LandCover-1,RoadClass-4,0,0
3288,8,160,-1.62,-0.1,62.84,Wastewater,Others,S,PVC,143.8,Geology-2,14.56,SoilType-3,No,0,No,LandCover-1,RoadClass-3,0,0
3273,8,400,-1.63,1.11,43.74,Stormwater,Others,S,PPP,143.65,Geology-2,15,SoilType-3,No,0,No,LandCover-1,RoadClass-4,0,0
3290,8,160,-1.67,0.17,44.19,Wastewater,Others,S,PVC,143.66,Geology-2,15,SoilType-3,No,0,No,LandCover-1,RoadClass-4,0,0
127421,8,400,-1.71,-0.52,14.3,Stormwater,MUF,S,BET,145.5,Geology-0,13.55,SoilType-9,No,59,No,LandCover-1,RoadClass-0,0,0
3271,8,400,-1.84,-0.09,68.07,Stormwater,Others,S,PPP,143.81,Geology-2,14.56,SoilType-3,No,0,No,LandCover-1,RoadClass-3,0,0
144154,8,200,-1.9,2.95,49.59,Stormwater,Others,S,PVC,148.96,Geology-0,14.97,SoilType-5,No,197,No,LandCover-1,RoadClass-0,0,0
129158,8,250,-2.24,-1.27,53.26,Wastewater,Others,S,PVC,145.81,Geology-0,13.75,SoilType-9,No,87,No,LandCover-4,RoadClass-1,0,0
3283,8,300,-2.6,0.35,62.97,Stormwater,Others,S,PPP,143.9,Geology-2,14.35,SoilType-3,No,0,No,LandCover-1,RoadClass-0,0,0
144390,8,200,-2.74,-3.51,33.94,Stormwater,Others,S,PVC,149.05,Geology-0,14.39,SoilType-5,No,197,No,LandCover-4,RoadClass-0,0,0
115330,9,250,-0.73,7.69,47.05,Combined,Others,S,PVC,144.58,Geology-0,14.82,SoilType-9,No,133,No,LandCover-1,RoadClass-0,0,0
106619,9,250,-0.86,-0.39,29.31,Combined,Others,S,PVC,124.33,Geology-2,16.21,SoilType-9,No,180,No,LandCover-2,RoadClass-1,0,61
130324,9,315,-1.02,5.69,16.55,Stormwater,Others,S,PPP,140.39,Geology-3,5.43,SoilType-6,No,120,No,LandCover-2,RoadClass-0,0,0
115471,9,250,-1.14,4.4,5.83,Combined,Others,S,PVC,144.58,Geology-0,14.87,SoilType-9,No,133,No,LandCover-4,RoadClass-0,0,0
145175,9,200,-1.32,1.86,32.47,Combined,Others,S,PVC,106.79,Geology-2,15.49,SoilType-2,No,216,No,LandCover-1,RoadClass-0,0,0
115472,9,250,-1.44,2.58,43.55,Combined,Others,S,PVC,144.57,Geology-0,14.94,SoilType-9,No,133,No,LandCover-1,RoadClass-0,0,0
127416,9,315,-1.51,3.54,3.58,Combined,Others,S,PVC,145.49,Geology-0,13.55,SoilType-9,No,59,No,LandCover-1,RoadClass-0,0,0
144237,9,250,-1.64,0.64,16.69,Combined,MUF,S,PVC,122.43,Geology-2,15.61,SoilType-9,No,109,No,LandCover-4,RoadClass-3,0,0
103562,9,250,-1.91,0.69,60.28,Combined,Others,S,PVC,124.38,Geology-0,16.19,SoilType-4,No,11,No,LandCover-4,RoadClass-2,0,0
128741,9,160,-2.03,4.57,17.48,Wastewater,Others,S,PVC,123.67,Geology-2,18.18,SoilType-9,No,135,No,LandCover-2,RoadClass-1,0,0
123588,9,250,-2.16,3.54,93.3,Combined,Others,S,Others,145.62,Geology-0,13.17,SoilType-9,No,59,No,LandCover-1,RoadClass-0,0,0
153020,9,225,-2.23,0.86,38.88,Combined,Others,S,BET,124.35,Geology-2,16.2,SoilType-4,No,180,No,LandCover-1,RoadClass-1,0,212
127427,9,250,-2.27,1.05,47.07,Combined,Others,S,PVC,145.54,Geology-0,13.44,SoilType-9,No,59,No,LandCover-1,RoadClass-0,0,0
131477,9,315,-4.33,2.23,13.1,Stormwater,Others,S,PVC,122.65,Geology-2,17.8,SoilType-9,No,111,No,LandCover-2,RoadClass-0,0,0
144238,9,250,-4.35,0.24,74.11,Combined,MUF,S,PVC,122.45,Geology-2,15.62,SoilType-9,No,109,No,LandCover-2,RoadClass-3,0,0
130162,10,150,-1.07,-0.67,96.16,Wastewater,Others,S,PVC,143.26,Geology-0,14.76,SoilType-7,No,73,No,LandCover-4,RoadClass-3,0,49
24467,10,315,-1.38,6.59,18.66,Combined,MUF,S,PVC,117.37,Geology-2,15.57,SoilType-9,No,230,No,LandCover-1,RoadClass-3,0,37
100827,10,125,-1.71,0.82,18.84,Combined,Others,S,PVC,131.17,Geology-2,19.41,SoilType-6,No,93,No,LandCover-1,RoadClass-1,0,0
112096,10,200,-1.81,-0.03,25.36,Combined,Others,S,PVC,140.63,Geology-0,24.76,SoilType-4,No,167,No,LandCover-4,RoadClass-2,0,84
112189,11,160,-1.84,5.26,32.34,Wastewater,Others,S,PVC,150.64,Geology-0,11.51,SoilType-9,No,26,No,LandCover-4,RoadClass-0,0,0
156792,11,160,-3.92,-0.15,17.59,Stormwater,Others,S,PVC,115.6,Geology-2,15.6,SoilType-5,No,157,No,LandCover-1,RoadClass-3,0,0
149181,12,160,-0.98,1.38,32.44,Wastewater,Others,S,PVC,124.85,Geology-0,16.25,SoilType-4,No,180,No,LandCover-1,RoadClass-0,0,0
134191,12,200,-1.07,0.25,51.67,Wastewater,Others,S,PVC,110.3,Geology-2,15.53,SoilType-2,No,342,No,LandCover-1,RoadClass-0,0,0
133438,12,200,-1.32,1.99,51.45,Wastewater,Others,S,PVC,109.67,Geology-2,15.53,SoilType-2,No,342,No,LandCover-1,RoadClass-0,0,0
149184,12,160,-1.96,0.67,33.14,Wastewater,Others,S,PVC,124.88,Geology-0,16.25,SoilType-4,No,180,No,LandCover-1,RoadClass-0,0,0
133488,12,200,-1.99,1.01,49.03,Wastewater,Others,S,PVC,109.99,Geology-2,15.53,SoilType-2,No,342,No,LandCover-1,RoadClass-0,0,0
133016,13,200,-0.91,1.46,51.97,Wastewater,Others,S,PVC,109.38,Geology-2,15.53,SoilType-2,No,139,No,LandCover-4,RoadClass-1,0,43
131501,13,250,-1.06,4.78,14.58,Combined,Others,S,PVC,109.34,Geology-2,15.52,SoilType-0,No,102,No,LandCover-1,RoadClass-0,0,47
106691,13,315,-1.08,9.8,79.33,Combined,Others,S,PVC,105.98,Geology-2,15.48,SoilType-2,No,376,No,LandCover-1,RoadClass-0,0,39
133030,13,160,-1.25,1.21,33.74,Wastewater,Others,S,PVC,108.9,Geology-2,15.52,SoilType-2,No,139,No,LandCover-1,RoadClass-0,0,0
78495,13,400,-1.64,0.14,54.44,Combined,Others,S,PVC,139.84,Geology-2,24.1,SoilType-4,No,180,No,LandCover-4,RoadClass-0,0,0
131472,13,250,-2.41,3.9,27.72,Combined,Others,S,PVC,109.21,Geology-2,15.51,SoilType-0,No,225,No,LandCover-2,RoadClass-2,0,0
156672,13,160,-2.52,3.79,10.63,Wastewater,Others,S,PVC,115.72,Geology-2,15.61,SoilType-5,No,157,No,LandCover-1,RoadClass-0,0,0
88550,13,250,-2.76,6.33,46.89,Combined,Others,S,PVC,109.02,Geology-2,15.51,SoilType-0,No,225,No,LandCover-2,RoadClass-4,0,0
133015,13,160,-3.73,15.18,22.71,Wastewater,Others,S,PVC,115.82,Geology-2,15.61,SoilType-5,No,157,No,LandCover-1,RoadClass-2,0,0
156674,13,160,-4.11,-1.17,18.17,Wastewater,Others,S,PVC,115.57,Geology-2,15.6,SoilType-5,No,157,No,LandCover-1,RoadClass-3,0,0
53504,14,1000,-2.1,2.79,11.18,Stormwater,MUF,S,BET,141.4,Geology-2,11.59,SoilType-5,No,71,No,LandCover-4,RoadClass-1,0,0
80940,14,200,-2.48,-1.31,16.66,Wastewater,Others,S,PVC,131.99,Geology-0,25.63,SoilType-5,No,0,No,LandCover-2,RoadClass-2,0,81
13796,15,110,-0.2,11.82,19.18,Combined,Others,S,PVC,97.87,Geology-2,15.44,SoilType-2,Yes,523,No,LandCover-1,RoadClass-0,0,0
14006,15,200,-1.07,1.73,46.61,Combined,Others,S,PVC,103.36,Geology-2,15.45,SoilType-2,No,320,No,LandCover-1,RoadClass-0,0,0
129898,15,200,-1.12,3.93,3.95,Wastewater,Others,S,PVC,129.36,Geology-0,19.41,SoilType-5,No,20,No,LandCover-1,RoadClass-2,0,0
129850,15,200,-1.43,2.43,46.58,Wastewater,Others,S,PVC,129.3,Geology-0,19.39,SoilType-5,No,20,No,LandCover-1,RoadClass-0,12260,7
74938,15,200,-1.65,0.17,61.97,Stormwater,Others,S,PVC,129.15,Geology-2,16.69,SoilType-9,No,191,No,LandCover-4,RoadClass-1,8700,0
14008,15,250,-2.17,3.79,61.55,Combined,Others,S,PVC,103.99,Geology-2,15.45,SoilType-2,No,320,No,LandCover-1,RoadClass-0,0,5
9492,16,200,-0.72,7.69,35.84,Combined,Others,S,PVC,108.39,Geology-2,15.42,SoilType-2,No,182,No,LandCover-1,RoadClass-0,0,0
79846,16,250,-0.98,-8.23,10.98,Combined,Others,S,PVC,104.29,Geology-2,15.45,SoilType-2,No,320,No,LandCover-1,RoadClass-0,0,0
80763,16,250,-1.01,0.97,67.6,Stormwater,Others,S,PVC,131.93,Geology-2,23.19,SoilType-5,No,6,No,LandCover-1,RoadClass-1,0,0
160267,16,250,-1.19,0.29,27.22,Stormwater,Others,S,BET,139.87,Geology-3,6,SoilType-6,No,81,No,LandCover-1,RoadClass-0,6900,37
86021,16,315,-1.44,2.34,14.6,Stormwater,Others,S,BET,115.9,Geology-2,15.59,SoilType-9,No,174,No,LandCover-2,RoadClass-3,0,0
94297,16,200,-1.58,-1.83,18.29,Stormwater,Others,S,PPP,105.2,Geology-2,15.46,SoilType-2,No,320,No,LandCover-2,RoadClass-0,0,11
86016,16,315,-1.66,4.08,141.15,Stormwater,Others,S,PVC,116.15,Geology-2,15.59,SoilType-9,No,174,No,LandCover-2,RoadClass-1,0,0
161847,16,225,-1.66,-0.12,10.09,Combined,Others,S,Others,123.81,Geology-2,15.48,SoilType-3,No,195,No,LandCover-1,RoadClass-1,0,0
81365,16,250,-1.9,2.9,30.3,Stormwater,Others,S,PVC,131.87,Geology-2,23.35,SoilType-5,No,6,No,LandCover-2,RoadClass-0,0,0
162156,16,500,-1.91,1.27,35.25,Stormwater,Others,Others,BET,115.76,Geology-2,15.59,SoilType-9,No,174,No,LandCover-2,RoadClass-3,0,0
12746,16,225,-1.92,2.56,44.22,Combined,MUF,S,Others,123.97,Geology-2,15.48,SoilType-3,No,195,No,LandCover-1,RoadClass-1,0,5
53984,16,300,-1.99,-3.24,5.92,Stormwater,MUF,S,BET,140.01,Geology-3,6.51,SoilType-6,No,81,No,LandCover-2,RoadClass-1,0,113
79844,16,250,-2.12,-3.14,8.36,Combined,Others,S,PVC,104.07,Geology-2,15.46,SoilType-2,No,320,No,LandCover-1,RoadClass-1,0,0
66250,17,200,-0.78,2.56,42.08,Wastewater,MUF,S,BET,131.99,Geology-0,25.14,SoilType-5,No,3,No,LandCover-2,RoadClass-2,0,5
64954,17,160,-1.2,-0.25,32.9,Wastewater,Others,S,PVC,132.96,Geology-2,21.52,SoilType-5,No,101,No,LandCover-1,RoadClass-4,0,9
76646,17,200,-1.45,2.39,14.24,Wastewater,Others,S,PVC,138.46,Geology-0,25.93,SoilType-5,No,167,No,LandCover-1,RoadClass-0,0,0
64955,17,250,-1.73,0.78,87.78,Stormwater,MUF,S,BET,132.97,Geology-2,21.62,SoilType-4,No,101,No,LandCover-1,RoadClass-4,0,50
152805,17,160,-2.01,1.38,55.02,Wastewater,Others,S,PVC,132.99,Geology-2,21.72,SoilType-4,No,101,No,LandCover-1,RoadClass-3,0,2
76651,17,200,-2.39,2.81,55.14,Wastewater,Others,S,PVC,138.24,Geology-0,26.21,SoilType-5,No,167,No,LandCover-2,RoadClass-0,0,2
88467,18,225,-1.08,0.34,33.14,Combined,Others,S,PVC,108.51,Geology-2,15.51,SoilType-0,No,225,No,LandCover-2,RoadClass-1,0,0
20167,18,200,-1.78,0.14,18.67,Combined,Others,S,PVC,123.43,Geology-2,18.06,SoilType-9,No,93,No,LandCover-2,RoadClass-1,0,11
100870,18,400,-2.26,2.37,60.43,Combined,Others,S,PVC,138.73,Geology-2,13.91,SoilType-8,No,90,No,LandCover-4,RoadClass-3,0,0
161296,18,315,-2.71,-3,28.17,Combined,Others,S,PVC,122.44,Geology-0,15.76,SoilType-4,No,11,No,LandCover-2,RoadClass-2,0,0
88229,19,250,-0.98,3.35,29.92,Combined,Others,S,PVC,108.85,Geology-2,15.51,SoilType-0,No,225,No,LandCover-2,RoadClass-3,0,0
52184,19,200,-1.1,1.26,21.62,Stormwater,MUF,S,BET,142.67,Geology-0,14.71,SoilType-9,No,116,No,LandCover-4,RoadClass-3,0,0
72703,19,250,-1.16,8.69,4.43,Combined,Others,S,PVC,104.31,Geology-2,15.45,SoilType-2,No,320,No,LandCover-1,RoadClass-0,0,0
159708,19,160,-1.34,1.64,8,Combined,Others,S,PVC,104.75,Geology-2,15.47,SoilType-2,No,85,No,LandCover-1,RoadClass-0,0,68
73524,19,160,-1.47,-9.57,0.96,Combined,Others,S,PVC,104.71,Geology-2,15.47,SoilType-2,No,85,No,LandCover-1,RoadClass-0,0,68
61067,19,160,-1.98,0.26,8.39,Wastewater,Others,S,PVC,128.72,Geology-2,19.3,SoilType-5,No,20,No,LandCover-1,RoadClass-3,0,15
52196,19,150,-2.08,2.87,27.66,Combined,MUF,S,BET,142.49,Geology-0,14.65,SoilType-9,No,116,No,LandCover-2,RoadClass-1,0,50
6245,19,800,-2.14,-2.12,18,Stormwater,MUF,Others,BET,122.45,Geology-0,15.76,SoilType-4,No,11,No,LandCover-2,RoadClass-1,6690,7
6244,19,800,-2.39,-1.05,8.61,Stormwater,MUF,Others,BET,122.45,Geology-0,15.76,SoilType-4,No,11,No,LandCover-4,RoadClass-1,6690,145
52195,19,225,-2.52,0.85,5.99,Combined,MUF,S,BET,142.52,Geology-0,14.66,SoilType-9,No,116,No,LandCover-2,RoadClass-2,0,321
72808,19,200,-3.17,7.24,25.82,Combined,Others,S,PVC,104.94,Geology-2,15.46,SoilType-2,No,320,No,LandCover-2,RoadClass-0,0,123
52180,19,200,-3.35,1.68,16.17,Wastewater,Others,S,PVC,142.63,Geology-0,14.69,SoilType-9,No,116,No,LandCover-4,RoadClass-2,0,0
52181,19,200,-3.37,0.6,16.02,Stormwater,Others,S,PVC,142.63,Geology-0,14.69,SoilType-9,No,116,No,LandCover-4,RoadClass-2,0,200
52178,19,200,-3.66,1.24,59.3,Wastewater,Others,S,PVC,142.58,Geology-0,14.66,SoilType-9,No,116,No,LandCover-1,RoadClass-0,0,0
52179,19,200,-3.71,1.29,58.47,Stormwater,MUF,S,BET,142.59,Geology-0,14.67,SoilType-9,No,116,No,LandCover-2,RoadClass-0,0,23
27762,20,200,-0.85,3.72,31.42,Wastewater,Others,S,PVC,112.86,Geology-2,15.54,SoilType-0,No,330,No,LandCover-1,RoadClass-0,0,26
27763,20,200,-0.94,2.42,26.07,Wastewater,Others,S,PVC,112.8,Geology-2,15.54,SoilType-0,No,330,No,LandCover-1,RoadClass-0,0,8
73950,20,200,-0.97,0.98,20.06,Combined,Others,S,PVC,106.15,Geology-2,15.48,SoilType-2,No,542,No,LandCover-1,RoadClass-0,0,0
80331,20,200,-1.12,2.68,62.61,Wastewater,Others,S,PVC,112.27,Geology-2,15.54,SoilType-0,No,330,No,LandCover-2,RoadClass-0,0,13
79988,20,200,-1.18,1.99,39.05,Wastewater,Others,S,PVC,112.63,Geology-2,15.54,SoilType-0,No,330,No,LandCover-1,RoadClass-0,0,0
80473,20,200,-1.34,1.51,27.27,Wastewater,Others,S,PVC,111.97,Geology-2,15.53,SoilType-0,No,330,No,LandCover-1,RoadClass-0,0,29
73949,20,200,-1.52,6.18,31.65,Combined,Others,S,PVC,106.15,Geology-2,15.48,SoilType-2,No,542,No,LandCover-1,RoadClass-0,0,0
81276,20,200,-1.83,4.05,20.3,Wastewater,Others,S,PVC,111.49,Geology-2,15.53,SoilType-0,No,330,No,LandCover-1,RoadClass-0,0,0
88942,20,200,-2.38,4.95,69.8,Stormwater,Others,S,PVC,123.46,Geology-2,17.94,SoilType-9,No,9,No,LandCover-2,RoadClass-4,0,0
80919,20,200,-2.63,3.03,6.86,Wastewater,Others,S,PVC,111.57,Geology-2,15.53,SoilType-0,No,330,No,LandCover-1,RoadClass-0,0,0
56648,21,200,-0.81,2.82,56.87,Stormwater,MUF,S,BET,137,Geology-2,24.66,SoilType-5,No,231,No,LandCover-1,RoadClass-3,0,4
52895,21,315,-0.9,3.3,35.42,Wastewater,Others,S,PVC,141.84,Geology-0,14.48,SoilType-9,No,104,No,LandCover-2,RoadClass-2,0,0
52894,21,315,-1.18,2.25,62.48,Wastewater,Others,S,PVC,141.95,Geology-0,14.62,SoilType-6,No,104,No,LandCover-2,RoadClass-0,0,0
56646,21,200,-1.2,4.58,58.12,Stormwater,MUF,S,BET,137.35,Geology-2,24.15,SoilType-5,No,231,No,LandCover-1,RoadClass-0,0,10
62426,21,500,-1.63,0.82,33.98,Combined,Others,S,PVC,132.91,Geology-2,18.41,SoilType-9,No,16,No,LandCover-4,RoadClass-2,0,8
56636,21,200,-1.72,3.56,93.23,Stormwater,MUF,S,BET,137.77,Geology-2,23.47,SoilType-4,No,231,No,LandCover-4,RoadClass-0,0,34
162902,21,150,-1.81,0.58,27.95,Wastewater,Others,S,BET,135.79,Geology-2,17.96,SoilType-5,No,149,No,LandCover-2,RoadClass-2,0,4
155589,21,200,-2.24,0.65,11.31,Stormwater,MUF,S,BET,136.82,Geology-2,25.03,SoilType-5,No,231,No,LandCover-1,RoadClass-3,0,0
9772,21,200,-2.52,10.91,32.26,Combined,Others,S,PVC,98.86,Geology-2,15.48,SoilType-2,No,168,No,LandCover-1,RoadClass-0,10950,0
65596,22,225,-0.69,1.41,60.67,Combined,MUF,S,BET,135.83,Geology-2,15.63,SoilType-5,No,251,No,LandCover-4,RoadClass-0,6800,139
85663,22,250,-0.81,6.58,8.66,Wastewater,Others,S,PVC,109.45,Geology-2,15.52,SoilType-2,No,139,No,LandCover-1,RoadClass-0,9680,0
85146,22,250,-0.99,4.39,50.95,Wastewater,Others,S,PVC,109.02,Geology-2,15.52,SoilType-2,No,139,No,LandCover-1,RoadClass-0,9680,4
85764,22,315,-1.28,0.38,85.79,Wastewater,Others,S,PVC,110.96,Geology-2,15.53,SoilType-2,No,342,No,LandCover-1,RoadClass-0,9680,0
84442,22,200,-1.4,0.66,61.17,Combined,Others,S,PVC,106.05,Geology-2,15.49,SoilType-2,No,376,No,LandCover-1,RoadClass-0,0,0
84541,22,250,-1.43,7.84,1.27,Stormwater,Others,S,PVC,106.14,Geology-2,15.49,SoilType-2,No,376,No,LandCover-1,RoadClass-0,0,0
85150,22,315,-1.52,1.24,13.73,Stormwater,Others,S,PVC,108.91,Geology-2,15.52,SoilType-2,No,139,No,LandCover-1,RoadClass-0,9680,0
41066,22,250,-1.55,-2.13,20.08,Combined,Others,S,PVC,109.46,Geology-2,15.52,SoilType-0,No,342,No,LandCover-1,RoadClass-0,0,0
85541,22,250,-1.73,4.63,48.21,Wastewater,Others,S,PVC,109.31,Geology-2,15.52,SoilType-2,No,139,No,LandCover-1,RoadClass-0,9680,0
169350,22,315,-1.84,10.29,27.23,Stormwater,Others,S,PVC,109.49,Geology-2,15.53,SoilType-2,No,139,No,LandCover-1,RoadClass-0,0,0
65750,23,225,-0.36,0.22,56.79,Combined,MUF,S,BET,135.38,Geology-2,16.18,SoilType-5,No,195,No,LandCover-1,RoadClass-0,6800,145
65746,23,225,-0.59,1.06,54.17,Combined,MUF,S,BET,135.72,Geology-2,15.72,SoilType-5,No,195,No,LandCover-1,RoadClass-0,6800,100
65749,23,225,-0.7,0.34,51.01,Combined,MUF,S,BET,135.51,Geology-2,15.95,SoilType-5,No,195,No,LandCover-4,RoadClass-0,6800,130
59120,23,160,-0.96,0.65,45.97,Wastewater,Others,S,PVC,125.61,Geology-2,16.2,SoilType-5,No,138,No,LandCover-1,RoadClass-0,0,0
159375,23,160,-1,2.78,67.79,Wastewater,Others,Others,PVC,137.39,Geology-0,26.63,SoilType-5,No,207,No,LandCover-4,RoadClass-0,0,571
82990,23,160,-1,0.65,22.29,Wastewater,Others,S,PVC,125.56,Geology-2,16.19,SoilType-6,No,181,No,LandCover-4,RoadClass-0,0,0
71139,23,200,-1.27,5.61,53.91,Combined,Others,S,PVC,110.64,Geology-2,15.53,SoilType-2,No,342,No,LandCover-1,RoadClass-0,0,0
64431,23,200,-1.33,2.59,34.44,Wastewater,MUF,S,BET,132.92,Geology-2,22.96,SoilType-5,No,17,No,LandCover-2,RoadClass-0,0,44
83647,23,315,-1.69,0.06,20.87,Combined,Others,S,PVC,106.5,Geology-2,15.51,SoilType-2,No,376,No,LandCover-1,RoadClass-0,13550,0
162838,23,300,-1.69,1.88,16.52,Stormwater,Others,S,BET,142.73,Geology-1,15.37,SoilType-5,No,92,No,LandCover-1,RoadClass-0,0,73
64428,23,200,-1.95,0.54,37.87,Wastewater,MUF,S,BET,132.88,Geology-2,22.92,SoilType-5,No,17,No,LandCover-2,RoadClass-0,0,0
78665,23,315,-2.08,-1,165.95,Wastewater,Others,S,PVC,135.93,Geology-2,15.56,SoilType-5,No,251,No,LandCover-2,RoadClass-0,6800,0
129820,23,200,-3.44,1.6,58.29,Wastewater,Others,S,PVC,122.44,Geology-0,15.72,SoilType-4,No,11,No,LandCover-1,RoadClass-4,0,0
74002,24,315,-0.3,0.67,112.17,Combined,Others,S,PVC,142.34,Geology-0,14.99,SoilType-9,No,65,No,LandCover-2,RoadClass-3,0,5
75739,24,200,-1.11,0.48,64.41,Stormwater,Others,S,PVC,105.31,Geology-2,15.43,SoilType-2,No,320,No,LandCover-2,RoadClass-0,0,0
65604,24,200,-1.16,4.04,20.95,Combined,MUF,S,BET,135.97,Geology-2,15.69,SoilType-5,No,251,No,LandCover-1,RoadClass-2,0,158
65616,24,200,-1.16,6.66,19.9,Combined,MUF,S,BET,135.67,Geology-2,16.48,SoilType-5,No,251,No,LandCover-4,RoadClass-3,0,32
65611,24,200,-1.59,32.28,9.55,Combined,MUF,S,BET,135.83,Geology-2,16.12,SoilType-5,No,251,No,LandCover-4,RoadClass-3,0,178
156520,24,315,-2.3,0,11.08,Combined,Others,S,PVC,142.21,Geology-0,14.84,SoilType-9,No,239,No,LandCover-4,RoadClass-1,0,0
38445,24,200,-2.48,0.23,38.28,Combined,Others,S,PVC,111.73,Geology-2,15.54,SoilType-0,No,330,No,LandCover-1,RoadClass-0,0,0
65614,24,200,-4.44,11.15,45.17,Combined,MUF,S,BET,135.76,Geology-2,16.21,SoilType-5,No,251,No,LandCover-4,RoadClass-3,0,9
47616,25,200,-0.93,5.33,37.57,Combined,MUF,S,PVC,106.34,Geology-2,15.48,SoilType-2,No,216,No,LandCover-1,RoadClass-0,0,5
45943,25,200,-0.96,1.95,53.16,Combined,Others,S,PVC,107.7,Geology-2,15.5,SoilType-2,No,382,No,LandCover-1,RoadClass-0,0,0
71456,25,250,-1.28,0.76,30.1,Combined,Others,S,PVC,122.43,Geology-2,15.68,SoilType-9,No,14,No,LandCover-4,RoadClass-0,0,0
74380,25,500,-1.32,0.31,43.26,Combined,Others,S,PVC,105.43,Geology-2,15.42,SoilType-2,No,356,No,LandCover-1,RoadClass-0,0,16
74378,25,500,-1.41,0.6,62.3,Combined,Others,S,PVC,105.33,Geology-2,15.43,SoilType-2,No,320,No,LandCover-1,RoadClass-0,0,0
74383,25,500,-1.51,-0.29,54.12,Combined,Others,S,PVC,105.53,Geology-2,15.41,SoilType-2,No,356,No,LandCover-1,RoadClass-0,0,104
74381,25,500,-1.84,0.06,29.81,Combined,Others,S,PVC,105.47,Geology-2,15.42,SoilType-2,No,356,No,LandCover-1,RoadClass-0,0,0
152465,25,200,-1.87,-2.48,61.73,Stormwater,Others,S,BET,131.55,Geology-2,24.43,SoilType-5,No,11,No,LandCover-2,RoadClass-1,0,5
14794,25,200,-2.18,3.66,75.48,Stormwater,MUF,S,BET,123.49,Geology-2,18.09,SoilType-9,No,135,No,LandCover-4,RoadClass-0,0,25
171364,25,400,-2.74,-0.41,12.09,Stormwater,Others,S,PVC,123.44,Geology-2,18.06,SoilType-9,No,9,No,LandCover-2,RoadClass-0,0,0
52905,26,300,-1.31,-1.13,49.1,Combined,MUF,S,BET,142.64,Geology-0,15.27,SoilType-9,No,65,No,LandCover-2,RoadClass-0,0,0
13802,26,200,-1.45,3.52,7.72,Combined,Others,S,PVC,97.44,Geology-2,15.46,SoilType-2,No,523,No,LandCover-1,RoadClass-1,0,0
163472,26,315,-1.5,2.09,52.12,Combined,MUF,S,PVC,142.54,Geology-0,15.16,SoilType-9,No,65,No,LandCover-2,RoadClass-2,0,0
73225,26,250,-1.53,0.83,29.66,Combined,Others,S,PVC,105.99,Geology-2,15.49,SoilType-2,No,376,No,LandCover-2,RoadClass-0,0,0
73226,26,250,-1.7,0.82,33.24,Combined,Others,S,PVC,106,Geology-2,15.49,SoilType-2,No,376,No,LandCover-1,RoadClass-0,0,0
54399,26,250,-1.77,2.35,48.81,Wastewater,Others,S,PVC,138.81,Geology-2,12.45,SoilType-8,No,90,No,LandCover-1,RoadClass-1,0,0
134714,26,110,-2.31,7.5,41.26,Wastewater,Others,S,PVC,140.63,Geology-0,24.93,SoilType-5,No,167,No,LandCover-2,RoadClass-3,0,44
70196,28,200,-0.44,5.66,63.33,Stormwater,IM,S,BET,150.58,Geology-0,11.57,SoilType-9,No,26,No,LandCover-2,RoadClass-1,0,9
57602,28,315,-0.72,0.1,59.6,Wastewater,Others,S,PVC,147.29,Geology-0,22.98,SoilType-9,No,94,No,LandCover-1,RoadClass-4,0,0
57614,28,315,-0.83,-0.02,57.92,Wastewater,Others,S,PVC,146.95,Geology-2,22.52,SoilType-9,No,0,No,LandCover-4,RoadClass-3,0,0
1140,28,400,-1.09,4.15,49.39,Stormwater,MUF,S,BET,123.03,Geology-2,16.01,SoilType-9,No,175,No,LandCover-4,RoadClass-0,0,14
66213,28,315,-1.15,1.15,26.76,Wastewater,Others,S,PVC,131.01,Geology-2,26.24,SoilType-5,No,0,No,LandCover-1,RoadClass-3,0,0
67767,28,200,-1.15,-6.88,13.34,Combined,IM,S,PVC,144.28,Geology-0,16.61,SoilType-6,No,90,No,LandCover-2,RoadClass-0,0,0
57498,28,315,-1.61,0.42,52.17,Wastewater,Others,S,PVC,146.9,Geology-2,22.25,SoilType-9,No,0,No,LandCover-4,RoadClass-4,0,0
67774,28,200,-1.66,5.96,39.8,Wastewater,IM,S,PVC,144.33,Geology-0,16.78,SoilType-6,Yes,90,No,LandCover-2,RoadClass-4,0,0
53898,28,200,-1.74,7.32,21.98,Wastewater,Others,S,PVC,139.9,Geology-3,5.81,SoilType-6,No,120,No,LandCover-2,RoadClass-3,0,9
27743,28,200,-1.92,6.07,18.78,Wastewater,Others,S,PVC,112.7,Geology-2,15.55,SoilType-2,No,330,No,LandCover-1,RoadClass-0,0,16
156149,28,160,-2.07,-3.89,16.5,Stormwater,Others,Others,PVC,122.39,Geology-2,15.73,SoilType-9,No,54,No,LandCover-4,RoadClass-2,0,0
57604,28,315,-2.07,-0.13,33.77,Wastewater,Others,S,PVC,147.35,Geology-0,22.77,SoilType-9,No,94,No,LandCover-2,RoadClass-4,0,0
70189,28,150,-2.52,1.43,49.42,Wastewater,IM,S,BET,150.44,Geology-0,11.73,SoilType-4,No,11,No,LandCover-1,RoadClass-3,0,6
57500,28,315,-2.57,0.23,38.41,Wastewater,Others,S,PVC,146.79,Geology-2,22.02,SoilType-9,No,0,No,LandCover-4,RoadClass-4,0,0
156105,28,160,-2.75,4.34,59.96,Stormwater,Others,Others,PVC,122.39,Geology-2,15.73,SoilType-9,No,54,No,LandCover-4,RoadClass-1,0,2
70186,28,200,-2.99,1.9,49.87,Stormwater,IM,S,BET,150.44,Geology-0,11.73,SoilType-4,No,11,No,LandCover-1,RoadClass-3,0,23
162025,28,200,-4.75,2.33,33.59,Wastewater,Others,S,PVC,139.84,Geology-3,5.74,SoilType-6,No,120,No,LandCover-2,RoadClass-2,0,3
57510,29,315,-0.07,0.2,54.84,Wastewater,Others,S,PVC,143.77,Geology-2,20.76,SoilType-4,No,19,No,LandCover-4,RoadClass-4,0,0
138686,29,315,-0.26,0.07,29.72,Wastewater,Others,S,PVC,140.91,Geology-2,19.62,SoilType-5,No,3,No,LandCover-4,RoadClass-4,0,0
43071,29,300,-0.54,2.27,17.1,Combined,Others,S,BET,107.56,Geology-2,15.51,SoilType-2,No,150,No,LandCover-1,RoadClass-0,13550,182
57504,29,315,-0.61,0.3,55.01,Wastewater,Others,S,PVC,146.02,Geology-2,21.59,SoilType-9,No,0,No,LandCover-4,RoadClass-4,0,0
74334,29,315,-0.88,6.3,11.91,Combined,Others,S,PVC,105.79,Geology-2,15.47,SoilType-2,No,171,No,LandCover-1,RoadClass-0,0,1000
74021,29,315,-1.02,6.41,3.91,Combined,Others,S,PVC,105.79,Geology-2,15.47,SoilType-2,No,171,No,LandCover-1,RoadClass-1,0,0
141227,29,125,-1.13,6.07,5.45,Combined,Others,Others,PVC,124.29,Geology-2,16.22,SoilType-9,No,106,No,LandCover-1,RoadClass-0,8700,0
57514,29,315,-1.36,0.1,50.5,Wastewater,Others,S,PVC,143,Geology-2,20.32,SoilType-9,No,19,No,LandCover-4,RoadClass-4,0,0
99513,29,400,-1.51,0.18,93.37,Combined,Others,S,PVC,138.79,Geology-2,12.5,SoilType-8,No,90,No,LandCover-4,RoadClass-0,0,100
57512,29,315,-1.69,0.25,40.64,Wastewater,Others,S,PVC,143.58,Geology-2,20.55,SoilType-9,No,19,No,LandCover-4,RoadClass-4,0,0
57516,29,315,-1.77,0.18,30.42,Wastewater,Others,S,PVC,142.42,Geology-2,20.13,SoilType-5,No,19,No,LandCover-4,RoadClass-4,0,0
57282,29,160,-1.92,2.76,63.85,Wastewater,Others,S,PVC,144.71,Geology-0,24.96,SoilType-9,No,70,No,LandCover-2,RoadClass-0,0,2
57279,29,160,-2.2,3.74,19.9,Wastewater,Others,S,PVC,145.08,Geology-0,24.84,SoilType-9,No,70,No,LandCover-4,RoadClass-1,0,5
57532,29,160,-2.89,8.5,49.58,Wastewater,Others,S,PVC,142.69,Geology-2,23.36,SoilType-5,No,26,No,LandCover-4,RoadClass-2,0,6
74019,29,315,-2.96,28.1,11.31,Combined,Others,S,PVC,105.81,Geology-2,15.46,SoilType-2,No,171,No,LandCover-1,RoadClass-0,0,0
160234,29,400,-3.37,-6.09,97.6,Stormwater,Others,S,BET,140.59,Geology-2,6.45,SoilType-6,No,81,No,LandCover-1,RoadClass-3,0,116
74020,29,315,-4.08,1.02,30.35,Combined,Others,S,PVC,105.8,Geology-2,15.46,SoilType-2,No,171,No,LandCover-1,RoadClass-1,0,0
152365,30,400,-1.23,-1.01,7.09,Wastewater,Others,Others,PVC,105.78,Geology-2,15.47,SoilType-2,No,171,No,LandCover-2,RoadClass-0,0,0
74389,30,300,-1.46,7.74,33.53,Combined,Others,S,BET,105.05,Geology-2,15.43,SoilType-2,No,320,No,LandCover-1,RoadClass-0,0,189
162024,30,200,-3.38,-0.68,2.61,Stormwater,Others,S,PVC,139.81,Geology-3,5.7,SoilType-6,No,120,No,LandCover-2,RoadClass-0,0,0
156691,30,400,-3.67,19.47,22.2,Combined,Others,S,PVC,98.36,Geology-2,15.48,SoilType-2,No,523,No,LandCover-1,RoadClass-2,0,421
1849,31,200,-0.46,4.01,41.8,Stormwater,MUF,S,BET,123.34,Geology-2,17.92,SoilType-9,No,236,No,LandCover-2,RoadClass-3,0,8
1850,31,200,-0.96,0.27,53.3,Stormwater,MUF,S,BET,123.34,Geology-2,17.97,SoilType-9,No,236,No,LandCover-2,RoadClass-0,0,16
1848,31,200,-1.35,2.25,22.43,Stormwater,MUF,S,BET,123.3,Geology-2,17.94,SoilType-9,No,236,No,LandCover-2,RoadClass-2,0,0
163957,31,200,-1.49,-3.21,22.68,Stormwater,Others,S,BET,140,Geology-3,6.38,SoilType-6,No,81,No,LandCover-1,RoadClass-1,0,380
58844,31,200,-1.62,2.55,9.43,Combined,MUF,S,PVC,124.85,Geology-2,16.1,SoilType-6,No,171,No,LandCover-1,RoadClass-0,0,0
5247,31,160,-7.52,0.37,32.39,Wastewater,MUF,S,PVC,127.94,Geology-2,16.26,SoilType-9,No,140,No,LandCover-1,RoadClass-2,0,111
30102,32,600,-0.06,0.57,51.43,Combined,Others,S,PVC,107.62,Geology-2,15.51,SoilType-2,No,150,No,LandCover-1,RoadClass-0,13550,0
30095,32,600,-0.52,0.56,63.81,Combined,Others,S,PVC,107.74,Geology-2,15.51,SoilType-2,No,150,No,LandCover-1,RoadClass-0,13550,2
156007,32,225,-0.98,9.88,22.16,Wastewater,Others,S,BET,128.93,Geology-2,16.33,SoilType-9,No,224,No,LandCover-1,RoadClass-2,0,206
41052,32,400,-1.1,0.28,32.73,Combined,Others,S,PVC,108.49,Geology-2,15.51,SoilType-2,No,139,No,LandCover-1,RoadClass-0,9680,0
60737,32,250,-1.1,-7.69,71.57,Stormwater,MUF,S,BET,128.89,Geology-2,16.33,SoilType-9,No,224,No,LandCover-2,RoadClass-1,0,20
69050,32,160,-1.11,0.92,50.1,Wastewater,IM,S,PVC,149.21,Geology-0,6,SoilType-6,No,89,No,LandCover-4,RoadClass-0,0,0
60384,32,225,-1.19,10.05,19.12,Wastewater,MUF,S,BET,128.91,Geology-2,16.34,SoilType-9,No,224,No,LandCover-1,RoadClass-0,0,174
69054,32,160,-1.3,0.5,63.74,Wastewater,IM,S,PVC,149.1,Geology-0,5.78,SoilType-7,No,89,No,LandCover-4,RoadClass-3,0,14
30107,32,600,-1.3,0.35,68.04,Combined,Others,S,PVC,107.49,Geology-2,15.51,SoilType-2,No,150,No,LandCover-2,RoadClass-1,13550,0
41038,32,400,-1.33,0.88,49.13,Combined,Others,S,PVC,108.72,Geology-2,15.52,SoilType-2,No,139,No,LandCover-4,RoadClass-0,9680,72
28383,32,400,-1.34,-0.61,61.93,Combined,Others,S,PVC,108.23,Geology-2,15.51,SoilType-2,No,139,No,LandCover-1,RoadClass-0,13550,0
76586,32,315,-1.5,0.43,49.23,Combined,Others,S,PVC,106.59,Geology-2,15.51,SoilType-2,No,546,No,LandCover-1,RoadClass-0,13550,0
30099,32,630,-1.53,1.77,22.71,Combined,Others,S,PVC,108.02,Geology-2,15.51,SoilType-2,No,150,No,LandCover-1,RoadClass-0,13550,14
69827,32,200,-1.56,0.57,33.81,Wastewater,IM,S,PVC,149.3,Geology-0,12.97,SoilType-6,No,197,No,LandCover-1,RoadClass-1,0,0
169152,32,300,-1.64,-0.14,26.5,Stormwater,Others,Others,PVC,107.93,Geology-2,15.51,SoilType-2,No,150,No,LandCover-1,RoadClass-0,13550,45
57395,32,200,-1.66,5.15,17.17,Wastewater,MUF,S,BET,142.72,Geology-2,24.44,SoilType-5,No,70,No,LandCover-1,RoadClass-4,0,0
69812,32,200,-1.69,-0.27,22.84,Wastewater,IM,S,PVC,149.35,Geology-0,12.55,SoilType-5,No,197,No,LandCover-2,RoadClass-1,0,5
69057,32,160,-2.24,1.56,36.51,Wastewater,IM,S,PVC,149.22,Geology-0,9.13,SoilType-7,No,124,No,LandCover-2,RoadClass-0,0,50
152804,32,200,-2.62,4.56,17.46,Stormwater,Others,Others,PVC,134.7,Geology-2,19.81,SoilType-5,No,204,No,LandCover-1,RoadClass-3,0,0
63757,32,200,-3.57,0.74,55.61,Wastewater,Others,S,PVC,132.16,Geology-0,19.95,SoilType-6,No,93,No,LandCover-2,RoadClass-0,0,34
63691,32,200,-5.24,1.33,43.01,Wastewater,Others,S,PVC,132.36,Geology-0,20.09,SoilType-6,No,93,No,LandCover-2,RoadClass-1,0,976
63688,32,200,-5.46,0.6,64.48,Wastewater,Others,S,PVC,132.27,Geology-0,20.01,SoilType-6,No,93,No,LandCover-2,RoadClass-0,0,22
67718,33,200,-0.07,4.65,37.17,Wastewater,IM,S,BET,143.66,Geology-0,16.31,SoilType-9,No,55,No,LandCover-1,RoadClass-1,0,93
67710,33,200,-0.33,2,50.08,Wastewater,IM,S,BET,143.75,Geology-0,16.43,SoilType-6,No,55,No,LandCover-1,RoadClass-0,0,149
162878,33,150,-1.13,-4.18,14.9,Wastewater,IM,S,BET,149.02,Geology-0,8.11,SoilType-6,No,18,No,LandCover-4,RoadClass-0,0,26
69040,33,400,-1.28,0.76,58.28,Stormwater,IM,S,BET,149.41,Geology-0,9.18,SoilType-7,No,123,No,LandCover-2,RoadClass-0,0,0
67792,33,200,-1.38,0.59,52.35,Combined,IM,S,PVC,143.96,Geology-0,16.36,SoilType-9,No,90,No,LandCover-2,RoadClass-4,0,0
67759,33,200,-1.43,0.63,26.69,Combined,IM,S,PVC,143.89,Geology-0,16.28,SoilType-9,No,55,No,LandCover-2,RoadClass-4,0,0
170654,33,200,-1.64,0.01,41.17,Wastewater,Others,S,BET,143.59,Geology-0,16.2,SoilType-9,No,55,No,LandCover-2,RoadClass-0,0,25
69055,33,200,-1.74,0.68,34.94,Wastewater,IM,S,PVC,149.29,Geology-0,9.35,SoilType-7,No,124,No,LandCover-4,RoadClass-0,0,0
155840,33,300,-1.8,4.13,5.1,Stormwater,IM,S,BET,145.57,Geology-0,15.89,SoilType-6,No,20,No,LandCover-4,RoadClass-0,0,0
73974,33,200,-1.93,6.34,27.38,Combined,Others,S,PVC,105.92,Geology-2,15.47,SoilType-2,No,542,No,LandCover-1,RoadClass-0,0,4
67755,33,300,-2.08,0.55,33.39,Combined,IM,S,BET,143.74,Geology-0,16.16,SoilType-9,No,55,No,LandCover-4,RoadClass-4,0,2
67758,33,300,-2.3,0.47,44.81,Combined,Others,S,BET,143.82,Geology-0,16.21,SoilType-9,No,55,No,LandCover-2,RoadClass-4,0,93
67805,33,200,-2.31,2.47,59.79,Wastewater,IM,S,BET,143.5,Geology-0,16.07,SoilType-9,No,55,No,LandCover-2,RoadClass-0,0,3
69056,33,400,-2.36,18.52,2.07,Stormwater,IM,S,BET,149.25,Geology-0,9.37,SoilType-7,No,124,No,LandCover-1,RoadClass-0,0,70
53252,33,1000,-2.69,3.66,21.93,Stormwater,MUF,S,BET,141.01,Geology-2,10.89,SoilType-9,No,71,No,LandCover-2,RoadClass-4,0,57
67762,33,200,-3.2,4.39,15.49,Combined,IM,S,PVC,144.13,Geology-0,16.61,SoilType-6,No,90,No,LandCover-4,RoadClass-0,11080,0
67709,33,200,-3.91,5.04,14.86,Wastewater,IM,S,PVC,143.85,Geology-0,16.6,SoilType-5,No,139,No,LandCover-2,RoadClass-0,0,7
68145,33,300,-4.82,9.22,38.2,Stormwater,IM,S,BET,145.56,Geology-0,15.99,SoilType-6,No,20,No,LandCover-4,RoadClass-2,0,0
70646,34,200,-0.69,0.28,56.14,Combined,MUF,S,BET,143.54,Geology-0,15.66,SoilType-7,No,0,No,LandCover-4,RoadClass-2,0,102
56663,34,225,-0.7,3.98,65.23,Wastewater,MUF,S,BET,139.39,Geology-2,24.98,SoilType-5,No,180,No,LandCover-4,RoadClass-2,0,0
56684,34,160,-1.61,1.02,43.18,Wastewater,Others,S,PVC,138.28,Geology-0,25.87,SoilType-5,No,180,No,LandCover-1,RoadClass-0,0,10
2213,34,200,-1.74,1.89,63.51,Stormwater,MUF,S,BET,111.85,Geology-2,15.61,SoilType-5,No,140,No,LandCover-1,RoadClass-1,0,0
158258,34,225,-1.83,2.49,24.63,Stormwater,MUF,S,BET,138.26,Geology-0,26.08,SoilType-5,No,167,No,LandCover-4,RoadClass-0,0,39
56621,34,225,-4.37,7.8,52.76,Wastewater,MUF,S,BET,139.8,Geology-2,24.51,SoilType-4,No,180,No,LandCover-4,RoadClass-1,0,0
68175,34,200,-4.83,7.8,37.12,Stormwater,IM,S,BET,145.54,Geology-0,16.18,SoilType-6,No,20,No,LandCover-4,RoadClass-2,0,2
56691,35,160,-0.24,2.47,33.12,Wastewater,Others,S,PVC,137.59,Geology-0,26.45,SoilType-5,No,207,No,LandCover-1,RoadClass-2,0,9
56692,35,125,-0.97,1.18,23.79,Wastewater,MUF,S,PVC,137.4,Geology-0,26.52,SoilType-5,No,207,No,LandCover-1,RoadClass-0,0,10
56700,35,160,-0.99,0.25,70.65,Wastewater,Others,S,PVC,137.59,Geology-0,25.87,SoilType-5,No,180,No,LandCover-1,RoadClass-0,0,4
56674,35,200,-1.1,0.35,40.75,Wastewater,MUF,S,BET,138.6,Geology-0,25.75,SoilType-5,No,180,No,LandCover-1,RoadClass-2,0,0
74052,35,160,-1.17,-0.06,23.53,Stormwater,Others,S,PVC,105.8,Geology-2,15.48,SoilType-2,No,171,No,LandCover-1,RoadClass-2,0,0
56693,35,160,-1.23,1.32,44.45,Wastewater,Others,S,PVC,137.97,Geology-0,25.93,SoilType-5,No,180,No,LandCover-1,RoadClass-0,0,12
56701,35,300,-1.28,0.62,70.38,Stormwater,MUF,S,BET,137.59,Geology-0,25.87,SoilType-5,No,180,No,LandCover-1,RoadClass-0,0,333
56667,35,200,-1.32,0.79,40.4,Wastewater,MUF,S,BET,138.94,Geology-2,25.4,SoilType-5,No,180,No,LandCover-1,RoadClass-2,0,0
75299,35,600,-1.34,0.17,53.58,Combined,Others,S,PVC,106.2,Geology-2,15.5,SoilType-2,No,376,No,LandCover-1,RoadClass-0,13550,8
56696,35,300,-1.37,-0.73,45.15,Stormwater,MUF,S,BET,137.97,Geology-0,25.87,SoilType-5,No,180,No,LandCover-1,RoadClass-0,0,32
66893,35,250,-1.47,0.4,45.81,Combined,Others,S,PVC,122.79,Geology-2,51.2,SoilType-4,No,19,No,LandCover-2,RoadClass-0,0,0
56680,35,300,-1.58,-2.01,40.2,Stormwater,MUF,S,BET,138.28,Geology-0,25.87,SoilType-5,No,180,No,LandCover-1,RoadClass-0,0,7
56685,35,160,-1.67,2.34,41.06,Wastewater,Others,S,PVC,138.24,Geology-0,26.08,SoilType-5,No,180,No,LandCover-4,RoadClass-1,0,20
66895,35,250,-1.72,0.59,30.96,Combined,Others,S,PVC,122.53,Geology-2,51.52,SoilType-9,No,19,No,LandCover-2,RoadClass-0,0,0
5333,35,700,-1.94,-5.59,12.41,Combined,Others,S,BET,128.17,Geology-2,16.41,SoilType-5,No,236,No,LandCover-2,RoadClass-3,0,20
66889,35,250,-1.99,0.38,47.78,Combined,Others,S,PVC,123.27,Geology-2,49.43,SoilType-4,No,0,No,LandCover-2,RoadClass-0,0,0
56845,35,160,-2,2.07,45.14,Wastewater,Others,S,PVC,137.24,Geology-0,26.04,SoilType-5,No,207,No,LandCover-4,RoadClass-0,0,0
56706,35,200,-2.04,1.94,46.41,Stormwater,MUF,S,BET,137.24,Geology-0,26.04,SoilType-5,No,207,No,LandCover-4,RoadClass-0,0,86
66885,35,250,-2.1,0.08,53.32,Combined,Others,S,PVC,123.88,Geology-2,47.51,SoilType-4,No,19,No,LandCover-2,RoadClass-0,0,0
66543,35,200,-2.17,8.87,17.24,Wastewater,Others,S,PVC,130.57,Geology-2,32.28,SoilType-5,No,130,No,LandCover-2,RoadClass-2,0,0
56711,35,200,-2.24,1.23,25.3,Stormwater,MUF,S,BET,137.18,Geology-0,26.34,SoilType-5,No,207,No,LandCover-2,RoadClass-0,0,180
56709,35,160,-2.27,0.85,23.74,Wastewater,Others,S,PVC,137.18,Geology-0,26.34,SoilType-5,No,207,No,LandCover-2,RoadClass-0,0,9
66900,35,250,-2.28,3.07,35.85,Combined,MUF,S,BET,122.38,Geology-2,51.61,SoilType-9,No,19,No,LandCover-1,RoadClass-0,0,0
73219,35,600,-2.4,0.71,46.96,Combined,Others,S,PVC,105.99,Geology-2,15.49,SoilType-2,No,376,No,LandCover-1,RoadClass-0,13550,0
56708,35,160,-2.64,0.66,30.17,Wastewater,Others,S,PVC,137.07,Geology-0,26.28,SoilType-5,No,207,No,LandCover-1,RoadClass-0,0,20
56705,35,200,-2.66,0.73,30.16,Stormwater,MUF,S,BET,137.07,Geology-0,26.28,SoilType-5,No,207,No,LandCover-1,RoadClass-0,0,1373
75300,35,600,-3.04,-1.14,38.05,Combined,Others,S,PVC,106.09,Geology-2,15.5,SoilType-2,No,376,No,LandCover-1,RoadClass-0,13550,8
63907,35,200,-4.58,7.55,66.74,Wastewater,MUF,S,BET,132.17,Geology-2,22.32,SoilType-5,No,132,No,LandCover-2,RoadClass-3,0,0
62586,35,1000,-5.02,0.07,77.49,Stormwater,MUF,S,BET,132.32,Geology-2,18.77,SoilType-9,No,71,Yes,LandCover-2,RoadClass-2,0,19
66838,36,200,-0.03,-0.67,51.15,Combined,Others,S,PVC,125.46,Geology-2,42.18,SoilType-4,No,79,No,LandCover-2,RoadClass-1,0,2
66937,36,200,-0.46,0.46,46.75,Combined,MUF,S,PVC,127.67,Geology-2,34.96,SoilType-5,No,138,No,LandCover-2,RoadClass-4,0,0
158253,36,200,-0.5,2.38,45.16,Wastewater,Others,S,BET,132.67,Geology-0,20.79,SoilType-5,No,130,No,LandCover-2,RoadClass-0,0,8
66840,36,200,-0.5,0.42,56.01,Combined,Others,S,PVC,125.98,Geology-2,40.14,SoilType-4,No,79,No,LandCover-2,RoadClass-2,0,2
66846,36,200,-0.6,0.34,55.79,Combined,Others,S,PVC,127.04,Geology-2,36.56,SoilType-5,No,138,No,LandCover-2,RoadClass-2,0,0
66839,36,200,-0.89,0.41,31.78,Combined,Others,S,PVC,125.86,Geology-2,41.26,SoilType-4,No,79,No,LandCover-2,RoadClass-2,0,0
63650,36,200,-1.38,1.22,32.01,Wastewater,Others,S,BET,132.64,Geology-0,20.67,SoilType-5,No,130,No,LandCover-2,RoadClass-2,0,429
66834,36,200,-1.51,-1.96,21.24,Combined,Others,S,PVC,124.64,Geology-2,45.06,SoilType-4,No,79,No,LandCover-2,RoadClass-2,0,0
66847,36,200,-1.68,0.49,37.22,Combined,Others,S,PVC,127.32,Geology-2,35.88,SoilType-5,No,138,No,LandCover-2,RoadClass-3,0,0
66671,36,200,-1.78,0.53,46.16,Wastewater,MUF,S,BET,129.46,Geology-2,31.19,SoilType-5,No,6,No,LandCover-2,RoadClass-1,0,4
27900,36,400,-1.79,1.23,23.77,Combined,Others,S,PVC,103.69,Geology-2,15.47,SoilType-2,No,85,No,LandCover-1,RoadClass-0,0,0
1742,36,225,-1.8,2.45,12.44,Wastewater,Others,S,BET,122.83,Geology-2,17.8,SoilType-9,No,180,No,LandCover-2,RoadClass-0,0,33
63654,36,150,-1.81,-0.65,31.16,Stormwater,MUF,S,BET,132.64,Geology-0,20.67,SoilType-5,No,130,No,LandCover-2,RoadClass-2,0,35
4931,36,200,-1.83,-0.25,1.67,Combined,Others,S,PVC,127.95,Geology-2,34.72,SoilType-5,No,138,No,LandCover-2,RoadClass-4,0,67
63659,36,250,-1.88,6.33,89.61,Stormwater,Others,S,PVC,132.73,Geology-0,20.63,SoilType-5,No,130,No,LandCover-2,RoadClass-1,0,55
66843,36,200,-1.97,2.02,39.9,Combined,Others,S,PVC,126.22,Geology-2,39.45,SoilType-5,No,79,No,LandCover-2,RoadClass-1,0,132
66581,36,200,-2,0.34,72.18,Wastewater,MUF,S,BET,128.51,Geology-2,33.57,SoilType-5,No,6,No,LandCover-2,RoadClass-0,0,90
57290,36,200,-2.22,-0.51,32.62,Wastewater,MUF,S,BET,144.96,Geology-0,24.27,SoilType-9,No,70,No,LandCover-4,RoadClass-0,0,0
57324,36,200,-2.51,0.87,50.06,Wastewater,MUF,S,BET,145.2,Geology-0,24.03,SoilType-9,No,94,No,LandCover-1,RoadClass-2,0,16
52931,36,200,-2.78,0.55,48.56,Combined,MUF,S,BET,143.49,Geology-0,15.77,SoilType-7,No,55,No,LandCover-1,RoadClass-1,0,58
66650,36,300,-2.81,7.03,53.76,Wastewater,Others,S,BET,128.07,Geology-2,34.58,SoilType-5,No,138,No,LandCover-2,RoadClass-3,0,0
152749,36,200,-3.3,12.8,42.89,Wastewater,MUF,S,BET,145.07,Geology-0,24.42,SoilType-9,No,70,No,LandCover-4,RoadClass-3,0,0
158255,36,225,-3.83,1.58,39.21,Wastewater,MUF,S,BET,132.7,Geology-0,20.79,SoilType-5,No,130,No,LandCover-2,RoadClass-0,0,32
1807,36,200,-4.06,9.02,24.72,Wastewater,Others,S,PVC,122.84,Geology-2,17.82,SoilType-9,No,180,No,LandCover-2,RoadClass-0,0,13
66580,36,200,-4.32,0.78,58.8,Wastewater,MUF,S,BET,128.88,Geology-2,32.65,SoilType-5,No,6,No,LandCover-2,RoadClass-0,0,24
66579,36,200,-6.58,1.22,70.92,Wastewater,MUF,S,BET,129.16,Geology-2,31.86,SoilType-5,No,6,No,LandCover-2,RoadClass-0,0,108
64912,37,200,-0.51,3.86,36.05,Wastewater,MUF,S,BET,134.02,Geology-0,21.45,SoilType-5,No,121,No,LandCover-2,RoadClass-0,0,8
75156,37,200,-0.92,-0.48,22.78,Combined,Others,S,PVC,106.11,Geology-2,15.49,SoilType-2,No,376,No,LandCover-4,RoadClass-0,0,4
57300,37,160,-1.1,5.23,56.84,Wastewater,Others,S,PVC,144.08,Geology-0,24.93,SoilType-9,No,70,No,LandCover-4,RoadClass-0,0,5
57310,37,160,-1.41,1.96,39.94,Wastewater,Others,S,PVC,143.7,Geology-0,25.22,SoilType-9,No,70,No,LandCover-4,RoadClass-1,0,0
67418,37,375,-1.42,19.89,1.55,Combined,MUF,S,BET,145.48,Geology-0,13.55,SoilType-9,No,59,No,LandCover-2,RoadClass-1,0,0
73955,37,200,-1.64,15,35.17,Combined,Others,S,PVC,106.11,Geology-2,15.49,SoilType-2,No,376,No,LandCover-1,RoadClass-0,0,17
64915,37,200,-1.71,6.29,41.99,Wastewater,MUF,S,BET,134.06,Geology-0,21.52,SoilType-5,No,121,No,LandCover-2,RoadClass-1,0,0
89731,37,160,-1.93,3.34,10.41,Combined,Others,S,PVC,113.3,Geology-2,15.61,SoilType-5,No,122,No,LandCover-4,RoadClass-0,0,0
64918,37,200,-2.12,3.42,23.43,Wastewater,MUF,S,BET,134.07,Geology-0,21.61,SoilType-5,No,121,No,LandCover-2,RoadClass-1,0,17
2169,37,200,-2.51,10.56,27.23,Combined,MUF,S,BET,112.89,Geology-2,15.61,SoilType-5,No,122,No,LandCover-4,RoadClass-1,0,290
70688,37,150,-4.2,-0.29,48.44,Wastewater,MUF,S,BET,144.93,Geology-0,15.04,SoilType-9,No,129,No,LandCover-4,RoadClass-3,0,11
2170,37,160,-6.85,16.41,44.28,Combined,Others,S,PVC,113.1,Geology-2,15.61,SoilType-5,No,122,No,LandCover-4,RoadClass-1,0,0
55488,38,160,-1,0.43,48.42,Wastewater,Others,S,PVC,143.9,Geology-0,21.33,SoilType-5,No,78,No,LandCover-2,RoadClass-1,0,4
73972,38,200,-1.06,0.36,23.14,Combined,MUF,S,PVC,105.96,Geology-2,15.47,SoilType-2,No,542,No,LandCover-2,RoadClass-0,0,0
154172,38,125,-1.13,-0.14,21.63,Wastewater,Others,S,PVC,143.3,Geology-0,22.52,SoilType-4,No,134,No,LandCover-2,RoadClass-0,0,103
55436,38,200,-1.68,0.43,63.96,Stormwater,MUF,S,BET,140.72,Geology-0,19.64,SoilType-4,No,68,No,LandCover-2,RoadClass-2,0,3
56027,38,150,-1.79,-0.04,61.31,Wastewater,MUF,S,BET,133.48,Geology-0,24.58,SoilType-4,No,50,No,LandCover-3,RoadClass-3,0,134
77108,38,200,-1.82,0.25,30.11,Combined,Others,S,PVC,105.51,Geology-2,15.47,SoilType-2,No,171,No,LandCover-2,RoadClass-0,0,7
55435,38,200,-1.96,0.2,45.61,Wastewater,MUF,S,BET,140.58,Geology-0,20.18,SoilType-4,No,68,No,LandCover-2,RoadClass-3,0,2
66115,38,200,-2.02,3.08,29.02,Wastewater,MUF,S,BET,129.83,Geology-2,30.15,SoilType-5,No,0,No,LandCover-2,RoadClass-0,0,35
55432,38,200,-2.17,0.05,41.88,Stormwater,MUF,S,BET,140.44,Geology-0,20.56,SoilType-4,No,68,No,LandCover-2,RoadClass-3,0,0
55433,38,200,-2.19,0.12,42.68,Wastewater,MUF,S,BET,140.44,Geology-0,20.56,SoilType-4,No,68,No,LandCover-2,RoadClass-3,0,2
66109,38,200,-2.25,3.75,39.3,Wastewater,MUF,S,BET,130.54,Geology-2,28.98,SoilType-5,No,70,No,LandCover-2,RoadClass-0,0,20
75417,38,200,-2.25,0.26,42.96,Combined,Others,S,PVC,105.57,Geology-2,15.47,SoilType-2,No,6,No,LandCover-2,RoadClass-0,0,0
61097,38,200,-2.56,1.05,34.59,Wastewater,Others,S,PVC,129.31,Geology-2,19.45,SoilType-3,No,5,No,LandCover-2,RoadClass-3,0,0
61104,38,200,-2.73,3.65,30.89,Wastewater,Others,S,PVC,129.36,Geology-0,19.42,SoilType-5,No,20,No,LandCover-1,RoadClass-3,0,0
61100,38,200,-6.53,5.08,27.85,Wastewater,Others,S,PVC,129.34,Geology-2,19.44,SoilType-5,No,5,No,LandCover-2,RoadClass-0,16120,0
75428,39,315,-0.36,3.69,9.26,Combined,Others,S,PVC,105.31,Geology-2,15.48,SoilType-2,No,6,No,LandCover-1,RoadClass-0,0,0
76432,39,200,-0.73,5,7.12,Combined,Others,S,PVC,105.29,Geology-2,15.48,SoilType-2,No,6,No,LandCover-1,RoadClass-0,0,0
73948,39,225,-0.81,5.81,28.7,Combined,Others,S,PVC,106.11,Geology-2,15.48,SoilType-2,No,542,No,LandCover-1,RoadClass-0,0,7
14378,39,250,-0.81,2.43,42.24,Combined,Others,S,PVC,102.42,Geology-2,15.47,SoilType-2,No,432,No,LandCover-1,RoadClass-0,0,0
69907,39,200,-1.14,0.79,33.51,Wastewater,IM,S,PVC,149.78,Geology-0,9.27,SoilType-5,No,47,No,LandCover-4,RoadClass-0,0,0
56024,39,225,-1.33,0.25,40.68,Wastewater,MUF,S,BET,133.98,Geology-0,24.52,SoilType-4,No,93,No,LandCover-4,RoadClass-0,0,69
69921,39,200,-1.39,0.8,24.4,Wastewater,IM,S,BET,149.78,Geology-0,9.62,SoilType-6,No,47,No,LandCover-2,RoadClass-0,0,127
72782,39,225,-1.43,4.98,26.11,Combined,MUF,S,PVC,104.61,Geology-2,15.47,SoilType-2,No,85,No,LandCover-1,RoadClass-0,0,305
69914,39,200,-1.46,2.11,22.99,Wastewater,IM,S,PVC,149.84,Geology-0,8.9,SoilType-5,No,47,No,LandCover-4,RoadClass-0,0,0
144240,39,250,-1.5,6.37,31.46,Combined,MUF,S,PVC,122.48,Geology-2,15.63,SoilType-9,No,109,No,LandCover-1,RoadClass-4,0,0
56022,39,225,-1.51,0.78,43,Wastewater,MUF,S,BET,134.04,Geology-0,24.65,SoilType-4,No,257,No,LandCover-1,RoadClass-0,0,18
56748,39,160,-1.54,0.44,26.7,Combined,MUF,S,PVC,141.8,Geology-0,24.59,SoilType-4,No,167,No,LandCover-2,RoadClass-1,0,0
153295,39,150,-1.66,1.22,24.99,Combined,MUF,S,BET,141.52,Geology-0,24.58,SoilType-4,No,167,No,LandCover-1,RoadClass-0,0,116
4850,39,150,-1.75,0.59,48.94,Combined,MUF,S,BET,142.19,Geology-0,24.55,SoilType-4,No,12,No,LandCover-4,RoadClass-0,0,2222
77110,39,315,-2,-2.07,37.83,Combined,Others,S,PVC,105.43,Geology-2,15.47,SoilType-2,No,6,No,LandCover-2,RoadClass-0,0,0
56025,39,150,-2.08,2.5,24.08,Wastewater,MUF,S,BET,133.86,Geology-0,24.48,SoilType-4,No,93,No,LandCover-2,RoadClass-3,0,34
69908,39,200,-2.21,0.28,24.26,Wastewater,IM,S,BET,149.76,Geology-0,9.59,SoilType-5,No,47,No,LandCover-2,RoadClass-0,3780,42
76442,39,250,-2.21,-2.6,7.39,Combined,Others,S,PVC,105.27,Geology-2,15.48,SoilType-2,No,6,No,LandCover-1,RoadClass-0,0,0
56026,39,150,-2.37,0.63,44.25,Wastewater,MUF,S,BET,133.67,Geology-0,24.65,SoilType-4,No,93,No,LandCover-2,RoadClass-2,0,118
164823,39,250,-2.73,4.37,35.18,Stormwater,Others,S,PVC,105.3,Geology-2,15.48,SoilType-2,No,6,No,LandCover-1,RoadClass-0,0,79
68314,40,200,-0.08,6.99,19.17,Wastewater,IM,S,BET,147.58,Geology-0,10.56,SoilType-9,No,191,No,LandCover-2,RoadClass-1,0,0
69878,40,200,-0.31,0.84,54.27,Wastewater,IM,S,PVC,148.48,Geology-0,17.88,SoilType-6,No,35,No,LandCover-4,RoadClass-4,0,0
67505,40,200,-0.56,0.73,58.15,Wastewater,MUF,S,BET,145.97,Geology-0,13.33,SoilType-9,No,87,No,LandCover-2,RoadClass-0,0,21
59714,40,225,-0.66,3.21,45.39,Combined,MUF,S,BET,127.67,Geology-0,16.89,SoilType-9,No,29,No,LandCover-2,RoadClass-4,0,541
69881,40,200,-0.7,0.6,49.51,Wastewater,IM,S,PVC,148.58,Geology-0,17.33,SoilType-7,No,35,No,LandCover-4,RoadClass-4,0,0
69877,40,200,-0.87,3.06,42.93,Wastewater,IM,S,PVC,148.37,Geology-0,18.29,SoilType-6,No,15,No,LandCover-5,RoadClass-4,0,0
69204,40,200,-0.95,0.52,40.79,Stormwater,IM,S,BET,146.46,Geology-0,16.83,SoilType-9,No,81,No,LandCover-4,RoadClass-0,0,105
69212,40,200,-0.97,0.64,19.64,Stormwater,IM,S,BET,146.39,Geology-0,16.44,SoilType-9,No,81,No,LandCover-2,RoadClass-0,0,132
69206,40,200,-1.01,0.59,38.7,Wastewater,IM,S,BET,146.46,Geology-0,16.83,SoilType-9,No,81,No,LandCover-4,RoadClass-0,0,49
69209,40,200,-1.02,0.36,21.58,Stormwater,IM,S,BET,146.4,Geology-0,16.53,SoilType-9,No,81,No,LandCover-2,RoadClass-1,0,77
59715,40,225,-1.04,5.56,26.69,Combined,MUF,S,BET,127.77,Geology-0,16.91,SoilType-9,No,29,No,LandCover-2,RoadClass-4,0,0
69208,40,200,-1.06,0.5,22.45,Wastewater,IM,S,BET,146.4,Geology-0,16.53,SoilType-9,No,81,No,LandCover-2,RoadClass-1,0,28
69505,40,200,-1.09,0.61,36.98,Wastewater,IM,S,BET,146.53,Geology-0,17.05,SoilType-9,No,81,No,LandCover-1,RoadClass-0,0,22
68313,40,200,-1.12,4.28,39.24,Wastewater,IM,S,BET,147.41,Geology-0,10.7,SoilType-9,No,191,No,LandCover-2,RoadClass-2,0,8
59712,40,225,-1.28,0.83,22.81,Combined,MUF,S,BET,127.48,Geology-0,16.85,SoilType-9,No,66,No,LandCover-2,RoadClass-2,0,0
73498,40,600,-1.44,0.55,49.6,Combined,Others,S,PVC,104.74,Geology-2,15.48,SoilType-2,No,85,No,LandCover-1,RoadClass-0,0,0
69403,40,200,-1.45,3.96,52.57,Stormwater,IM,S,BET,146.78,Geology-0,17.68,SoilType-9,No,81,No,LandCover-2,RoadClass-0,0,9
57248,40,225,-1.46,1.76,52.01,Combined,MUF,S,BET,144.94,Geology-0,24.63,SoilType-4,No,208,No,LandCover-4,RoadClass-0,0,82
164719,40,225,-1.46,0,26.45,Combined,Others,S,BET,127.29,Geology-0,16.82,SoilType-9,No,66,No,LandCover-2,RoadClass-2,0,35
73497,40,600,-1.5,-0.04,33.51,Combined,Others,S,PVC,104.46,Geology-2,15.48,SoilType-2,No,85,No,LandCover-1,RoadClass-0,0,0
69409,40,200,-1.51,4.13,53.38,Wastewater,IM,S,BET,146.76,Geology-0,17.68,SoilType-9,No,81,No,LandCover-2,RoadClass-0,0,47
59706,40,225,-1.51,1.46,33.17,Combined,MUF,S,BET,127.2,Geology-0,16.8,SoilType-9,No,66,No,LandCover-2,RoadClass-1,0,9
69879,40,200,-1.52,1.44,28.28,Wastewater,IM,S,PVC,148.28,Geology-0,18.63,SoilType-6,No,15,No,LandCover-5,RoadClass-4,0,0
59703,40,225,-1.53,4.14,18,Combined,MUF,S,BET,127.08,Geology-0,16.81,SoilType-9,No,111,No,LandCover-2,RoadClass-0,0,16
59710,40,225,-1.54,2.3,44.42,Combined,MUF,S,BET,127.37,Geology-0,16.83,SoilType-9,No,66,No,LandCover-2,RoadClass-3,0,11
55465,40,160,-1.54,1.63,40.67,Wastewater,Others,S,PVC,143.57,Geology-0,21.49,SoilType-5,No,134,No,LandCover-2,RoadClass-3,0,115
59713,40,225,-1.56,2.6,34.7,Combined,MUF,S,BET,127.56,Geology-0,16.87,SoilType-9,No,29,No,LandCover-2,RoadClass-3,0,170
57217,40,225,-1.57,0.47,44.35,Combined,MUF,S,BET,143.19,Geology-0,24.94,SoilType-4,No,190,No,LandCover-1,RoadClass-0,0,202
57218,40,225,-1.6,3.12,55.3,Combined,MUF,S,BET,142.77,Geology-0,25.22,SoilType-5,No,190,No,LandCover-4,RoadClass-0,0,38
55437,40,200,-1.7,0.5,64.43,Wastewater,MUF,S,BET,140.72,Geology-0,19.64,SoilType-4,No,68,No,LandCover-2,RoadClass-2,0,0
14038,40,630,-1.7,0.87,23.1,Combined,Others,S,PVC,103.5,Geology-2,15.47,SoilType-2,No,85,No,LandCover-1,RoadClass-0,0,13
27906,40,600,-1.71,2.86,7.77,Combined,Others,S,PVC,103.66,Geology-2,15.47,SoilType-2,No,85,No,LandCover-1,RoadClass-0,0,0
27911,40,600,-1.73,0.47,32.69,Combined,Others,S,PVC,103.86,Geology-2,15.47,SoilType-2,No,85,No,LandCover-1,RoadClass-0,0,49
158129,40,125,-1.76,-4.13,27.11,Combined,Others,S,BET,126.02,Geology-0,16.37,SoilType-4,No,146,No,LandCover-2,RoadClass-0,0,107
73499,40,600,-1.81,0.25,51.55,Combined,Others,S,PVC,105.03,Geology-2,15.48,SoilType-2,No,85,No,LandCover-1,RoadClass-0,0,0
69215,40,200,-1.82,1.5,31.26,Wastewater,IM,S,BET,146.45,Geology-0,16.51,SoilType-9,No,81,No,LandCover-1,RoadClass-0,0,52
57234,40,225,-1.82,1.58,9.27,Combined,MUF,S,BET,143.29,Geology-0,25.25,SoilType-5,No,208,No,LandCover-1,RoadClass-0,0,143
69216,40,200,-1.84,1.83,29.17,Stormwater,IM,S,BET,146.45,Geology-0,16.51,SoilType-9,No,81,No,LandCover-1,RoadClass-0,0,167
57337,40,225,-1.86,3.21,46.98,Combined,MUF,S,BET,142.05,Geology-0,25.36,SoilType-5,No,190,No,LandCover-2,RoadClass-0,0,9
57170,40,300,-1.87,-3.47,36.81,Combined,MUF,S,BET,145.53,Geology-0,24.26,SoilType-4,No,4,No,LandCover-2,RoadClass-0,0,7
69218,40,200,-1.89,1.88,51.63,Stormwater,IM,S,BET,146.37,Geology-0,16.12,SoilType-9,No,81,No,LandCover-2,RoadClass-0,0,54
68309,40,200,-1.9,7.7,14.98,Wastewater,IM,S,BET,147.37,Geology-0,10.72,SoilType-9,No,191,No,LandCover-2,RoadClass-1,0,56
69219,40,200,-1.9,1.84,51.51,Wastewater,IM,S,BET,146.37,Geology-0,16.12,SoilType-9,No,81,No,LandCover-2,RoadClass-0,0,14
55461,40,160,-1.96,0.72,74.2,Wastewater,Others,S,PVC,142.49,Geology-0,21.35,SoilType-4,No,109,No,LandCover-4,RoadClass-2,0,19
57233,40,225,-1.96,0.39,52.36,Combined,MUF,S,BET,144.02,Geology-0,24.85,SoilType-4,No,208,No,LandCover-1,RoadClass-1,0,72
57205,40,225,-2,3.56,53.21,Combined,MUF,S,BET,142.46,Geology-0,25.04,SoilType-4,No,190,No,LandCover-1,RoadClass-0,0,53
75784,40,600,-2.01,-1.75,19.61,Combined,MUF,S,PVC,105.2,Geology-2,15.48,SoilType-2,No,6,No,LandCover-1,RoadClass-0,15200,0
57219,40,225,-2.07,2.99,43.41,Combined,MUF,S,BET,142.35,Geology-0,25.54,SoilType-5,No,190,No,LandCover-1,RoadClass-0,0,79
69408,40,200,-2.09,1.69,62.41,Wastewater,IM,S,BET,146.64,Geology-0,17.33,SoilType-9,No,81,No,LandCover-2,RoadClass-1,0,8
69407,40,200,-2.11,1.79,62.3,Stormwater,IM,S,BET,146.64,Geology-0,17.33,SoilType-9,No,81,No,LandCover-2,RoadClass-0,0,29
69889,40,200,-2.17,-0.24,18.26,Wastewater,IM,S,PVC,149.11,Geology-0,14.1,SoilType-5,No,197,No,LandCover-4,RoadClass-2,0,0
68981,40,200,-2.21,0.63,24.39,Wastewater,IM,S,BET,148.72,Geology-0,15.72,SoilType-9,No,125,No,LandCover-1,RoadClass-0,0,34
68980,40,200,-2.21,-2.03,25.28,Stormwater,IM,S,BET,148.72,Geology-0,15.72,SoilType-9,No,125,No,LandCover-1,RoadClass-0,0,48
141144,40,300,-2.24,1.99,64.99,Stormwater,MUF,S,BET,103.28,Geology-2,15.47,SoilType-2,No,85,No,LandCover-1,RoadClass-0,0,16
67507,40,200,-2.25,0.27,25.61,Wastewater,MUF,S,BET,146.05,Geology-0,13.33,SoilType-9,No,87,No,LandCover-4,RoadClass-0,0,89
27913,40,600,-2.3,0.25,16.59,Combined,Others,S,PVC,104.09,Geology-2,15.48,SoilType-2,No,85,No,LandCover-1,RoadClass-0,0,0
59711,40,225,-2.32,6.73,8.88,Combined,MUF,S,BET,127.44,Geology-0,16.85,SoilType-9,No,66,No,LandCover-2,RoadClass-0,0,108
68318,40,200,-2.35,2.84,45.29,Wastewater,IM,S,BET,147.68,Geology-0,10.33,SoilType-9,No,191,No,LandCover-2,RoadClass-2,0,94
55463,40,160,-2.94,1.55,88.86,Wastewater,Others,S,PVC,143.1,Geology-0,21.44,SoilType-5,No,134,No,LandCover-2,RoadClass-4,0,68
162196,40,200,-3.24,-2.26,26.39,Stormwater,MUF,S,PVC,137.01,Geology-2,14.83,SoilType-5,No,70,No,LandCover-2,RoadClass-0,0,0
65514,40,200,-3.63,0.7,54.48,Combined,Others,S,BET,137.03,Geology-2,14.84,SoilType-5,No,70,No,LandCover-4,RoadClass-0,0,0
69405,40,200,-3.76,5.23,72.42,Stormwater,IM,S,BET,146.9,Geology-0,18.18,SoilType-9,No,54,No,LandCover-2,RoadClass-1,0,47
162153,40,200,-3.84,0.34,51.83,Stormwater,MUF,S,PVC,136.93,Geology-2,14.9,SoilType-5,No,70,No,LandCover-1,RoadClass-0,0,0
155251,40,200,-3.87,5.08,72.05,Wastewater,IM,S,BET,146.9,Geology-0,18.18,SoilType-9,No,54,No,LandCover-2,RoadClass-1,0,57
58219,41,160,-0.07,0.53,34.22,Wastewater,Others,S,PVC,122.78,Geology-2,15.96,SoilType-9,No,123,No,LandCover-1,RoadClass-3,0,114
58221,41,160,-0.54,0.54,7.11,Wastewater,Others,S,PVC,122.76,Geology-2,15.95,SoilType-9,No,0,No,LandCover-2,RoadClass-3,0,16
58228,41,200,-0.57,0.63,15.42,Wastewater,Others,S,PVC,122.7,Geology-2,15.93,SoilType-9,No,123,No,LandCover-4,RoadClass-2,0,0
63267,41,600,-0.85,6.94,90.59,Stormwater,MUF,S,BET,134.8,Geology-2,17.4,SoilType-5,No,80,Yes,LandCover-2,RoadClass-3,0,1200
58229,41,200,-1,0.6,36.1,Wastewater,Others,S,PVC,122.7,Geology-2,15.93,SoilType-9,No,123,No,LandCover-2,RoadClass-1,0,0
66585,41,400,-1.09,3.85,54.09,Stormwater,MUF,S,BET,128.46,Geology-2,34.31,SoilType-5,No,138,No,LandCover-2,RoadClass-1,0,11
66594,41,400,-1.34,7.24,2.79,Stormwater,MUF,S,BET,128.76,Geology-2,33.86,SoilType-5,No,138,No,LandCover-2,RoadClass-0,0,0
73975,41,200,-1.77,7.71,47.59,Combined,Others,S,PVC,105.96,Geology-2,15.48,SoilType-2,No,542,No,LandCover-1,RoadClass-0,0,367
68178,41,160,-1.77,0.67,13.63,Wastewater,IM,S,PVC,145.92,Geology-0,15.2,SoilType-7,No,60,No,LandCover-2,RoadClass-1,0,0
68177,41,160,-2.19,1.07,54.6,Wastewater,IM,S,PVC,145.83,Geology-0,15.16,SoilType-6,No,60,No,LandCover-1,RoadClass-2,0,0
14277,41,125,-2.44,3.74,11.18,Combined,Others,S,PVC,97.11,Geology-2,15.44,SoilType-2,Yes,523,No,LandCover-1,RoadClass-0,0,0
68123,41,160,-2.55,1,58.21,Wastewater,IM,S,PVC,145.73,Geology-0,14.97,SoilType-6,No,60,No,LandCover-1,RoadClass-3,0,2
58222,41,160,-3.34,2.55,69.04,Wastewater,Others,S,PVC,122.72,Geology-2,15.94,SoilType-9,No,123,No,LandCover-1,RoadClass-2,0,13
4272,42,300,-1.08,-0.43,49.66,Combined,MUF,S,BET,122.74,Geology-0,15.55,SoilType-2,No,67,No,LandCover-4,RoadClass-2,0,100
2933,42,300,-1.32,1.32,41.98,Combined,MUF,S,BET,122.72,Geology-0,15.55,SoilType-2,No,67,No,LandCover-2,RoadClass-0,0,124
57254,42,225,-1.33,3.83,8.84,Combined,MUF,S,BET,141.63,Geology-0,26.21,SoilType-5,No,64,No,LandCover-1,RoadClass-0,0,64
59195,42,125,-1.34,1.75,64.19,Wastewater,Others,S,PVC,124.19,Geology-2,16.19,SoilType-9,No,151,No,LandCover-4,RoadClass-0,0,28
57159,42,300,-1.35,1.18,64.99,Combined,MUF,S,BET,142.15,Geology-0,24.69,SoilType-4,No,190,No,LandCover-2,RoadClass-0,0,144
59196,42,125,-1.66,3.37,18.53,Wastewater,Others,S,PVC,124.3,Geology-2,16.2,SoilType-9,No,106,No,LandCover-2,RoadClass-0,0,5
57253,42,200,-1.71,4.47,47.42,Combined,MUF,S,BET,142.67,Geology-0,25.88,SoilType-9,No,64,No,LandCover-4,RoadClass-1,0,69
135165,42,300,-1.74,5.17,13.55,Combined,MUF,S,BET,141.89,Geology-0,24.95,SoilType-4,No,190,No,LandCover-2,RoadClass-0,0,16
71008,42,160,-1.8,0.22,50.22,Wastewater,Others,S,PVC,126.63,Geology-0,15.62,SoilType-4,No,114,No,LandCover-1,RoadClass-0,0,16
57237,42,200,-2.1,2.84,63.82,Combined,MUF,S,PVC,141,Geology-0,26.56,SoilType-5,No,64,No,LandCover-2,RoadClass-0,0,423
58840,42,225,-2.23,0.98,53,Combined,MUF,S,BET,125.02,Geology-2,16.11,SoilType-6,No,171,No,LandCover-1,RoadClass-0,0,160
58826,42,225,-2.3,1,50.21,Combined,MUF,S,BET,125.15,Geology-2,16.12,SoilType-6,No,171,No,LandCover-4,RoadClass-0,0,325
57155,42,150,-2.78,3.64,26.26,Combined,MUF,S,BET,142.55,Geology-0,24.43,SoilType-4,No,12,No,LandCover-4,RoadClass-1,0,29
57153,42,300,-2.8,4.61,29.74,Combined,MUF,S,BET,142.51,Geology-0,24.43,SoilType-4,No,12,No,LandCover-1,RoadClass-2,0,68
155673,42,315,-4.86,0.32,30.91,Combined,Others,S,PVC,132.33,Geology-2,18.73,SoilType-9,No,71,Yes,LandCover-2,RoadClass-3,0,0
134787,43,150,-0.59,7.99,21.42,Combined,Others,S,BET,141.33,Geology-0,24.7,SoilType-4,No,167,Yes,LandCover-2,RoadClass-1,0,99
74051,43,160,-0.94,0.57,41.87,Combined,Others,S,PVC,105.84,Geology-2,15.48,SoilType-2,No,171,No,LandCover-1,RoadClass-0,0,0
169678,43,160,-1,1.08,31.64,Stormwater,Others,S,PVC,105.83,Geology-2,15.48,SoilType-2,No,171,No,LandCover-1,RoadClass-0,0,0
84414,43,160,-1,0.77,25.48,Combined,Others,S,PVC,105.88,Geology-2,15.48,SoilType-2,No,376,No,LandCover-1,RoadClass-0,0,31
61917,43,200,-1.08,-0.47,51.63,Wastewater,Others,S,PVC,131.27,Geology-0,19.58,SoilType-6,No,93,No,LandCover-2,RoadClass-0,0,34
65548,43,225,-1.23,3.53,38.53,Wastewater,MUF,S,BET,136.64,Geology-2,16.33,SoilType-5,No,94,No,LandCover-4,RoadClass-1,0,29
9575,43,400,-1.27,2.83,17.25,Combined,MUF,S,BET,105.79,Geology-2,15.46,SoilType-2,No,405,No,LandCover-4,RoadClass-1,0,112
75119,43,160,-1.28,-0.11,15.93,Combined,Others,S,PVC,105.81,Geology-2,15.48,SoilType-2,No,171,No,LandCover-1,RoadClass-1,0,0
57235,43,225,-1.5,2.56,54.88,Combined,MUF,S,BET,142.42,Geology-0,25.7,SoilType-5,No,208,No,LandCover-1,RoadClass-0,0,834
160145,43,225,-1.52,-0.09,15.04,Combined,Others,S,BET,136.72,Geology-2,16.11,SoilType-5,No,94,No,LandCover-4,RoadClass-0,0,196
162700,43,225,-1.61,3.92,44.98,Combined,MUF,S,BET,141.79,Geology-0,25.91,SoilType-5,No,64,No,LandCover-1,RoadClass-0,0,243
65544,43,200,-1.67,2.2,16.09,Combined,MUF,S,BET,136.6,Geology-2,15.77,SoilType-5,No,195,No,LandCover-2,RoadClass-0,0,75
57214,43,225,-1.67,0.73,53.39,Combined,MUF,S,BET,143.56,Geology-0,24.72,SoilType-4,No,190,No,LandCover-2,RoadClass-0,0,168
46120,43,160,-1.7,2.12,44.8,Combined,Others,S,PVC,106.73,Geology-2,15.5,SoilType-2,No,546,No,LandCover-1,RoadClass-0,0,105
57223,43,225,-1.87,1.24,59.16,Combined,MUF,S,BET,140.49,Geology-0,26.54,SoilType-5,No,64,No,LandCover-4,RoadClass-1,0,62
52922,43,300,-1.88,0,1.12,Combined,MUF,S,BET,143.48,Geology-0,16.05,SoilType-9,No,55,No,LandCover-2,RoadClass-1,0,0
151225,43,225,-2.06,2.44,42.95,Combined,MUF,S,BET,143.03,Geology-0,25.42,SoilType-5,No,208,No,LandCover-4,RoadClass-0,0,802
57222,43,225,-2.09,0.85,50.89,Combined,MUF,S,BET,141.22,Geology-0,26.17,SoilType-5,No,63,No,LandCover-1,RoadClass-1,0,104
166322,43,225,-2.37,1.7,17.81,Combined,MUF,S,BET,136.62,Geology-2,15.9,SoilType-5,No,195,No,LandCover-4,RoadClass-1,0,0
65545,43,225,-3.17,3.09,53.42,Combined,MUF,S,BET,136.68,Geology-2,15.95,SoilType-5,No,94,No,LandCover-1,RoadClass-0,0,33
9587,43,315,-5.22,10.76,60.76,Combined,Others,S,PVC,105.97,Geology-2,15.46,SoilType-2,No,405,No,LandCover-1,RoadClass-3,0,0
73990,44,315,-0.87,4.39,46.37,Combined,Others,S,PVC,106.44,Geology-2,15.49,SoilType-2,No,216,No,LandCover-1,RoadClass-0,0,142
14776,44,300,-1.03,2.62,123.21,Stormwater,Others,S,BET,113.74,Geology-2,15.54,SoilType-3,No,110,No,LandCover-1,RoadClass-2,0,153
169454,44,300,-1.38,0.81,15.77,Stormwater,Others,S,BET,112.29,Geology-2,15.54,SoilType-3,No,110,No,LandCover-1,RoadClass-1,0,0
146567,44,200,-1.99,-0.88,9.69,Wastewater,Others,Others,PVC,111.92,Geology-2,15.62,SoilType-5,No,25,No,LandCover-4,RoadClass-2,0,81
55407,44,300,-2.15,0.35,51.51,Wastewater,MUF,S,BET,143.31,Geology-0,22.43,SoilType-4,No,134,No,LandCover-2,RoadClass-0,0,51
66626,44,250,-2.32,14.18,26.39,Wastewater,MUF,S,BET,129.85,Geology-2,33.19,SoilType-5,No,130,No,LandCover-4,RoadClass-2,0,82
69490,44,250,-3.87,1.66,51.14,Wastewater,IM,S,BET,146.91,Geology-0,19.53,SoilType-6,No,54,No,LandCover-4,RoadClass-3,0,17
160082,45,300,-0.78,2.71,62.97,Combined,Others,S,BET,126.13,Geology-2,16.24,SoilType-5,No,138,No,LandCover-4,RoadClass-3,0,409
80682,45,150,-1.23,3.98,8.99,Combined,MUF,S,BET,134.74,Geology-2,19.77,SoilType-5,No,204,No,LandCover-4,RoadClass-3,0,0
164986,45,250,-1.24,3.2,6.38,Wastewater,IM,S,PVC,147.3,Geology-0,18.44,SoilType-5,No,12,No,LandCover-4,RoadClass-0,0,0
69429,45,315,-1.26,3.64,18.28,Wastewater,IM,S,BET,147.33,Geology-0,18.58,SoilType-5,No,12,No,LandCover-2,RoadClass-0,0,11
69464,45,250,-1.53,8.9,33.48,Wastewater,IM,S,BET,147.28,Geology-0,20.05,SoilType-5,No,54,No,LandCover-4,RoadClass-3,0,0
69579,45,300,-1.54,-0.33,7.05,Wastewater,IM,S,BET,147.31,Geology-0,18.44,SoilType-5,No,12,No,LandCover-4,RoadClass-0,0,0
69465,45,250,-1.55,8.42,22.37,Wastewater,IM,S,BET,147.21,Geology-0,19.95,SoilType-5,No,54,No,LandCover-1,RoadClass-3,0,0
70966,45,225,-1.86,1.08,62.15,Stormwater,MUF,S,BET,128.17,Geology-2,15.62,SoilType-9,No,114,No,LandCover-2,RoadClass-1,0,16
69468,45,250,-1.93,5.21,29.57,Wastewater,IM,S,BET,147.1,Geology-0,19.72,SoilType-6,No,54,No,LandCover-2,RoadClass-3,0,0
70974,45,225,-1.93,1.05,49.2,Stormwater,MUF,S,BET,127.54,Geology-2,15.62,SoilType-9,No,114,No,LandCover-2,RoadClass-0,0,32
61867,45,125,-1.97,0.75,39.79,Combined,MUF,S,BET,131.22,Geology-2,19.43,SoilType-6,No,93,No,LandCover-1,RoadClass-0,0,12
70978,45,150,-2.05,1.62,61.33,Combined,MUF,S,BET,128.17,Geology-2,15.62,SoilType-9,No,114,No,LandCover-2,RoadClass-1,0,79
165010,45,250,-2.06,3.91,22.4,Wastewater,IM,S,PVC,147.29,Geology-0,18.19,SoilType-5,No,12,No,LandCover-4,RoadClass-0,0,0
69488,45,250,-2.84,0.6,43.46,Wastewater,IM,S,BET,146.83,Geology-0,19.47,SoilType-6,No,54,No,LandCover-2,RoadClass-1,5210,1598
61396,45,250,-2.93,3.49,38.57,Stormwater,MUF,S,BET,130.79,Geology-2,20,SoilType-6,No,104,No,LandCover-4,RoadClass-0,0,60
69469,45,250,-3.24,3.44,44.97,Wastewater,IM,S,BET,147.02,Geology-0,19.62,SoilType-6,No,54,No,LandCover-1,RoadClass-2,0,0
130728,45,200,-7.36,10.11,39.01,Wastewater,Others,S,BET,131.95,Geology-2,19.49,SoilType-6,No,123,No,LandCover-2,RoadClass-0,0,42
61398,46,200,-0.49,9.82,25.67,Combined,MUF,S,BET,130.75,Geology-2,19.99,SoilType-6,No,104,No,LandCover-2,RoadClass-1,0,55
59368,46,225,-0.67,0.89,53.17,Combined,MUF,S,BET,124.25,Geology-2,16.21,SoilType-9,No,106,No,LandCover-1,RoadClass-0,8700,67
145141,46,125,-0.85,1.08,32.19,Combined,MUF,S,PVC,106.01,Geology-2,15.47,SoilType-2,No,542,No,LandCover-2,RoadClass-0,0,100
62495,46,150,-0.89,0.14,38.07,Wastewater,MUF,S,BET,131.26,Geology-2,19.1,SoilType-6,No,120,No,LandCover-2,RoadClass-0,12750,130
65630,46,225,-0.93,2.5,58.47,Combined,MUF,S,BET,135.52,Geology-2,17.12,SoilType-5,No,251,No,LandCover-1,RoadClass-1,0,30
3953,46,225,-1.03,5.55,52.3,Combined,MUF,S,BET,122.48,Geology-2,15.49,SoilType-2,No,115,No,LandCover-4,RoadClass-0,0,128
58415,46,200,-1.12,0.03,21.07,Combined,MUF,S,PVC,124.54,Geology-2,16.05,SoilType-0,No,85,No,LandCover-1,RoadClass-0,0,5
65754,46,200,-1.21,1.43,63.47,Combined,Others,S,BET,135.89,Geology-2,17.34,SoilType-5,No,195,No,LandCover-4,RoadClass-0,0,60
5941,46,250,-1.29,-5.14,11.75,Combined,MUF,S,BET,122.57,Geology-2,15.54,SoilType-2,No,318,No,LandCover-2,RoadClass-0,0,10
5612,46,400,-1.4,1.51,33.2,Stormwater,MUF,S,BET,122.42,Geology-2,15.68,SoilType-4,No,109,No,LandCover-2,RoadClass-0,0,0
65594,46,200,-1.6,-4.13,6.22,Combined,MUF,S,BET,135.98,Geology-2,15.52,SoilType-5,No,251,No,LandCover-1,RoadClass-0,6800,33
65690,46,225,-1.6,2.96,45.99,Combined,MUF,S,BET,135.31,Geology-2,17.15,SoilType-5,No,195,No,LandCover-4,RoadClass-1,0,35
5611,46,400,-1.67,0.66,54.72,Stormwater,MUF,S,BET,122.41,Geology-2,15.62,SoilType-9,No,109,No,LandCover-1,RoadClass-0,0,0
66610,46,200,-2.01,4.76,25.59,Wastewater,MUF,S,PVC,129.51,Geology-2,32.62,SoilType-6,No,130,No,LandCover-2,RoadClass-0,0,0
58432,46,200,-2.05,2.75,55.22,Stormwater,MUF,S,BET,124.3,Geology-2,16.06,SoilType-6,No,85,No,LandCover-5,RoadClass-3,0,62
59221,46,150,-2.06,4.15,21.01,Wastewater,MUF,S,BET,124.56,Geology-2,16.1,SoilType-6,No,171,No,LandCover-4,RoadClass-0,0,0
63102,46,185,-2.07,0.09,25.97,Wastewater,MUF,S,PVC,134.82,Geology-2,16.9,SoilType-5,No,80,No,LandCover-4,RoadClass-3,0,560
66614,46,200,-2.08,3.9,41.88,Wastewater,Others,S,PVC,129.51,Geology-2,33.24,SoilType-5,No,130,No,LandCover-2,RoadClass-0,0,0
66615,46,200,-2.17,4.48,30.7,Wastewater,Others,S,PVC,129.36,Geology-2,33.66,SoilType-5,No,130,No,LandCover-2,RoadClass-0,0,0
66622,46,160,-2.25,4.59,21.43,Wastewater,Others,S,PVC,129.23,Geology-2,34.11,SoilType-5,No,130,No,LandCover-2,RoadClass-0,0,0
66609,46,200,-2.26,2.46,44.38,Wastewater,Others,S,PVC,129.64,Geology-2,32.83,SoilType-6,No,130,No,LandCover-2,RoadClass-0,0,0
170836,46,225,-2.39,0.35,76.12,Combined,MUF,S,BET,135.74,Geology-2,17.16,SoilType-5,No,251,No,LandCover-4,RoadClass-2,0,18
59219,46,150,-2.98,5.8,31.54,Wastewater,MUF,S,BET,124.58,Geology-2,16.11,SoilType-6,No,171,No,LandCover-2,RoadClass-0,0,32
65632,46,225,-3.07,1.75,57.37,Combined,MUF,S,BET,135.63,Geology-2,17.13,SoilType-5,No,251,No,LandCover-5,RoadClass-1,0,9
65762,46,225,-3.4,2.15,70.61,Combined,MUF,S,BET,135.41,Geology-2,17.13,SoilType-5,No,251,No,LandCover-2,RoadClass-0,0,36
65760,46,225,-3.82,4.89,39.06,Combined,MUF,S,BET,135.81,Geology-2,17.2,SoilType-5,No,195,No,LandCover-4,RoadClass-1,0,10
65731,46,225,-5.08,1.87,43.56,Combined,MUF,S,BET,135.49,Geology-2,16.44,SoilType-5,No,195,No,LandCover-4,RoadClass-0,0,23
71018,46,160,-5.19,2.72,67.74,Wastewater,Others,S,PVC,125.52,Geology-0,15.62,SoilType-9,No,68,No,LandCover-4,RoadClass-0,0,3
66638,47,185,-0.1,8.01,37.8,Wastewater,MUF,S,PVC,127.63,Geology-2,36.2,SoilType-0,No,138,No,LandCover-2,RoadClass-0,0,40
62574,47,300,-0.33,7.15,81.01,Stormwater,MUF,S,BET,131.61,Geology-2,19.15,SoilType-6,No,130,No,LandCover-4,RoadClass-3,0,30
66593,47,225,-0.48,2.01,60.64,Wastewater,MUF,S,BET,127.92,Geology-2,35.15,SoilType-5,No,138,No,LandCover-2,RoadClass-0,0,0
67493,47,150,-0.57,1.91,62.2,Wastewater,MUF,S,BET,145.63,Geology-0,13.99,SoilType-9,No,87,No,LandCover-2,RoadClass-0,0,106
59384,47,225,-0.67,3.54,44.89,Wastewater,MUF,S,BET,124.26,Geology-2,16.23,SoilType-9,No,106,No,LandCover-2,RoadClass-0,0,231
70506,47,225,-0.71,4,36.81,Wastewater,MUF,S,BET,144.92,Geology-0,14.88,SoilType-9,No,133,No,LandCover-2,RoadClass-0,0,17
67461,47,300,-0.8,2.42,53.06,Wastewater,MUF,S,BET,145.53,Geology-0,13.85,SoilType-9,No,129,No,LandCover-1,RoadClass-1,0,7
70510,47,225,-0.85,2.63,37.94,Combined,MUF,S,BET,144.97,Geology-0,14.83,SoilType-9,No,133,No,LandCover-1,RoadClass-0,0,43
66651,47,185,-0.89,3.43,45.78,Wastewater,MUF,S,PVC,128.46,Geology-2,34.31,SoilType-5,No,138,No,LandCover-2,RoadClass-1,0,120
78057,47,185,-0.89,0.91,30.65,Wastewater,MUF,S,BET,127.57,Geology-2,36.14,SoilType-5,No,138,No,LandCover-2,RoadClass-2,0,0
67477,47,200,-0.95,0.54,59.54,Wastewater,Others,S,PVC,146.09,Geology-0,13.71,SoilType-7,No,11,No,LandCover-4,RoadClass-2,0,0
63134,47,300,-1.05,2.23,38.4,Stormwater,MUF,S,BET,132.93,Geology-2,18.88,SoilType-4,No,125,No,LandCover-1,RoadClass-0,0,0
84383,47,200,-1.05,4.63,18.33,Combined,MUF,S,BET,116.23,Geology-2,15.6,SoilType-5,No,79,No,LandCover-1,RoadClass-1,0,92
67458,47,300,-1.11,0.66,36.82,Wastewater,MUF,S,BET,145.45,Geology-0,13.91,SoilType-9,No,129,No,LandCover-2,RoadClass-0,0,11
154253,47,225,-1.13,1.57,37.91,Wastewater,MUF,S,BET,124.2,Geology-2,16.21,SoilType-9,No,106,No,LandCover-1,RoadClass-1,0,0
67454,47,300,-1.15,1.68,47.7,Combined,MUF,S,BET,145.08,Geology-0,14.06,SoilType-9,No,129,No,LandCover-2,RoadClass-1,0,11
154252,47,225,-1.2,4.13,43.44,Wastewater,MUF,S,BET,124.23,Geology-2,16.22,SoilType-9,No,106,No,LandCover-1,RoadClass-2,0,21
5236,47,600,-1.31,1.12,35.58,Stormwater,MUF,S,BET,133.13,Geology-2,18.6,SoilType-9,No,78,No,LandCover-1,RoadClass-1,0,145
67432,47,375,-1.33,0.94,58.37,Combined,MUF,S,BET,145.43,Geology-0,13.8,SoilType-9,No,129,No,LandCover-4,RoadClass-1,0,21
67453,47,300,-1.45,2.42,47.86,Combined,MUF,S,BET,145.18,Geology-0,14.01,SoilType-9,No,129,Yes,LandCover-4,RoadClass-1,0,4
67474,47,300,-1.57,0.1,26.18,Wastewater,MUF,S,BET,145.95,Geology-0,13.73,SoilType-9,No,87,No,LandCover-2,RoadClass-2,0,42
59423,47,200,-1.6,1.82,50.91,Wastewater,Others,S,BET,124.28,Geology-2,16.22,SoilType-9,No,106,No,LandCover-1,RoadClass-3,0,6
164510,47,375,-1.63,0.03,14.49,Stormwater,Others,S,BET,133.09,Geology-2,18.71,SoilType-9,No,78,No,LandCover-1,RoadClass-0,0,96
63128,47,375,-1.64,2.02,36.4,Stormwater,MUF,S,BET,133.13,Geology-2,18.65,SoilType-9,No,78,No,LandCover-1,RoadClass-2,0,1200
70511,47,150,-1.68,3.18,46.54,Combined,MUF,S,BET,144.89,Geology-0,14.85,SoilType-9,No,133,No,LandCover-4,RoadClass-1,0,26
63125,47,375,-1.71,1.49,30.84,Stormwater,MUF,S,BET,133.15,Geology-2,18.62,SoilType-9,No,78,No,LandCover-1,RoadClass-2,0,62
70505,47,225,-1.84,2.27,26.44,Wastewater,MUF,S,BET,144.86,Geology-0,15.08,SoilType-7,No,133,No,LandCover-4,RoadClass-0,0,0
15082,47,200,-1.87,3.58,46.07,Combined,MUF,S,BET,123.18,Geology-2,18.1,SoilType-9,No,93,No,LandCover-4,RoadClass-3,0,0
154251,47,225,-1.92,-0.05,16.82,Wastewater,MUF,S,BET,124.24,Geology-2,16.22,SoilType-9,No,106,No,LandCover-4,RoadClass-1,0,91
67476,47,300,-1.95,0.39,34.57,Wastewater,MUF,S,BET,146.01,Geology-0,13.74,SoilType-7,No,87,No,LandCover-1,RoadClass-2,0,43
73930,47,225,-1.96,0.56,57.41,Wastewater,MUF,S,BET,144.84,Geology-0,15.2,SoilType-9,No,0,No,LandCover-1,RoadClass-0,0,0
59424,47,150,-2,-4.46,18.09,Wastewater,Others,S,BET,124.36,Geology-2,16.24,SoilType-9,No,106,No,LandCover-2,RoadClass-1,0,59
54433,47,600,-2.11,0.23,25.91,Stormwater,MUF,S,BET,139.74,Geology-2,14.23,SoilType-4,No,202,No,LandCover-4,RoadClass-3,0,30
73928,47,225,-2.17,3.64,41.26,Wastewater,MUF,S,BET,144.89,Geology-0,15,SoilType-9,No,133,No,LandCover-2,RoadClass-0,0,17
164509,47,375,-2.37,-0.3,29.55,Stormwater,Others,S,BET,133.08,Geology-2,18.74,SoilType-9,No,78,No,LandCover-1,RoadClass-2,0,239
164507,47,375,-2.52,0.01,41.19,Stormwater,Others,S,BET,133.1,Geology-2,18.73,SoilType-9,No,78,No,LandCover-2,RoadClass-2,0,25
63150,47,225,-2.57,1.71,66.47,Wastewater,Others,S,BET,133.07,Geology-2,18.79,SoilType-4,No,78,No,LandCover-1,RoadClass-0,0,67
54436,47,600,-2.72,1.38,34.75,Stormwater,MUF,S,BET,139.84,Geology-2,14.11,SoilType-4,No,202,No,LandCover-2,RoadClass-3,0,15
54437,47,200,-2.73,0.89,34.18,Wastewater,MUF,S,BET,139.84,Geology-2,14.11,SoilType-4,No,202,No,LandCover-2,RoadClass-3,0,41
70500,47,225,-2.82,-0.28,18.91,Wastewater,MUF,S,BET,144.81,Geology-0,15.33,SoilType-9,No,0,No,LandCover-1,RoadClass-0,0,18
59976,47,125,-2.88,9.09,43.51,Combined,MUF,S,PVC,127.78,Geology-2,16.46,SoilType-5,No,82,No,LandCover-1,RoadClass-1,0,191
164973,48,250,-0.02,-1.19,55.23,Wastewater,IM,S,PVC,147.55,Geology-0,19.35,SoilType-5,No,36,No,LandCover-4,RoadClass-3,0,2
5297,48,250,-0.46,2.31,30.23,Combined,MUF,S,BET,122.5,Geology-2,15.64,SoilType-9,No,109,No,LandCover-4,RoadClass-4,0,34
155500,48,200,-0.58,2.64,36.68,Wastewater,Others,S,PVC,123.68,Geology-2,18.15,SoilType-9,No,135,No,LandCover-2,RoadClass-3,0,72
70516,48,150,-0.64,0.64,58.68,Combined,MUF,S,BET,144.63,Geology-0,14.88,SoilType-9,No,133,No,LandCover-4,RoadClass-0,0,136
164230,48,250,-0.72,-3.28,20.86,Wastewater,IM,S,PVC,147.64,Geology-0,19.51,SoilType-5,No,36,No,LandCover-1,RoadClass-2,0,0
164975,48,250,-0.78,4.79,42.19,Wastewater,IM,S,PVC,147.37,Geology-0,18.79,SoilType-5,No,12,No,LandCover-2,RoadClass-2,0,0
4370,48,200,-1,1.19,38.05,Combined,MUF,S,BET,122.63,Geology-2,15.84,SoilType-9,No,162,No,LandCover-1,RoadClass-2,0,43
5296,48,225,-1.12,-0.04,44.86,Combined,MUF,S,BET,122.41,Geology-2,15.61,SoilType-9,No,109,No,LandCover-4,RoadClass-2,0,30
164971,48,250,-1.13,0,32.89,Wastewater,Others,S,PVC,147.93,Geology-0,19.36,SoilType-4,No,15,No,LandCover-4,RoadClass-3,0,0
69947,48,200,-1.21,1.96,39.68,Wastewater,IM,S,PVC,148.21,Geology-0,18.76,SoilType-6,No,15,No,LandCover-5,RoadClass-4,0,3
62571,48,225,-1.23,3.72,22.39,Combined,MUF,S,BET,131.7,Geology-2,19.1,SoilType-6,No,130,No,LandCover-1,RoadClass-0,0,25
69434,48,250,-1.26,0.26,29.58,Wastewater,IM,S,PVC,147.68,Geology-0,19.52,SoilType-6,No,36,No,LandCover-4,RoadClass-0,0,0
4371,48,200,-1.29,3.45,40.64,Combined,MUF,S,BET,122.67,Geology-2,15.85,SoilType-9,No,162,No,LandCover-4,RoadClass-2,0,300
168969,48,200,-1.33,0.68,35.7,Combined,Others,S,BET,122.55,Geology-2,15.68,SoilType-9,No,162,No,LandCover-1,RoadClass-2,0,102
168967,48,200,-1.46,4.13,61.26,Combined,MUF,S,BET,122.59,Geology-2,15.83,SoilType-9,No,162,No,LandCover-2,RoadClass-2,0,62
70521,48,125,-1.48,2.27,29.15,Wastewater,MUF,S,BET,144.55,Geology-0,14.91,SoilType-9,No,133,No,LandCover-4,RoadClass-2,0,96
69437,48,250,-1.56,0.52,37.25,Wastewater,IM,S,PVC,148.01,Geology-0,19.35,SoilType-4,No,15,No,LandCover-4,RoadClass-4,0,0
69438,48,200,-1.6,1.04,59.66,Wastewater,IM,S,PVC,148.1,Geology-0,19.09,SoilType-6,No,15,No,LandCover-4,RoadClass-4,0,0
160111,48,315,-1.63,1.61,44.2,Combined,Others,S,PVC,131.78,Geology-2,19.1,SoilType-6,No,130,No,LandCover-1,RoadClass-2,0,29
62575,48,400,-1.69,2.41,25.53,Stormwater,MUF,S,PVC,131.8,Geology-2,19.1,SoilType-9,No,130,No,LandCover-4,RoadClass-1,0,0
23571,48,150,-1.77,2.74,32.85,Combined,MUF,S,BET,118.5,Geology-2,15.57,SoilType-9,No,230,No,LandCover-3,RoadClass-1,0,105
5301,48,200,-1.82,1.54,50.88,Wastewater,Others,S,PVC,122.51,Geology-0,15.75,SoilType-4,No,11,No,LandCover-4,RoadClass-0,0,66
160120,48,150,-1.84,2.15,6.12,Combined,Others,S,BET,131.51,Geology-2,19.08,SoilType-6,No,130,No,LandCover-1,RoadClass-3,0,0
69435,48,250,-1.9,0.2,67.31,Wastewater,IM,S,PVC,147.78,Geology-0,19.22,SoilType-6,No,36,No,LandCover-1,RoadClass-0,0,0
23564,48,225,-1.92,2.78,28.27,Combined,MUF,S,BET,118.3,Geology-2,15.57,SoilType-9,No,303,No,LandCover-2,RoadClass-1,0,51
23563,48,225,-1.93,5.79,28.38,Combined,MUF,S,BET,118.09,Geology-2,15.57,SoilType-9,No,303,No,LandCover-2,RoadClass-1,0,35
1301,48,200,-1.95,-0.28,28.18,Wastewater,Others,S,PVC,122.53,Geology-0,15.77,SoilType-4,No,11,No,LandCover-4,RoadClass-0,0,10
62010,48,200,-1.96,2.56,28.19,Wastewater,MUF,S,BET,131.29,Geology-0,20.04,SoilType-5,No,270,No,LandCover-2,RoadClass-1,16120,93
62573,48,400,-1.98,1.96,34.11,Stormwater,MUF,S,BET,131.74,Geology-2,19.08,SoilType-6,No,130,No,LandCover-1,RoadClass-1,0,78
69436,48,250,-2.62,0.62,35.11,Wastewater,IM,S,PVC,147.88,Geology-0,19.23,SoilType-6,No,36,No,LandCover-2,RoadClass-2,0,0
168970,48,200,-2.68,0.84,51.13,Combined,Others,S,BET,122.52,Geology-2,15.66,SoilType-9,No,162,No,LandCover-1,RoadClass-3,0,63
1298,48,160,-2.7,6.09,31.84,Wastewater,Others,S,PVC,122.53,Geology-0,15.76,SoilType-4,No,11,No,LandCover-1,RoadClass-0,0,37
62570,48,150,-3.21,5.7,67.74,Combined,MUF,S,BET,131.59,Geology-2,19.08,SoilType-6,No,130,No,LandCover-2,RoadClass-2,0,171
59724,48,225,-3.23,1.6,34.77,Combined,MUF,S,BET,127.22,Geology-2,16.87,SoilType-9,No,111,No,LandCover-2,RoadClass-0,0,0
70515,48,150,-3.67,0.69,52.8,Combined,MUF,S,BET,144.74,Geology-0,14.86,SoilType-9,No,133,No,LandCover-4,RoadClass-0,0,143
155522,48,225,-4.71,1.81,22.94,Wastewater,MUF,S,BET,123.82,Geology-2,18.18,SoilType-9,No,135,No,LandCover-1,RoadClass-0,0,0
59747,48,225,-4.79,5.07,33.59,Combined,Others,S,BET,127.31,Geology-2,16.89,SoilType-9,No,111,No,LandCover-2,RoadClass-0,0,39
62631,49,375,-0.26,6.75,86.11,Combined,MUF,S,BET,131.64,Geology-2,19.17,SoilType-6,No,130,No,LandCover-1,RoadClass-3,0,17
153168,49,300,-0.35,10.7,44.31,Combined,MUF,S,BET,144.1,Geology-0,14.64,SoilType-9,No,178,No,LandCover-1,RoadClass-1,0,74
73953,49,250,-0.67,5.96,58.23,Combined,Others,S,PVC,106.08,Geology-2,15.48,SoilType-2,No,542,No,LandCover-1,RoadClass-0,0,36
23575,49,200,-0.75,8.1,28.14,Combined,MUF,S,PVC,118.72,Geology-2,15.57,SoilType-9,No,230,No,LandCover-2,RoadClass-3,0,41
70556,49,400,-1.31,1.47,41.23,Combined,MUF,S,BET,144.83,Geology-0,14.48,SoilType-9,No,133,No,LandCover-1,RoadClass-0,0,214
163899,49,230,-1.34,-10.24,32.82,Combined,MUF,S,BET,127.42,Geology-2,16.28,SoilType-5,No,142,No,LandCover-2,RoadClass-1,0,0
60026,49,250,-1.46,4.77,34.45,Combined,MUF,S,BET,127.46,Geology-2,16.29,SoilType-9,No,142,No,LandCover-4,RoadClass-2,0,41
60347,49,225,-1.46,-1.54,5.65,Combined,MUF,S,PVC,127.47,Geology-2,16.25,SoilType-5,No,142,No,LandCover-4,RoadClass-0,0,0
66117,49,200,-1.5,1.02,14.62,Wastewater,MUF,S,BET,129.67,Geology-2,30.39,SoilType-5,No,6,No,LandCover-2,RoadClass-0,0,0
65642,49,225,-1.8,3.55,60.67,Combined,MUF,S,BET,134.93,Geology-2,18.87,SoilType-5,No,200,No,LandCover-1,RoadClass-0,0,50
5275,49,250,-1.92,3.16,29.35,Combined,MUF,S,BET,127.54,Geology-2,16.3,SoilType-9,No,142,No,LandCover-1,RoadClass-2,0,65
172082,49,225,-1.98,0,44.65,Combined,Others,S,BET,135.09,Geology-2,19.03,SoilType-5,No,149,No,LandCover-1,RoadClass-0,14590,0
172075,49,225,-2.03,-0.73,32.42,Combined,MUF,S,BET,134.88,Geology-2,19.1,SoilType-5,No,200,No,LandCover-2,RoadClass-1,12750,112
172077,49,225,-2.17,-0.73,9.55,Combined,MUF,S,BET,134.96,Geology-2,19.08,SoilType-5,No,200,No,LandCover-2,RoadClass-1,12750,100
81301,49,225,-2.3,0.9,37.68,Combined,MUF,S,BET,135,Geology-2,19.04,SoilType-5,No,200,No,LandCover-4,RoadClass-2,0,148
71273,49,250,-2.39,3.49,45.4,Combined,MUF,S,BET,122.44,Geology-2,15.67,SoilType-9,No,14,No,LandCover-2,RoadClass-0,0,726
70585,49,400,-2.39,6.59,11.04,Combined,MUF,S,BET,144.8,Geology-0,14.53,SoilType-9,No,133,No,LandCover-1,RoadClass-0,0,276
168729,49,200,-2.4,6.13,38.23,Wastewater,Others,S,BET,133.23,Geology-2,18.35,SoilType-9,No,78,No,LandCover-4,RoadClass-3,0,264
65046,49,225,-2.47,0.31,18.26,Combined,MUF,S,BET,134.92,Geology-2,19.07,SoilType-5,No,200,No,LandCover-2,RoadClass-1,12750,162
70592,49,300,-2.56,9.68,12.45,Combined,MUF,S,BET,144.8,Geology-0,14.56,SoilType-9,No,133,No,LandCover-1,RoadClass-1,0,162
60348,49,230,-3.76,5.07,18.5,Combined,MUF,S,BET,127.45,Geology-2,16.26,SoilType-5,No,142,No,LandCover-2,RoadClass-1,0,219
67496,50,225,-0.43,7.39,27.59,Combined,MUF,S,BET,145.21,Geology-0,14.15,SoilType-9,No,129,No,LandCover-4,RoadClass-2,0,227
63182,50,300,-0.91,3.9,53.17,Combined,MUF,S,BET,133.93,Geology-2,18.15,SoilType-5,No,147,No,LandCover-1,RoadClass-0,0,30
24413,50,300,-1.17,0.72,25.17,Combined,MUF,S,BET,118.42,Geology-2,15.57,SoilType-9,No,230,No,LandCover-2,RoadClass-1,0,33
20363,50,230,-1.47,6.81,39.35,Combined,MUF,S,BET,120.66,Geology-2,15.59,SoilType-5,No,170,No,LandCover-2,RoadClass-3,0,11
24438,50,300,-1.5,0.63,36.99,Combined,MUF,S,BET,118.28,Geology-2,15.57,SoilType-9,No,230,No,LandCover-2,RoadClass-1,0,41
20361,50,230,-1.57,0.82,34.87,Combined,MUF,S,BET,120.42,Geology-2,15.59,SoilType-9,No,170,No,LandCover-2,RoadClass-1,0,16
66118,50,200,-1.6,1.26,25.12,Wastewater,MUF,S,BET,129.6,Geology-2,30.6,SoilType-5,No,6,No,LandCover-2,RoadClass-1,0,132
63193,50,300,-1.62,4.44,54.95,Combined,MUF,S,BET,133.8,Geology-2,18.46,SoilType-5,No,147,No,LandCover-1,RoadClass-1,0,310
24444,50,300,-1.78,-0.87,36.78,Combined,MUF,S,BET,117.87,Geology-2,15.57,SoilType-9,No,303,No,LandCover-2,RoadClass-1,0,22
63188,50,300,-2.32,6.13,28.62,Combined,MUF,S,BET,133.87,Geology-2,18.31,SoilType-5,No,147,No,LandCover-4,RoadClass-0,0,11
139504,50,250,-4.17,-4.03,32.16,Combined,Others,S,PVC,111.82,Geology-2,15.6,SoilType-9,No,21,No,LandCover-2,RoadClass-0,0,26
164749,50,300,-7.6,-0.22,35.27,Combined,Others,S,BET,111.8,Geology-2,15.59,SoilType-9,No,21,No,LandCover-2,RoadClass-0,0,614
70588,51,225,-0.49,2.66,35.53,Combined,MUF,S,BET,145.06,Geology-0,13.93,SoilType-9,No,133,No,LandCover-2,RoadClass-0,0,245
156937,51,250,-0.78,-0.44,18.13,Combined,Others,S,BET,126.89,Geology-0,16.78,SoilType-9,No,111,No,LandCover-2,RoadClass-1,0,0
5748,51,315,-0.86,4.3,23.36,Combined,Others,S,PVC,101.16,Geology-2,15.45,SoilType-2,No,405,No,LandCover-1,RoadClass-0,0,0
70584,51,225,-1.15,1.15,59.75,Combined,MUF,S,BET,144.86,Geology-0,14.52,SoilType-9,No,133,No,LandCover-2,RoadClass-3,0,502
4973,51,225,-1.16,1.24,28.51,Combined,MUF,S,BET,122.9,Geology-2,15.47,SoilType-2,No,266,No,LandCover-2,RoadClass-0,0,79
65752,51,250,-1.2,1.35,35.35,Stormwater,MUF,S,BET,134.98,Geology-2,17.38,SoilType-5,No,195,No,LandCover-1,RoadClass-1,0,9
4314,51,225,-1.22,3.28,35.96,Combined,MUF,S,BET,123.1,Geology-2,15.47,SoilType-3,No,266,No,LandCover-4,RoadClass-0,0,25
4335,51,225,-1.29,3.48,28.03,Combined,MUF,S,BET,123.53,Geology-2,15.48,SoilType-3,No,266,No,LandCover-4,RoadClass-0,0,104
62042,51,150,-1.48,2.88,43.28,Stormwater,MUF,S,PVC,131.47,Geology-0,20.1,SoilType-5,No,270,No,LandCover-1,RoadClass-1,16120,482
62041,51,150,-1.52,3.09,42,Wastewater,MUF,S,BET,131.47,Geology-0,20.09,SoilType-5,No,270,No,LandCover-1,RoadClass-1,16120,325
5039,51,200,-1.53,5.08,39.52,Combined,MUF,S,PVC,123.81,Geology-2,15.48,SoilType-3,No,195,No,LandCover-4,RoadClass-0,0,0
59702,51,250,-1.55,2.05,24.42,Combined,MUF,S,BET,127.02,Geology-0,16.8,SoilType-9,No,111,No,LandCover-2,RoadClass-2,0,0
4327,51,225,-1.87,1.79,41.06,Combined,MUF,S,BET,124.19,Geology-2,15.47,SoilType-3,No,195,No,LandCover-2,RoadClass-0,0,15
64931,51,150,-2.05,3.1,37.4,Combined,MUF,S,BET,134.85,Geology-2,19.62,SoilType-5,No,181,No,LandCover-1,RoadClass-0,0,0
150254,51,230,-4.29,-3.27,8.97,Combined,Others,S,BET,100.55,Geology-2,15.44,SoilType-2,No,284,No,LandCover-2,RoadClass-2,0,15
48336,52,225,-0.55,22.08,2.83,Combined,MUF,S,BET,124.28,Geology-2,15.47,SoilType-3,No,93,No,LandCover-1,RoadClass-0,0,78
59707,52,200,-0.73,3.33,46.32,Wastewater,MUF,S,BET,127.08,Geology-0,16.75,SoilType-4,No,66,No,LandCover-2,RoadClass-0,0,0
59227,52,225,-0.82,2.03,92.68,Combined,MUF,S,BET,124.43,Geology-2,16.22,SoilType-4,No,180,No,LandCover-4,RoadClass-3,0,62
24548,52,200,-1.2,5.64,6.32,Combined,Others,S,PVC,104.88,Geology-2,15.44,SoilType-2,No,405,No,LandCover-1,RoadClass-0,0,150
5763,52,315,-1.25,3.47,27.93,Combined,Others,S,PVC,101.84,Geology-2,15.45,SoilType-2,No,405,No,LandCover-1,RoadClass-0,0,0
9487,52,225,-1.26,14.17,21.99,Combined,Others,S,Others,107.29,Geology-2,15.44,SoilType-2,No,405,No,LandCover-1,RoadClass-1,0,27
5762,52,315,-1.28,5.75,47.89,Combined,Others,S,PVC,102.97,Geology-2,15.45,SoilType-2,No,405,No,LandCover-1,RoadClass-0,0,27
24547,52,200,-1.32,18.64,3.75,Wastewater,Others,S,PVC,105.51,Geology-2,15.44,SoilType-2,No,405,No,LandCover-1,RoadClass-0,0,0
160664,52,200,-1.41,3.73,41.45,Wastewater,Others,S,BET,126.98,Geology-0,16.76,SoilType-4,No,66,No,LandCover-2,RoadClass-0,0,67
160632,52,200,-1.46,3.54,32.87,Wastewater,MUF,S,BET,126.92,Geology-0,16.77,SoilType-9,No,111,No,LandCover-1,RoadClass-0,0,13
59709,52,150,-1.51,0.65,33.17,Wastewater,MUF,S,BET,127.08,Geology-0,16.73,SoilType-4,No,66,No,LandCover-2,RoadClass-0,0,0
20349,52,230,-1.78,0.68,39.64,Combined,MUF,S,BET,120.66,Geology-2,15.59,SoilType-5,No,170,No,LandCover-2,RoadClass-0,0,91
60644,52,200,-1.91,3.24,4.21,Stormwater,MUF,S,BET,129.73,Geology-2,16.73,SoilType-6,No,138,No,LandCover-1,RoadClass-1,8700,2400
20351,52,230,-2.05,0.43,39.07,Combined,MUF,S,BET,120.6,Geology-0,15.59,SoilType-5,No,170,No,LandCover-2,RoadClass-0,0,124
20353,52,230,-2.08,5.65,33.6,Combined,MUF,S,BET,120.38,Geology-0,15.59,SoilType-9,No,170,No,LandCover-2,RoadClass-2,0,165
9485,52,225,-2.6,19.53,17.87,Combined,MUF,S,BET,107.58,Geology-2,15.43,SoilType-2,No,405,No,LandCover-1,RoadClass-3,0,553
9490,52,225,-2.94,11.69,27.52,Combined,MUF,S,BET,107.35,Geology-2,15.44,SoilType-2,No,405,No,LandCover-1,RoadClass-0,0,14
9489,52,225,-3.02,7.64,64.96,Combined,MUF,S,BET,108.44,Geology-2,15.44,SoilType-2,No,182,No,LandCover-2,RoadClass-0,0,0
60661,53,200,-1,-7.44,9.08,Stormwater,MUF,S,BET,129.24,Geology-2,16.7,SoilType-9,No,95,No,LandCover-1,RoadClass-1,8700,12
14966,53,250,-1.06,-0.69,64.22,Combined,MUF,S,PVC,123.29,Geology-2,18.1,SoilType-9,No,93,No,LandCover-4,RoadClass-3,0,14
105767,53,300,-1.37,0.51,15.26,Stormwater,MUF,S,BET,124.36,Geology-0,16.19,SoilType-4,No,11,No,LandCover-1,RoadClass-0,0,94
154211,53,300,-1.86,3.6,61.92,Stormwater,Others,S,BET,124.32,Geology-2,16.2,SoilType-4,No,180,No,LandCover-1,RoadClass-0,0,95
154210,53,300,-4.05,-7.77,43.41,Stormwater,Others,Others,BET,124.32,Geology-2,16.21,SoilType-9,No,106,No,LandCover-1,RoadClass-1,0,82
4011,54,300,-0.45,1.7,51.24,Stormwater,MUF,S,BET,122.4,Geology-2,15.59,SoilType-9,No,5,No,LandCover-1,RoadClass-3,0,0
3976,54,200,-0.53,1.35,52.11,Combined,MUF,S,BET,122.4,Geology-2,15.59,SoilType-9,No,5,No,LandCover-1,RoadClass-3,0,0
71401,54,225,-1.33,0.67,29.11,Combined,MUF,S,BET,122.38,Geology-2,15.72,SoilType-9,No,138,No,LandCover-2,RoadClass-0,0,84
152225,54,300,-1.34,4.53,56.3,Stormwater,MUF,S,BET,122.4,Geology-2,15.61,SoilType-9,No,236,No,LandCover-1,RoadClass-3,0,0
152223,54,200,-1.37,4.98,56.49,Combined,MUF,S,BET,122.4,Geology-2,15.61,SoilType-9,No,236,No,LandCover-1,RoadClass-3,0,0
59728,54,200,-1.47,3.45,10.57,Combined,MUF,S,BET,127.55,Geology-0,16.91,SoilType-9,No,80,No,LandCover-2,RoadClass-0,0,56
60634,54,225,-1.61,-0.33,12.9,Combined,MUF,S,BET,129.57,Geology-2,16.73,SoilType-6,No,95,No,LandCover-1,RoadClass-0,8700,72
71397,54,225,-1.66,4,30.03,Combined,MUF,S,BET,122.4,Geology-2,15.7,SoilType-9,No,138,No,LandCover-4,RoadClass-1,0,7
71398,54,225,-1.81,0.2,47,Combined,MUF,S,BET,122.39,Geology-2,15.71,SoilType-9,No,138,No,LandCover-2,RoadClass-1,0,30
49799,54,225,-2.13,2.71,40.51,Combined,MUF,S,BET,122.4,Geology-2,15.58,SoilType-9,No,104,No,LandCover-1,RoadClass-0,0,25
20338,54,400,-2.13,0.52,79.33,Combined,MUF,S,BET,119.07,Geology-2,15.59,SoilType-9,No,129,No,LandCover-2,RoadClass-1,0,22
162041,54,400,-2.56,-0.16,25.07,Combined,MUF,S,BET,119.06,Geology-2,15.59,SoilType-9,No,129,No,LandCover-2,RoadClass-1,0,0
20339,54,400,-2.7,3.38,30.77,Combined,MUF,S,BET,119.16,Geology-2,15.59,SoilType-9,No,129,No,LandCover-2,RoadClass-3,0,147
73967,54,250,-3.15,0.03,52.02,Combined,MUF,S,BET,106.08,Geology-2,15.47,SoilType-0,No,542,No,LandCover-3,RoadClass-0,0,782
73968,54,200,-4.1,2.63,17.68,Combined,Others,S,PVC,106.14,Geology-2,15.47,SoilType-0,No,216,No,LandCover-3,RoadClass-0,0,0
5607,55,400,-0.63,4.01,51.64,Stormwater,MUF,S,BET,122.48,Geology-2,15.72,SoilType-9,No,104,No,LandCover-1,RoadClass-0,0,51
4080,55,400,-1.02,0.04,62.46,Stormwater,MUF,S,BET,122.42,Geology-2,15.6,SoilType-9,No,104,No,LandCover-2,RoadClass-0,0,46
128736,55,225,-1.19,-1.42,34.15,Wastewater,MUF,S,BET,123.75,Geology-2,18.17,SoilType-9,No,135,No,LandCover-2,RoadClass-3,0,93
161478,55,230,-1.26,-1.38,42.6,Combined,Others,S,BET,122.51,Geology-2,15.71,SoilType-9,No,111,No,LandCover-2,RoadClass-0,0,36
161737,55,400,-1.32,-0.06,41.23,Stormwater,Others,S,BET,122.41,Geology-2,15.61,SoilType-9,No,109,No,LandCover-4,RoadClass-0,0,20
61057,55,250,-1.45,2.85,39.97,Combined,MUF,S,BET,128.45,Geology-0,19.21,SoilType-9,No,56,No,LandCover-4,RoadClass-2,0,45
6253,55,230,-1.5,-0.06,44.02,Combined,MUF,S,BET,122.49,Geology-2,15.72,SoilType-9,No,111,No,LandCover-1,RoadClass-0,0,88
4081,55,400,-1.52,1.2,19.03,Stormwater,MUF,S,BET,122.41,Geology-2,15.6,SoilType-9,No,104,No,LandCover-2,RoadClass-0,0,31
159415,55,250,-1.59,6.35,37.31,Combined,Others,S,BET,128.07,Geology-0,19.15,SoilType-9,No,80,No,LandCover-2,RoadClass-2,0,21
6520,55,225,-1.77,2.95,32.94,Combined,MUF,S,BET,105.4,Geology-2,15.43,SoilType-2,No,405,No,LandCover-2,RoadClass-0,0,0
49798,55,230,-1.79,-1.7,59.87,Combined,MUF,S,BET,122.42,Geology-2,15.59,SoilType-9,No,104,No,LandCover-4,RoadClass-0,0,146
4079,55,400,-1.9,0.32,48.07,Stormwater,MUF,S,BET,122.44,Geology-2,15.6,SoilType-9,No,104,No,LandCover-4,RoadClass-0,0,0
61119,55,250,-1.95,9.14,30.39,Combined,MUF,S,BET,128.3,Geology-0,19.18,SoilType-9,No,56,No,LandCover-2,RoadClass-2,0,442
159416,55,250,-1.97,-4.55,51.76,Combined,Others,S,BET,128.19,Geology-0,19.17,SoilType-9,No,56,No,LandCover-2,RoadClass-2,0,18
161480,55,230,-2.03,1.82,51.61,Combined,MUF,S,BET,122.44,Geology-2,15.73,SoilType-9,No,104,No,LandCover-4,RoadClass-0,0,21
159414,55,250,-2.11,4.39,55,Combined,Others,S,BET,127.65,Geology-0,16.92,SoilType-9,No,80,No,LandCover-2,RoadClass-1,0,7
161481,55,230,-2.15,5.03,54.97,Combined,MUF,S,BET,122.47,Geology-2,15.72,SoilType-9,No,104,No,LandCover-2,RoadClass-0,0,15
59739,55,250,-2.87,14.1,49.69,Combined,MUF,S,BET,127.94,Geology-0,19.14,SoilType-9,No,80,No,LandCover-2,RoadClass-2,0,0
61061,55,250,-3.32,7.89,28.47,Combined,MUF,S,BET,128.37,Geology-0,19.2,SoilType-9,No,56,No,LandCover-3,RoadClass-1,0,53
159413,55,250,-3.83,-4.66,52.55,Combined,Others,S,BET,127.8,Geology-0,19.12,SoilType-9,No,80,No,LandCover-2,RoadClass-1,0,102
168585,55,300,-7.42,13.92,46.59,Stormwater,Others,S,BET,124.82,Geology-2,15.45,SoilType-3,No,93,No,LandCover-4,RoadClass-3,0,910
66600,56,200,-0.32,3.9,32.43,Wastewater,MUF,S,BET,129.57,Geology-2,32.5,SoilType-5,No,38,No,LandCover-2,RoadClass-0,0,0
66604,56,200,-0.76,4.69,29.89,Wastewater,MUF,S,BET,130.91,Geology-2,30.41,SoilType-5,No,38,No,LandCover-2,RoadClass-0,0,494
15083,56,225,-0.93,2.15,17.78,Combined,MUF,S,BET,123.23,Geology-2,18.11,SoilType-9,No,93,No,LandCover-3,RoadClass-3,0,0
161397,56,150,-1.15,0.56,70.2,Stormwater,Others,S,BET,124.6,Geology-2,16.25,SoilType-4,No,106,No,LandCover-2,RoadClass-0,8700,0
66606,56,200,-1.22,6.6,18.97,Wastewater,MUF,S,BET,131.13,Geology-2,30.31,SoilType-5,No,38,No,LandCover-2,RoadClass-0,0,0
66607,56,200,-1.24,-1.98,39.3,Wastewater,MUF,S,BET,131.4,Geology-2,30.05,SoilType-5,No,38,No,LandCover-1,RoadClass-0,0,0
3980,56,225,-1.71,6.65,52.9,Combined,MUF,S,BET,122.43,Geology-2,15.67,SoilType-9,No,138,No,LandCover-2,RoadClass-0,0,208
66599,56,200,-1.83,2.23,27.19,Wastewater,MUF,S,BET,129.77,Geology-2,32.12,SoilType-5,No,38,No,LandCover-2,RoadClass-1,0,0
66643,56,200,-1.87,5.25,39.13,Wastewater,MUF,S,BET,130.58,Geology-2,30.74,SoilType-5,No,38,No,LandCover-2,RoadClass-0,0,0
66661,56,200,-1.97,0.93,40.22,Wastewater,MUF,S,BET,130.07,Geology-2,31.76,SoilType-5,No,38,No,LandCover-2,RoadClass-2,0,113
14964,56,225,-2.05,0.51,25.79,Combined,MUF,S,BET,123.41,Geology-2,18.07,SoilType-9,No,93,No,LandCover-3,RoadClass-3,0,617
1127,56,150,-2.09,1.83,37.19,Combined,MUF,S,BET,123.16,Geology-2,18.12,SoilType-9,No,93,No,LandCover-2,RoadClass-3,0,29
66664,56,200,-2.42,2.54,29.75,Wastewater,MUF,S,BET,128.93,Geology-2,33.66,SoilType-5,No,138,No,LandCover-2,RoadClass-1,0,212
66659,56,185,-2.6,1.17,37.08,Wastewater,MUF,S,PVC,131.85,Geology-2,29.75,SoilType-5,No,38,No,LandCover-1,RoadClass-0,4200,101
66663,56,200,-2.7,5.25,19.25,Wastewater,MUF,S,BET,129.14,Geology-2,33.32,SoilType-5,No,138,No,LandCover-2,RoadClass-1,0,0
5864,56,225,-3.07,4.68,52.27,Combined,MUF,S,BET,111.06,Geology-2,15.41,SoilType-2,No,182,No,LandCover-1,RoadClass-0,0,132
66662,56,200,-3.27,1.68,30.06,Wastewater,MUF,S,BET,129.35,Geology-2,32.91,SoilType-5,No,138,No,LandCover-2,RoadClass-1,0,730
14848,57,225,-0.49,1.24,45.38,Stormwater,MUF,S,BET,122.48,Geology-2,15.59,SoilType-2,No,236,No,LandCover-1,RoadClass-1,6690,83
3982,57,225,-0.77,1.89,14.23,Combined,MUF,S,BET,122.46,Geology-2,15.66,SoilType-9,No,14,No,LandCover-1,RoadClass-0,0,345
5293,57,150,-0.92,1.59,64.89,Stormwater,MUF,S,BET,122.5,Geology-0,15.59,SoilType-2,No,318,No,LandCover-2,RoadClass-1,6690,346
5299,57,225,-1.03,3.02,9.15,Combined,MUF,S,BET,127.81,Geology-2,16.44,SoilType-5,No,82,No,LandCover-4,RoadClass-0,8700,0
3979,57,225,-1.41,2.11,26.15,Combined,MUF,S,BET,122.42,Geology-2,15.68,SoilType-9,No,138,No,LandCover-1,RoadClass-0,0,215
169669,57,225,-1.48,1.48,47.41,Combined,MUF,S,BET,139.29,Geology-2,19.01,SoilType-4,No,62,No,LandCover-1,RoadClass-0,0,0
55538,57,225,-2.2,4.55,45.75,Combined,MUF,S,BET,139.1,Geology-2,18.74,SoilType-4,No,62,No,LandCover-4,RoadClass-0,0,89
170138,57,225,-4.04,-0.84,41.17,Combined,MUF,S,BET,139.04,Geology-2,18.33,SoilType-4,No,62,No,LandCover-4,RoadClass-0,0,14
56844,58,225,-0.36,1.33,45.73,Combined,MUF,S,BET,138.66,Geology-2,24.39,SoilType-4,No,180,No,LandCover-4,RoadClass-0,0,0
161917,58,250,-1.28,1.14,7.52,Stormwater,MUF,S,BET,138.34,Geology-2,24.22,SoilType-4,No,180,No,LandCover-1,RoadClass-0,0,141
56843,58,225,-1.28,-0.81,6.36,Combined,MUF,S,BET,138.82,Geology-2,24.46,SoilType-4,No,180,No,LandCover-1,RoadClass-0,0,0
56660,58,250,-1.43,0.93,46.83,Wastewater,MUF,S,BET,138.27,Geology-2,24.02,SoilType-4,No,231,No,LandCover-2,RoadClass-0,0,164
55355,58,200,-1.59,1.96,12.67,Stormwater,Others,S,PVC,139.25,Geology-2,21.23,SoilType-2,No,62,No,LandCover-2,RoadClass-0,0,0
56658,58,250,-1.73,2.02,40.65,Combined,MUF,S,BET,138.45,Geology-2,24.33,SoilType-4,No,180,No,LandCover-1,RoadClass-0,0,25
161057,58,225,-2.12,-2.54,6.2,Combined,Others,S,BET,130.8,Geology-2,19.12,SoilType-6,No,120,No,LandCover-1,RoadClass-0,0,0
62491,58,225,-2.91,2.12,43.23,Combined,MUF,S,BET,130.85,Geology-2,19.13,SoilType-6,No,120,No,LandCover-1,RoadClass-1,0,7
163387,59,225,-0.43,-2.85,11.94,Combined,Others,S,BET,134.22,Geology-0,21.5,SoilType-5,No,121,No,LandCover-2,RoadClass-1,0,0
163386,59,300,-0.68,0.68,42.81,Combined,Others,S,BET,122.39,Geology-0,15.66,SoilType-4,No,5,No,LandCover-1,RoadClass-0,6690,178
14854,59,300,-1.01,1.39,46.03,Combined,MUF,S,BET,122.4,Geology-0,15.64,SoilType-4,No,5,No,LandCover-1,RoadClass-0,6690,24
14857,59,300,-1.44,1.41,35.6,Combined,MUF,S,BET,122.39,Geology-0,15.69,SoilType-4,No,54,No,LandCover-4,RoadClass-0,6690,205
64970,59,150,-1.45,1.93,53.15,Combined,MUF,S,BET,133.71,Geology-0,21.87,SoilType-5,No,121,No,LandCover-2,RoadClass-0,0,370
4015,59,300,-1.54,0.97,11.76,Combined,MUF,S,BET,122.4,Geology-0,15.63,SoilType-4,No,236,No,LandCover-1,RoadClass-0,6690,0
41001,59,200,-1.58,11.38,23.36,Wastewater,MUF,S,PVC,109.49,Geology-2,15.53,SoilType-2,No,139,No,LandCover-1,RoadClass-0,0,0
14855,59,300,-1.61,1.62,42.09,Combined,MUF,S,BET,122.39,Geology-0,15.67,SoilType-4,No,5,No,LandCover-4,RoadClass-0,6690,88
64926,59,225,-1.69,-0.68,30.18,Wastewater,MUF,S,BET,134.29,Geology-0,21.42,SoilType-5,No,181,No,LandCover-2,RoadClass-1,0,17
163388,59,225,-1.99,2.72,53.31,Combined,MUF,S,BET,133.82,Geology-0,21.98,SoilType-5,No,121,No,LandCover-2,RoadClass-2,0,53
164359,59,225,-2.05,0.78,48.7,Combined,MUF,S,BET,135.94,Geology-2,15.56,SoilType-5,No,251,No,LandCover-4,RoadClass-0,6800,124
64921,59,225,-2.45,4.7,34.32,Combined,MUF,S,BET,134.03,Geology-0,21.75,SoilType-5,No,121,No,LandCover-2,RoadClass-1,0,327
64922,59,225,-2.89,3.43,37.54,Combined,MUF,S,BET,134.15,Geology-0,21.62,SoilType-5,No,121,No,LandCover-2,RoadClass-1,0,220
163389,59,225,-3.16,2.68,13.54,Combined,MUF,S,BET,133.94,Geology-0,21.87,SoilType-5,No,121,No,LandCover-2,RoadClass-2,0,794
73690,59,160,-3.19,5.96,16.98,Combined,MUF,S,PVC,111.17,Geology-2,15.61,SoilType-3,No,125,No,LandCover-1,RoadClass-2,0,200
147050,59,225,-3.86,6.57,60.18,Combined,MUF,S,BET,133.46,Geology-0,22.41,SoilType-5,No,121,No,LandCover-2,RoadClass-1,0,112
58179,60,200,-0.8,1.77,82.86,Combined,MUF,S,BET,123.7,Geology-2,16.13,SoilType-9,No,151,No,LandCover-2,RoadClass-1,8700,83
153539,60,250,-1.06,-4.13,8.31,Combined,Others,S,BET,123.36,Geology-2,16.08,SoilType-4,No,102,No,LandCover-2,RoadClass-1,0,225
14958,60,200,-1.16,0.92,18.18,Combined,MUF,S,BET,123.24,Geology-2,17.96,SoilType-9,No,236,No,LandCover-2,RoadClass-3,0,0
14956,60,200,-1.28,0.84,20.32,Combined,MUF,S,BET,123.24,Geology-2,17.99,SoilType-9,No,236,No,LandCover-4,RoadClass-0,0,166
153424,60,200,-1.48,2.45,59.83,Combined,Others,S,BET,123.55,Geology-2,16.11,SoilType-9,No,102,No,LandCover-4,RoadClass-1,0,290
58192,60,600,-1.64,-2.38,10.5,Combined,Others,S,BET,123.38,Geology-2,16.08,SoilType-4,No,102,No,LandCover-2,RoadClass-0,8700,0
59433,60,200,-1.93,1.86,60.45,Combined,MUF,S,BET,123.86,Geology-2,16.15,SoilType-9,No,151,No,LandCover-2,RoadClass-1,8700,371
66285,61,225,-0.55,4,41.34,Wastewater,Others,S,BET,133.11,Geology-0,26.77,SoilType-5,No,44,No,LandCover-4,RoadClass-3,0,5
60609,61,300,-0.59,10.3,25.71,Combined,MUF,S,BET,130.82,Geology-2,16.58,SoilType-9,No,181,No,LandCover-2,RoadClass-0,0,118
155618,61,225,-0.65,-0.9,58.84,Wastewater,Others,S,BET,133.47,Geology-0,26.41,SoilType-5,No,44,No,LandCover-2,RoadClass-3,0,5
66075,61,225,-2.67,0.96,61.45,Wastewater,MUF,S,BET,132.98,Geology-0,27.1,SoilType-6,No,44,No,LandCover-4,RoadClass-2,0,18
9566,61,150,-3.9,0.16,30.05,Combined,Others,S,BET,115.58,Geology-2,15.49,SoilType-2,No,122,No,LandCover-4,RoadClass-1,0,31
5007,61,225,-4.41,0.59,38.51,Combined,MUF,S,BET,117.15,Geology-2,15.5,SoilType-2,No,146,No,LandCover-4,RoadClass-0,0,22
162869,61,300,-5.14,11.93,32.5,Combined,MUF,S,BET,130.89,Geology-2,16.54,SoilType-9,No,181,No,LandCover-2,RoadClass-0,0,91
9567,61,150,-6.88,0.53,39.94,Combined,MUF,S,BET,116.39,Geology-2,15.5,SoilType-2,No,146,No,LandCover-1,RoadClass-1,0,82
66536,62,150,-0.89,0.66,26.01,Wastewater,MUF,S,BET,130.23,Geology-2,32.65,SoilType-5,No,130,No,LandCover-2,RoadClass-1,4200,118
66537,62,150,-2.04,1.47,20.25,Wastewater,MUF,S,BET,130.02,Geology-2,32.95,SoilType-5,No,130,No,LandCover-4,RoadClass-0,4200,95
157076,63,225,-2.01,7.87,31.27,Combined,MUF,S,BET,122.42,Geology-2,15.65,SoilType-6,No,104,No,LandCover-2,RoadClass-3,0,90
5541,64,225,-1.14,3.06,35.32,Combined,MUF,S,BET,122.44,Geology-2,15.67,SoilType-6,No,104,No,LandCover-1,RoadClass-1,0,40
1699,64,225,-1.58,3.82,10.51,Combined,MUF,S,BET,122.5,Geology-2,15.67,SoilType-6,No,111,No,LandCover-2,RoadClass-0,0,155
44212,64,230,-1.59,10.14,16.48,Combined,MUF,S,BET,107.94,Geology-2,15.51,SoilType-2,No,150,No,LandCover-1,RoadClass-2,0,0
73958,64,150,-1.7,5.69,6.49,Combined,MUF,S,BET,106.17,Geology-2,15.49,SoilType-2,No,376,No,LandCover-1,RoadClass-0,0,102
5542,64,225,-1.73,2.12,35.33,Combined,MUF,S,BET,122.45,Geology-2,15.67,SoilType-6,No,104,No,LandCover-1,RoadClass-1,0,83
12450,64,225,-1.76,5.69,44.9,Combined,MUF,S,BET,122.47,Geology-2,15.67,SoilType-6,No,111,No,LandCover-1,RoadClass-1,0,4
160341,64,225,-1.79,-5.71,14.21,Combined,Others,S,BET,122.42,Geology-2,15.66,SoilType-6,No,104,No,LandCover-2,RoadClass-1,0,0
97785,64,400,-1.88,13.28,21.71,Combined,MUF,S,BET,110.73,Geology-2,15.43,SoilType-2,No,182,Yes,LandCover-2,RoadClass-3,0,72
14959,64,200,-2.48,1.54,27.89,Combined,MUF,S,BET,123.26,Geology-2,18.01,SoilType-9,No,236,No,LandCover-2,RoadClass-2,0,28
66273,64,225,-3.14,1.41,71.51,Wastewater,MUF,S,BET,133.23,Geology-0,27.1,SoilType-5,No,44,No,LandCover-2,RoadClass-0,0,20
23559,66,225,-1.22,6.11,27.31,Combined,MUF,S,BET,117.86,Geology-2,15.57,SoilType-9,No,303,No,LandCover-2,RoadClass-1,0,11
149910,67,230,-1.31,1.28,2.88,Stormwater,Others,Others,BET,122.5,Geology-0,15.6,SoilType-2,No,318,No,LandCover-1,RoadClass-2,6690,900
149912,67,150,-1.5,0.13,7.98,Stormwater,Others,Others,BET,122.51,Geology-0,15.59,SoilType-2,No,318,No,LandCover-1,RoadClass-0,6690,81
24452,68,300,-0.07,2.77,43.82,Combined,MUF,S,BET,117.36,Geology-2,15.57,SoilType-9,No,303,No,LandCover-1,RoadClass-1,0,76
4256,68,225,-0.1,4.93,33.43,Combined,MUF,S,BET,123.8,Geology-2,15.48,SoilType-2,No,237,No,LandCover-1,RoadClass-2,0,506
24451,68,300,-0.36,0.87,29.43,Combined,MUF,S,BET,117.3,Geology-2,15.56,SoilType-9,No,303,No,LandCover-2,RoadClass-1,0,7
4253,68,225,-0.77,0.89,25.29,Combined,MUF,S,BET,123.72,Geology-2,15.49,SoilType-2,No,195,No,LandCover-1,RoadClass-1,0,606
4240,68,300,-0.94,1.68,25.27,Combined,MUF,S,BET,123.18,Geology-2,15.51,SoilType-2,No,195,No,LandCover-4,RoadClass-2,0,905
4245,68,225,-1.1,5.17,29.99,Combined,MUF,S,BET,123.26,Geology-2,15.51,SoilType-2,No,195,No,LandCover-1,RoadClass-1,0,277
24454,68,300,-1.31,1.74,8.15,Combined,MUF,S,BET,117.58,Geology-2,15.57,SoilType-9,No,230,No,LandCover-2,RoadClass-1,0,138
45942,68,225,-1.37,2.18,54.76,Combined,MUF,S,BET,107.79,Geology-2,15.5,SoilType-2,No,382,No,LandCover-4,RoadClass-1,0,1112
4247,68,225,-1.42,6.52,18.89,Combined,MUF,S,BET,123.42,Geology-2,15.5,SoilType-2,No,195,No,LandCover-1,RoadClass-0,0,154
4250,68,225,-1.48,2.4,8.86,Combined,MUF,S,BET,123.59,Geology-2,15.49,SoilType-2,No,195,No,LandCover-4,RoadClass-1,0,0
4251,68,225,-1.53,0.64,18.04,Combined,Others,S,BET,123.64,Geology-2,15.49,SoilType-2,No,195,No,LandCover-1,RoadClass-1,0,0
4248,68,225,-1.71,4.17,13.45,Combined,MUF,S,BET,123.52,Geology-2,15.49,SoilType-2,No,195,No,LandCover-2,RoadClass-1,0,68
24455,68,300,-1.81,1.77,13.21,Combined,MUF,S,BET,117.63,Geology-2,15.57,SoilType-9,No,230,No,LandCover-2,RoadClass-2,0,16
47622,69,230,-0.89,5.43,20.25,Combined,MUF,S,BET,108.23,Geology-2,15.51,SoilType-2,No,139,No,LandCover-1,RoadClass-2,0,127
46113,69,225,-0.96,8.37,21.51,Combined,Others,S,Others,106.76,Geology-2,15.5,SoilType-2,No,546,No,LandCover-1,RoadClass-0,0,159
44204,69,230,-1.18,0.96,27.93,Combined,MUF,S,BET,108.32,Geology-2,15.51,SoilType-2,No,139,No,LandCover-1,RoadClass-1,13550,158
14466,85,225,-0.88,6.9,43.42,Combined,MUF,S,BET,122.86,Geology-2,15.51,SoilType-2,No,180,No,LandCover-4,RoadClass-0,0,756
47588,86,225,-0.39,6.37,57.69,Combined,Others,S,Others,107.17,Geology-2,15.5,SoilType-2,No,382,No,LandCover-1,RoadClass-0,0,274
47591,86,150,-0.48,5.31,21.62,Combined,MUF,S,BET,107.08,Geology-2,15.49,SoilType-2,No,382,No,LandCover-1,RoadClass-2,0,141
74028,86,315,-0.59,6.87,52.51,Combined,Others,S,PVC,105.81,Geology-2,15.47,SoilType-2,No,171,No,LandCover-1,RoadClass-0,0,91
44219,86,300,-1.15,4.83,27.65,Combined,Others,S,BET,107.32,Geology-2,15.5,SoilType-2,No,150,No,LandCover-1,RoadClass-0,0,328
46098,86,225,-1.31,12.02,7.7,Combined,MUF,S,BET,107.26,Geology-2,15.5,SoilType-2,No,382,No,LandCover-1,RoadClass-0,0,786
46129,86,225,-1.4,2.59,24.69,Combined,Others,S,BET,107.23,Geology-2,15.49,SoilType-2,No,382,No,LandCover-1,RoadClass-0,0,162
46103,86,250,-1.64,5.14,10.81,Combined,MUF,S,BET,107.25,Geology-2,15.5,SoilType-2,No,382,No,LandCover-1,RoadClass-0,0,443
13787,86,250,-1.95,6.16,41.11,Combined,Others,S,Others,98.73,Geology-2,15.45,SoilType-2,Yes,523,No,LandCover-1,RoadClass-0,0,195
44218,86,315,-2.25,6.93,11.81,Combined,Others,S,PVC,107.4,Geology-2,15.51,SoilType-2,No,150,No,LandCover-1,RoadClass-0,0,9
74261,86,225,-3.18,12.28,26.39,Combined,MUF,S,BET,105.85,Geology-2,15.47,SoilType-2,No,542,No,LandCover-1,RoadClass-1,0,77
74029,86,200,-3.62,2.13,38.99,Combined,Others,S,Others,105.87,Geology-2,15.47,SoilType-2,No,542,No,LandCover-1,RoadClass-0,0,181
43070,86,315,-7.42,12.69,41.37,Combined,Others,S,PVC,107.47,Geology-2,15.51,SoilType-2,No,150,No,LandCover-1,RoadClass-2,0,118
47590,89,250,-0.81,1.35,27.22,Combined,Others,S,Others,107.14,Geology-2,15.49,SoilType-2,No,382,No,LandCover-1,RoadClass-0,0,342
41056,89,300,-1.25,1.66,46.46,Combined,Others,S,Others,110.11,Geology-2,15.52,SoilType-0,No,342,No,LandCover-1,RoadClass-0,0,603
71122,89,230,-1.64,0.94,27.4,Combined,MUF,S,BET,111,Geology-2,15.53,SoilType-0,No,330,No,LandCover-1,RoadClass-0,0,177
26913,89,225,-1.86,1.95,49.88,Combined,Others,S,Others,110.44,Geology-2,15.53,SoilType-2,No,342,No,LandCover-1,RoadClass-0,0,37
72419,89,300,-2.12,-0.64,9.2,Combined,MUF,S,BET,109.42,Geology-2,15.52,SoilType-0,No,102,No,LandCover-1,RoadClass-1,0,722
26914,89,230,-2.52,1.62,45.17,Combined,MUF,S,Others,110.73,Geology-2,15.53,SoilType-0,No,342,No,LandCover-1,RoadClass-0,0,2
41073,89,230,-3.37,0.6,58.52,Combined,Others,S,Others,109.15,Geology-2,15.52,SoilType-0,No,139,No,LandCover-1,RoadClass-0,0,26
170865,90,200,-0.1,15.59,15.48,Combined,Others,S,PVC,96.44,Geology-2,15.45,SoilType-2,Yes,498,No,LandCover-1,RoadClass-0,0,0
4241,90,400,-0.56,0.59,40.01,Combined,MUF,S,BET,123.18,Geology-2,15.51,SoilType-2,No,237,No,LandCover-4,RoadClass-2,0,123
13804,90,225,-0.86,2.03,37.67,Combined,Others,S,Others,97.24,Geology-2,15.46,SoilType-2,No,523,No,LandCover-1,RoadClass-0,0,240
2753,90,300,-1.35,3.32,26.53,Combined,MUF,S,BET,122.85,Geology-2,15.52,SoilType-2,No,180,No,LandCover-4,RoadClass-0,0,181
4238,90,300,-1.38,1.58,20.21,Combined,MUF,S,BET,123.19,Geology-2,15.51,SoilType-2,No,195,No,LandCover-2,RoadClass-2,0,671
4242,90,400,-1.6,0.76,33.01,Combined,MUF,S,BET,123.19,Geology-2,15.51,SoilType-2,No,237,No,LandCover-4,RoadClass-1,0,124
4234,90,300,-1.72,0.61,16.53,Combined,MUF,S,BET,123.14,Geology-2,15.51,SoilType-2,No,195,No,LandCover-4,RoadClass-2,0,208
4235,90,300,-1.73,0.76,19.54,Combined,MUF,S,BET,123.13,Geology-2,15.51,SoilType-2,No,195,No,LandCover-4,RoadClass-2,0,525
2747,90,450,-1.77,1.01,43.71,Combined,MUF,S,BET,123.03,Geology-2,15.51,SoilType-2,No,237,No,LandCover-4,RoadClass-0,0,28
4236,90,300,-1.77,3.48,13.17,Combined,MUF,S,BET,123.14,Geology-2,15.51,SoilType-2,No,195,No,LandCover-4,RoadClass-2,0,580
2750,90,450,-1.81,-0.5,34.81,Combined,MUF,S,BET,122.92,Geology-2,15.51,SoilType-2,No,237,No,LandCover-2,RoadClass-0,0,109
2748,90,450,-1.85,0.5,27.27,Combined,MUF,S,BET,122.97,Geology-2,15.51,SoilType-2,No,237,No,LandCover-2,RoadClass-0,0,8
171953,90,300,-1.97,-2.35,11.05,Combined,MUF,S,BET,123.14,Geology-2,15.51,SoilType-2,No,195,No,LandCover-4,RoadClass-2,0,0
4237,90,300,-2.67,0.74,39.44,Combined,MUF,S,BET,123.16,Geology-2,15.51,SoilType-2,No,195,No,LandCover-4,RoadClass-2,0,0
44151,91,229,-0.17,0.05,27.75,Combined,MUF,S,BET,106.75,Geology-2,15.51,SoilType-2,No,546,No,LandCover-1,RoadClass-1,0,110
14274,91,300,-0.43,12.73,55.38,Combined,MUF,S,BET,97.22,Geology-2,15.45,SoilType-2,Yes,523,No,LandCover-1,RoadClass-0,0,941
13806,91,300,-0.73,5.67,15.01,Combined,Others,S,Others,97.56,Geology-2,15.46,SoilType-2,No,523,No,LandCover-1,RoadClass-0,0,153
74315,91,200,-0.76,1.35,9.1,Combined,Others,S,BET,105.88,Geology-2,15.46,SoilType-2,No,542,No,LandCover-1,RoadClass-0,0,88
13807,91,300,-1.18,5.47,7.04,Combined,Others,S,Others,97.94,Geology-2,15.47,SoilType-2,No,523,No,LandCover-1,RoadClass-0,0,193
162305,91,300,-1.88,10.96,28.22,Combined,Others,S,Others,97.72,Geology-2,15.46,SoilType-2,No,523,No,LandCover-1,RoadClass-0,0,177
83936,92,225,-2.42,4.74,32.36,Combined,MUF,S,Others,106.6,Geology-2,15.5,SoilType-2,No,546,No,LandCover-1,RoadClass-0,0,263
83937,92,225,-2.71,2.59,53.65,Combined,MUF,S,Others,106.51,Geology-2,15.5,SoilType-2,No,546,No,LandCover-2,RoadClass-0,0,215
46009,93,305,-0.83,15.54,9.78,Combined,MUF,S,BET,107.41,Geology-2,15.5,SoilType-2,No,382,No,LandCover-1,RoadClass-1,0,293
44200,93,225,-1.03,1.77,25.91,Combined,Others,S,Others,107.88,Geology-2,15.5,SoilType-2,No,382,No,LandCover-1,RoadClass-0,0,426
47624,93,229,-1.38,-8.84,8.38,Combined,MUF,S,BET,107.57,Geology-2,15.5,SoilType-2,No,382,No,LandCover-2,RoadClass-1,0,1000
46006,93,200,-2.63,7.6,30.5,Combined,Others,S,PVC,107.51,Geology-2,15.5,SoilType-2,No,382,No,LandCover-2,RoadClass-1,0,119
166154,93,305,-2.68,8.38,17.26,Combined,MUF,S,BET,107.45,Geology-2,15.5,SoilType-2,No,382,No,LandCover-1,RoadClass-2,0,111
13800,96,250,-0.36,2.58,31.53,Combined,MUF,S,Others,98.19,Geology-2,15.45,SoilType-2,Yes,523,No,LandCover-1,RoadClass-0,0,191
13798,96,250,-1.06,6.08,8.97,Combined,Others,S,Others,98.45,Geology-2,15.45,SoilType-2,Yes,523,No,LandCover-1,RoadClass-0,0,325
27905,96,400,-2.02,-0.05,5.83,Combined,Others,S,Others,103.66,Geology-2,15.47,SoilType-2,No,85,No,LandCover-1,RoadClass-0,0,233
14509,98,225,-1.04,3.37,24.3,Combined,MUF,S,BET,100.45,Geology-2,15.47,SoilType-2,No,432,No,LandCover-1,RoadClass-0,0,167
14510,98,225,-3.03,7.55,41.82,Combined,MUF,S,BET,100.9,Geology-2,15.47,SoilType-2,No,432,No,LandCover-1,RoadClass-1,0,282
75231,99,300,-0.71,5.67,11.18,Combined,Others,S,Others,106.73,Geology-2,15.51,SoilType-2,No,546,No,LandCover-1,RoadClass-0,0,118
73966,99,300,-1.25,7.54,11.77,Combined,Others,S,Others,106.65,Geology-2,15.5,SoilType-2,No,546,No,LandCover-1,RoadClass-0,0,333
73965,99,300,-1.62,7.85,13.28,Combined,Others,S,Others,106.63,Geology-2,15.5,SoilType-2,No,546,No,LandCover-1,RoadClass-0,0,627
158102,99,300,-1.67,-4.65,8.33,Combined,Others,S,Others,106.57,Geology-2,15.5,SoilType-2,No,546,No,LandCover-1,RoadClass-0,0,12
158100,99,300,-1.76,-2.47,6.1,Combined,Others,S,Others,106.61,Geology-2,15.5,SoilType-2,No,546,No,LandCover-1,RoadClass-0,0,0
73989,99,300,-2.29,5.24,33.12,Combined,Others,S,Others,106.52,Geology-2,15.5,SoilType-2,No,546,No,LandCover-1,RoadClass-1,0,165
159992,100,285,-1,0.14,15.69,Combined,Others,S,PVC,97.64,Geology-2,15.45,SoilType-2,Yes,523,Yes,LandCover-1,RoadClass-2,0,299
160237,100,150,-1.57,-0.82,12.34,Stormwater,Others,Others,Others,103.95,Geology-2,15.47,SoilType-2,No,85,No,LandCover-1,RoadClass-0,0,247
13780,100,300,-1.82,28.59,16.68,Combined,Others,S,Others,97.47,Geology-2,15.45,SoilType-2,Yes,523,Yes,LandCover-1,RoadClass-2,0,2300
77063,100,200,-1.86,-0.26,16.09,Stormwater,Others,S,Others,103.8,Geology-2,15.47,SoilType-2,No,85,No,LandCover-1,RoadClass-0,0,0
13924,101,225,-1.37,3.16,5.37,Combined,MUF,S,BET,102.48,Geology-2,15.45,SoilType-2,Yes,84,No,LandCover-1,RoadClass-0,0,68
74178,104,150,-1.08,10.61,10.04,Combined,MUF,S,BET,105.94,Geology-2,15.47,SoilType-2,No,542,No,LandCover-2,RoadClass-0,0,167
13909,105,225,-1.95,6.12,17.75,Combined,MUF,S,BET,100.7,Geology-2,15.45,SoilType-2,Yes,84,No,LandCover-1,RoadClass-2,0,194
13910,105,225,-2.73,4.04,16.05,Combined,MUF,S,BET,100.94,Geology-2,15.45,SoilType-2,Yes,84,Yes,LandCover-1,RoadClass-1,0,159
