PipeID,Age,Diameter,Depth,Slope,Length,Pipe_Type,Connection_Type,Pipe_Form,Material,Rainfall,Geology,Groundwater,Soil_Type,Landslide_Area,Population,Building_Area,Land_Cover,Distance_to_Road,Traffic_Volume,Condition_Classes
59707,52,200,-0.73,3.33,46.32,Wastewater,MUF,S,BET,127.08,Geology-0,16.75,SoilType-4,No,66,No,LandCover-2,RoadClass-0,0,0
41001,59,200,-1.58,11.38,23.36,Wastewater,MUF,S,PVC,109.49,Geology-2,15.53,SoilType-2,No,139,No,LandCover-1,RoadClass-0,0,0
164152,1,200,-2.02,-1.59,45.83,Stormwater,Others,S,PVC,144.65,Geology-2,23.33,SoilType-5,No,94,No,LandCover-1,RoadClass-0,0,0
66538,35,200,-2.03,4.69,33.43,Wastewater,Others,S,PVC,130.31,Geology-2,32.63,SoilType-5,No,130,No,LandCover-2,RoadClass-3,0,0
66840,36,200,-0.5,0.42,56.01,Combined,Others,S,PVC,125.98,Geology-2,40.14,SoilType-4,No,79,No,LandCover-2,RoadClass-2,0,0
84414,43,160,-1,0.77,25.48,Combined,Others,S,PVC,105.88,Geology-2,15.48,SoilType-2,No,376,No,LandCover-1,RoadClass-0,0,1
158252,3,250,-1.69,2.72,63.93,Stormwater,Others,S,PVC,148.97,Geology-0,2.83,SoilType-5,No,42,No,LandCover-2,RoadClass-0,0,0
147050,59,225,-3.86,6.57,60.18,Combined,MUF,S,BET,133.46,Geology-0,22.41,SoilType-5,No,121,No,LandCover-2,RoadClass-1,0,1
159004,0,200,-1.19,9.58,21.86,Wastewater,Others,S,PVC,122.56,Geology-2,17.78,SoilType-6,No,111,No,LandCover-2,RoadClass-2,0,0
164632,1,315,-2.31,4.33,48.92,Stormwater,Others,S,PVC,141.17,Geology-0,26.5,SoilType-5,No,64,No,LandCover-4,RoadClass-0,0,0
162156,16,500,-1.91,1.27,35.25,Stormwater,Others,Others,BET,115.76,Geology-2,15.59,SoilType-9,No,174,No,LandCover-2,RoadClass-3,0,0
164198,1,250,-2.01,3.71,70.18,Stormwater,Others,S,PVC,142.15,Geology-0,26.04,SoilType-9,No,64,No,LandCover-1,RoadClass-0,0,0
159674,1,160,-1.11,1.46,28.17,Wastewater,Others,S,PVC,149.52,Geology-2,2.34,SoilType-9,No,24,No,LandCover-2,RoadClass-3,0,0
153951,0,315,-1.99,3.68,11.08,Stormwater,Others,S,PPP,143.97,Geology-0,14.67,SoilType-9,No,178,No,LandCover-4,RoadClass-3,0,0
162241,1,200,-1.85,4.46,42.67,Wastewater,Others,S,PVC,132.75,Geology-2,19.23,SoilType-5,No,125,No,LandCover-1,RoadClass-0,0,0
5485,22,400,-1.04,5.13,10.02,Combined,MUF,S,Others,105.71,Geology-2,15.47,SoilType-2,No,60,Yes,LandCover-1,RoadClass-1,6300,1
27763,24,200,-0.94,2.42,26.07,Wastewater,Others,S,PVC,112.8,Geology-2,15.54,SoilType-0,No,330,No,LandCover-1,RoadClass-0,0,0
56026,39,150,-2.37,0.63,44.25,Wastewater,MUF,S,BET,133.67,Geology-0,24.65,SoilType-4,No,93,No,LandCover-2,RoadClass-2,0,1
14043,40,630,-2.07,1.39,30.3,Combined,Others,S,PVC,103.17,Geology-2,15.47,SoilType-2,No,85,No,LandCover-1,RoadClass-0,0,1
64912,37,200,-0.51,3.86,36.05,Wastewater,MUF,S,BET,134.02,Geology-0,21.45,SoilType-5,No,121,No,LandCover-2,RoadClass-0,0,0
67789,0,600,-2.09,1.19,66.92,Stormwater,IM,S,Others,143.92,Geology-0,16.21,SoilType-7,No,55,No,LandCover-1,RoadClass-4,0,0
58842,42,225,-1.71,0.08,36.7,Combined,MUF,S,BET,124.9,Geology-2,16.1,SoilType-6,No,171,No,LandCover-4,RoadClass-0,0,1
134191,12,200,-1.07,0.25,51.67,Wastewater,Others,S,PVC,110.3,Geology-2,15.53,SoilType-2,No,342,No,LandCover-1,RoadClass-0,0,0
158328,1,250,-1.86,1.53,61.04,Stormwater,Others,S,PVC,149.15,Geology-0,2.72,SoilType-9,No,118,No,LandCover-2,RoadClass-0,0,0
159283,1,200,-1.86,2.24,78,Wastewater,Others,S,PVC,141.15,Geology-0,25.98,SoilType-5,No,190,No,LandCover-1,RoadClass-0,0,0
66536,62,150,-0.89,0.66,26.01,Wastewater,MUF,S,BET,130.23,Geology-2,32.65,SoilType-5,No,130,No,LandCover-2,RoadClass-1,4200,1
67461,47,300,-0.8,2.42,53.06,Wastewater,MUF,S,BET,145.53,Geology-0,13.85,SoilType-9,No,129,No,LandCover-1,RoadClass-1,0,0
62042,51,150,-1.48,2.88,43.28,Stormwater,MUF,S,PVC,131.47,Geology-0,20.1,SoilType-5,No,270,No,LandCover-1,RoadClass-1,16120,1
58221,1,160,-0.54,0.54,7.11,Wastewater,Others,S,PVC,122.76,Geology-2,15.95,SoilType-9,No,0,No,LandCover-2,RoadClass-3,0,0
172082,49,225,-1.98,0,44.65,Combined,Others,S,BET,135.09,Geology-2,19.03,SoilType-5,No,149,No,LandCover-1,RoadClass-0,14590,0
65596,22,225,-0.69,1.41,60.67,Combined,MUF,S,BET,135.83,Geology-2,15.63,SoilType-5,No,251,No,LandCover-4,RoadClass-0,6800,1
24455,68,300,-1.81,1.77,13.21,Combined,MUF,S,BET,117.63,Geology-2,15.57,SoilType-9,No,230,No,LandCover-2,RoadClass-2,0,0
112096,10,200,-1.81,-0.03,25.36,Combined,Others,S,PVC,140.63,Geology-0,24.76,SoilType-4,No,167,No,LandCover-4,RoadClass-2,0,1
56680,35,300,-1.58,-2.01,40.2,Stormwater,MUF,S,BET,138.28,Geology-0,25.87,SoilType-5,No,180,No,LandCover-1,RoadClass-0,0,0
161397,56,150,-1.15,0.56,70.2,Stormwater,Others,S,BET,124.6,Geology-2,16.25,SoilType-4,No,106,No,LandCover-2,RoadClass-0,8700,0
144154,8,200,-1.9,2.95,49.59,Stormwater,Others,S,PVC,148.96,Geology-0,14.97,SoilType-5,No,197,No,LandCover-1,RoadClass-0,0,0
139650,44,200,-0.62,2.65,59.58,Wastewater,Others,S,BET,139.8,Geology-0,26.22,SoilType-6,No,167,No,LandCover-1,RoadClass-0,0,1
4956,40,160,-1.89,4.1,23.56,Stormwater,MUF,S,PVC,137.07,Geology-2,14.87,SoilType-1,No,70,No,LandCover-2,RoadClass-0,0,1
65611,24,200,-1.59,32.28,9.55,Combined,MUF,S,BET,135.83,Geology-2,16.12,SoilType-5,No,251,No,LandCover-4,RoadClass-3,0,1
69407,40,200,-2.11,1.79,62.3,Stormwater,IM,S,BET,146.64,Geology-0,17.33,SoilType-9,No,81,No,LandCover-2,RoadClass-0,0,1
78057,47,185,-0.89,0.91,30.65,Wastewater,MUF,S,BET,127.57,Geology-2,36.14,SoilType-5,No,138,No,LandCover-2,RoadClass-2,0,0
163749,0,315,-1.73,-1.11,55.54,Stormwater,Others,S,PPP,118.65,Geology-2,15.58,SoilType-9,No,129,No,LandCover-2,RoadClass-1,5100,0
58846,31,200,-1.52,-0.3,23.28,Combined,MUF,S,PVC,124.81,Geology-2,16.1,SoilType-6,No,171,No,LandCover-4,RoadClass-0,0,0
145175,9,200,-1.32,1.86,32.47,Combined,Others,S,PVC,106.79,Geology-2,15.49,SoilType-2,No,216,No,LandCover-1,RoadClass-0,0,0
164073,1,200,-1.99,0.62,45.09,Wastewater,Others,S,PVC,144.89,Geology-0,24.58,SoilType-4,No,208,No,LandCover-2,RoadClass-0,0,0
13824,18,300,-4.67,18.93,20.13,Combined,MUF,S,Others,97.76,Geology-2,15.48,SoilType-2,No,498,No,LandCover-1,RoadClass-2,0,1
162115,1,160,-1.58,-3.93,57.22,Wastewater,Others,S,PVC,126.05,Geology-2,16.36,SoilType-6,No,146,No,LandCover-2,RoadClass-0,0,0
162928,0,200,-3.11,0.83,41.03,Wastewater,Others,S,PVC,145.15,Geology-0,24.03,SoilType-9,No,94,No,LandCover-1,RoadClass-1,0,0
138888,5,160,-2.22,2.24,24.36,Wastewater,MUF,S,PVC,137.03,Geology-2,23.56,SoilType-4,No,231,No,LandCover-2,RoadClass-0,0,0
63128,47,375,-1.64,2.02,36.4,Stormwater,MUF,S,BET,133.13,Geology-2,18.65,SoilType-9,No,78,No,LandCover-1,RoadClass-2,0,1
57512,29,315,-1.69,0.25,40.64,Wastewater,Others,S,PVC,143.58,Geology-2,20.55,SoilType-9,No,19,No,LandCover-4,RoadClass-4,0,0
161737,55,400,-1.32,-0.06,41.23,Stormwater,Others,S,BET,122.41,Geology-2,15.61,SoilType-9,No,109,No,LandCover-4,RoadClass-0,0,0
133488,12,200,-1.99,1.01,49.03,Wastewater,Others,S,PVC,109.99,Geology-2,15.53,SoilType-2,No,342,No,LandCover-1,RoadClass-0,0,0
4235,90,300,-1.73,0.76,19.54,Combined,MUF,S,BET,123.13,Geology-2,15.51,SoilType-2,No,195,No,LandCover-4,RoadClass-2,0,1
65746,25,225,-0.59,1.06,54.17,Combined,MUF,S,BET,135.72,Geology-2,15.72,SoilType-5,No,195,No,LandCover-1,RoadClass-0,6800,1
73524,19,160,-1.47,-9.57,0.96,Combined,Others,S,PVC,104.71,Geology-2,15.47,SoilType-2,No,85,No,LandCover-1,RoadClass-0,0,1
75784,40,600,-2.01,-1.75,19.61,Combined,MUF,S,PVC,105.2,Geology-2,15.48,SoilType-2,No,6,No,LandCover-1,RoadClass-0,15200,0
71397,54,225,-1.66,4,30.03,Combined,MUF,S,BET,122.4,Geology-2,15.7,SoilType-9,No,138,No,LandCover-4,RoadClass-1,0,0
63650,36,200,-1.38,1.22,32.01,Wastewater,Others,S,BET,132.64,Geology-0,20.67,SoilType-5,No,130,No,LandCover-2,RoadClass-2,0,1
142833,3,200,-1.94,-4.14,29.27,Stormwater,Others,S,PVC,134.79,Geology-2,19.63,SoilType-5,No,204,No,LandCover-4,RoadClass-3,0,0
65754,46,200,-1.21,1.43,63.47,Combined,Others,S,BET,135.89,Geology-2,17.34,SoilType-5,No,195,No,LandCover-4,RoadClass-0,0,1
164092,1,250,-1.82,-3.02,81.44,Stormwater,Others,S,PVC,143.84,Geology-0,25.07,SoilType-5,No,208,No,LandCover-4,RoadClass-0,0,0
158000,1,250,-1.34,4.8,59.69,Stormwater,Others,S,PVC,122.59,Geology-2,17.78,SoilType-6,No,111,No,LandCover-2,RoadClass-0,0,0
154691,0,315,-1.47,0.59,41.35,Wastewater,Others,S,PVC,145.94,Geology-0,13.73,SoilType-9,No,87,No,LandCover-2,RoadClass-1,0,0
156673,13,160,-4.16,13.85,11.01,Wastewater,Others,S,PVC,115.69,Geology-2,15.61,SoilType-5,No,157,No,LandCover-2,RoadClass-1,0,0
80331,20,200,-1.12,2.68,62.61,Wastewater,Others,S,PVC,112.27,Geology-2,15.54,SoilType-0,No,330,No,LandCover-2,RoadClass-0,0,0
152415,47,300,-1.22,1.1,54.22,Combined,MUF,S,BET,145.35,Geology-0,13.94,SoilType-9,No,129,No,LandCover-2,RoadClass-0,0,1
69504,40,200,-1.12,0.59,37.01,Stormwater,IM,S,BET,146.53,Geology-0,17.12,SoilType-9,No,81,No,LandCover-1,RoadClass-0,0,1
65773,48,225,-1.06,0.54,60.41,Combined,MUF,S,BET,135.21,Geology-2,16.46,SoilType-5,No,195,No,LandCover-4,RoadClass-0,6800,1
159196,1,160,-1.7,2.34,33.86,Wastewater,Others,S,PVC,149.48,Geology-0,2.65,SoilType-9,No,24,No,LandCover-1,RoadClass-0,0,0
151473,0,250,-1.2,0.49,94.42,Stormwater,Others,S,PPP,117,Geology-2,15.57,SoilType-9,No,0,No,LandCover-1,RoadClass-0,5100,0
55333,39,700,-0.84,1.28,58.62,Combined,MUF,S,BET,138.78,Geology-2,21.59,SoilType-2,No,62,No,LandCover-1,RoadClass-1,0,1
59368,46,225,-0.67,0.89,53.17,Combined,MUF,S,BET,124.25,Geology-2,16.21,SoilType-9,No,106,No,LandCover-1,RoadClass-0,8700,1
164577,1,315,-1.55,2.55,41.06,Stormwater,Others,S,PVC,142.92,Geology-0,25.42,SoilType-5,No,208,No,LandCover-4,RoadClass-0,0,0
164199,1,200,-1.82,3.8,79.02,Wastewater,Others,S,PVC,142.06,Geology-0,26.04,SoilType-9,No,64,No,LandCover-1,RoadClass-0,0,0
59702,51,250,-1.55,2.05,24.42,Combined,MUF,S,BET,127.02,Geology-0,16.8,SoilType-9,No,111,No,LandCover-2,RoadClass-2,0,0
73965,99,300,-1.62,7.85,13.28,Combined,Others,S,Others,106.63,Geology-2,15.5,SoilType-2,No,546,No,LandCover-1,RoadClass-0,0,1
89084,16,150,-1.74,3.93,23.04,Wastewater,MUF,S,Others,125.17,Geology-2,16.15,SoilType-6,No,181,No,LandCover-4,RoadClass-3,0,1
162121,1,250,-1.74,-6.58,38.21,Stormwater,Others,S,PVC,126.09,Geology-2,16.35,SoilType-6,No,146,No,LandCover-2,RoadClass-0,0,0
68309,40,200,-1.9,7.7,14.98,Wastewater,IM,S,BET,147.37,Geology-0,10.72,SoilType-9,No,191,No,LandCover-2,RoadClass-1,0,1
66606,56,200,-1.22,6.6,18.97,Wastewater,MUF,S,BET,131.13,Geology-2,30.31,SoilType-5,No,38,No,LandCover-2,RoadClass-0,0,0
52917,24,300,-1.76,0.58,28.11,Combined,MUF,S,Others,143,Geology-0,15.65,SoilType-9,No,130,No,LandCover-2,RoadClass-0,0,1
27743,28,200,-1.92,6.07,18.78,Wastewater,Others,S,PVC,112.7,Geology-2,15.55,SoilType-2,No,330,No,LandCover-1,RoadClass-0,0,0
66651,47,185,-0.89,3.43,45.78,Wastewater,MUF,S,PVC,128.46,Geology-2,34.31,SoilType-5,No,138,No,LandCover-2,RoadClass-1,0,1
5607,55,400,-0.63,4.01,51.64,Stormwater,MUF,S,BET,122.48,Geology-2,15.72,SoilType-9,No,104,No,LandCover-1,RoadClass-0,0,1
71122,89,230,-1.64,0.94,27.4,Combined,MUF,S,BET,111,Geology-2,15.53,SoilType-0,No,330,No,LandCover-1,RoadClass-0,0,1
69880,40,200,-1.43,1.3,15.42,Wastewater,IM,S,PVC,148.31,Geology-0,18.56,SoilType-6,No,15,No,LandCover-5,RoadClass-4,0,0
70196,28,200,-0.44,5.66,63.33,Stormwater,IM,S,BET,150.58,Geology-0,11.57,SoilType-9,No,26,No,LandCover-2,RoadClass-1,0,0
14038,40,630,-1.7,0.87,23.1,Combined,Others,S,PVC,103.5,Geology-2,15.47,SoilType-2,No,85,No,LandCover-1,RoadClass-0,0,0
3287,8,160,-2.63,0.33,67.25,Wastewater,Others,S,PVC,143.9,Geology-2,14.35,SoilType-3,No,0,No,LandCover-1,RoadClass-0,0,0
164593,0,200,-2.39,2.63,41.53,Wastewater,Others,S,PVC,142.98,Geology-0,25.42,SoilType-5,No,208,No,LandCover-4,RoadClass-0,0,0
73953,49,250,-0.67,5.96,58.23,Combined,Others,S,PVC,106.08,Geology-2,15.48,SoilType-2,No,542,No,LandCover-1,RoadClass-0,0,1
65514,40,200,-3.63,0.7,54.48,Combined,Others,S,BET,137.03,Geology-2,14.84,SoilType-5,No,70,No,LandCover-4,RoadClass-0,0,0
66251,18,200,-1.08,0.25,57.63,Wastewater,MUF,S,BET,131.99,Geology-0,25.41,SoilType-5,No,3,No,LandCover-2,RoadClass-2,0,1
20338,54,400,-2.13,0.52,79.33,Combined,MUF,S,BET,119.07,Geology-2,15.59,SoilType-9,No,129,No,LandCover-2,RoadClass-1,0,1
154135,0,300,-1.7,0.49,26.25,Stormwater,Others,S,PPP,143.83,Geology-0,14.69,SoilType-9,No,178,No,LandCover-2,RoadClass-4,0,0
70511,47,150,-1.68,3.18,46.54,Combined,MUF,S,BET,144.89,Geology-0,14.85,SoilType-9,No,133,No,LandCover-4,RoadClass-1,0,1
20364,50,230,-2.06,3.66,28.44,Combined,MUF,S,BET,120.18,Geology-2,15.58,SoilType-9,No,155,No,LandCover-2,RoadClass-1,0,0
61097,38,200,-2.56,1.05,34.59,Wastewater,Others,S,PVC,129.31,Geology-2,19.45,SoilType-3,No,5,No,LandCover-2,RoadClass-3,0,0
57520,29,315,-1.02,0.31,22.23,Wastewater,Others,S,PVC,141.12,Geology-2,19.72,SoilType-5,No,19,No,LandCover-4,RoadClass-4,0,0
67718,33,200,-0.07,4.65,37.17,Wastewater,IM,S,BET,143.66,Geology-0,16.31,SoilType-9,No,55,No,LandCover-1,RoadClass-1,0,1
70510,47,225,-0.85,2.63,37.94,Combined,MUF,S,BET,144.97,Geology-0,14.83,SoilType-9,No,133,No,LandCover-1,RoadClass-0,0,1
57606,28,315,-1.24,1.5,9.9,Wastewater,Others,S,PVC,147.07,Geology-0,22.69,SoilType-9,No,0,No,LandCover-4,RoadClass-3,0,0
67755,33,300,-2.08,0.55,33.39,Combined,IM,S,BET,143.74,Geology-0,16.16,SoilType-9,No,55,No,LandCover-4,RoadClass-4,0,0
159414,1,250,-2.11,4.39,55,Combined,Others,S,BET,127.65,Geology-0,16.92,SoilType-9,No,80,No,LandCover-2,RoadClass-1,0,0
69429,45,315,-1.26,3.64,18.28,Wastewater,IM,S,BET,147.33,Geology-0,18.58,SoilType-5,No,12,No,LandCover-2,RoadClass-0,0,0
71401,54,225,-1.33,0.67,29.11,Combined,MUF,S,BET,122.38,Geology-2,15.72,SoilType-9,No,138,No,LandCover-2,RoadClass-0,0,1
159389,1,315,-2.34,4.98,34.03,Stormwater,Others,S,PVC,122.51,Geology-2,15.49,SoilType-2,No,91,No,LandCover-1,RoadClass-0,0,0
162368,1,200,-1.97,1.39,43.82,Wastewater,Others,S,PVC,126.04,Geology-0,16.37,SoilType-4,No,146,No,LandCover-2,RoadClass-0,0,0
170373,6,315,-2.09,-3.54,24.39,Wastewater,Others,S,PVC,105.77,Geology-2,15.47,SoilType-2,No,171,No,LandCover-1,RoadClass-0,0,0
47591,86,150,-0.48,5.31,21.62,Combined,MUF,S,BET,107.08,Geology-2,15.49,SoilType-2,No,382,No,LandCover-1,RoadClass-2,0,1
13787,86,250,-1.95,6.16,41.11,Combined,Others,S,Others,98.73,Geology-2,15.45,SoilType-2,Yes,523,No,LandCover-1,RoadClass-0,0,1
13804,90,225,-0.86,2.03,37.67,Combined,Others,S,Others,97.24,Geology-2,15.46,SoilType-2,No,523,No,LandCover-1,RoadClass-0,0,1
158391,1,200,-1.04,3.22,20.72,Stormwater,Others,S,PVC,149.04,Geology-0,2.65,SoilType-5,No,42,No,LandCover-2,RoadClass-0,0,0
158242,1,250,-1.34,5,116.16,Stormwater,Others,S,PVC,122.53,Geology-2,15.67,SoilType-6,No,111,No,LandCover-4,RoadClass-0,0,0
65690,46,225,-1.6,2.96,45.99,Combined,MUF,S,BET,135.31,Geology-2,17.15,SoilType-5,No,195,No,LandCover-4,RoadClass-1,0,1
56621,34,225,-4.37,7.8,52.76,Wastewater,MUF,S,BET,139.8,Geology-2,24.51,SoilType-4,No,180,No,LandCover-4,RoadClass-1,0,0
61061,55,250,-3.32,7.89,28.47,Combined,MUF,S,BET,128.37,Geology-0,19.2,SoilType-9,No,56,No,LandCover-3,RoadClass-1,0,1
154547,1,200,-2.22,4.83,26.89,Combined,Others,S,PVC,104.97,Geology-2,15.46,SoilType-2,No,320,No,LandCover-1,RoadClass-0,0,0
66839,36,200,-0.89,0.41,31.78,Combined,Others,S,PVC,125.86,Geology-2,41.26,SoilType-4,No,79,No,LandCover-2,RoadClass-2,0,0
73930,47,225,-1.96,0.56,57.41,Wastewater,MUF,S,BET,144.84,Geology-0,15.2,SoilType-9,No,0,No,LandCover-1,RoadClass-0,0,0
66610,46,200,-2.01,4.76,25.59,Wastewater,MUF,S,PVC,129.51,Geology-2,32.62,SoilType-6,No,130,No,LandCover-2,RoadClass-0,0,0
164459,0,200,-1.21,14.02,3.55,Wastewater,Others,S,PVC,143.37,Geology-2,23.38,SoilType-5,No,94,No,LandCover-2,RoadClass-0,0,0
123588,9,250,-2.16,3.54,93.3,Combined,Others,S,Others,145.62,Geology-0,13.17,SoilType-9,No,59,No,LandCover-1,RoadClass-0,0,0
144349,7,200,-2.7,1.66,31.91,Wastewater,Others,S,PVC,149.05,Geology-0,14.53,SoilType-5,No,197,No,LandCover-4,RoadClass-0,0,0
13798,96,250,-1.06,6.08,8.97,Combined,Others,S,Others,98.45,Geology-2,15.45,SoilType-2,Yes,523,No,LandCover-1,RoadClass-0,0,1
72702,37,315,-2.42,1.34,12.13,Combined,Others,S,PVC,104.31,Geology-2,15.48,SoilType-2,No,85,No,LandCover-2,RoadClass-0,0,0
23563,48,225,-1.93,5.79,28.38,Combined,MUF,S,BET,118.09,Geology-2,15.57,SoilType-9,No,303,No,LandCover-2,RoadClass-1,0,1
78495,13,400,-1.64,0.14,54.44,Combined,Others,S,PVC,139.84,Geology-2,24.1,SoilType-4,No,180,No,LandCover-4,RoadClass-0,0,0
158883,0,200,-2.25,1.3,78.59,Stormwater,Others,S,PVC,140.29,Geology-0,26.54,SoilType-5,No,63,No,LandCover-1,RoadClass-0,0,0
165510,0,200,-1.33,0.63,37.38,Stormwater,Others,S,PVC,118.7,Geology-2,15.57,SoilType-9,No,230,No,LandCover-2,RoadClass-1,0,0
133863,5,225,-2.22,0.13,40.89,Combined,MUF,S,BET,124.36,Geology-2,16.2,SoilType-4,No,180,No,LandCover-2,RoadClass-1,0,1
77108,38,200,-1.82,0.25,30.11,Combined,Others,S,PVC,105.51,Geology-2,15.47,SoilType-2,No,171,No,LandCover-2,RoadClass-0,0,0
3953,46,225,-1.03,5.55,52.3,Combined,MUF,S,BET,122.48,Geology-2,15.49,SoilType-2,No,115,No,LandCover-4,RoadClass-0,0,1
67476,47,300,-1.95,0.39,34.57,Wastewater,MUF,S,BET,146.01,Geology-0,13.74,SoilType-7,No,87,No,LandCover-1,RoadClass-2,0,1
112189,11,160,-1.84,5.26,32.34,Wastewater,Others,S,PVC,150.64,Geology-0,11.51,SoilType-9,No,26,No,LandCover-4,RoadClass-0,0,0
2265,44,200,-2.67,0.86,50.05,Wastewater,Others,S,PVC,112.03,Geology-2,15.62,SoilType-5,No,25,No,LandCover-2,RoadClass-2,0,0
53252,33,1000,-2.69,3.66,21.93,Stormwater,MUF,S,BET,141.01,Geology-2,10.89,SoilType-9,No,71,No,LandCover-2,RoadClass-4,0,1
9487,52,225,-1.26,14.17,21.99,Combined,Others,S,Others,107.29,Geology-2,15.44,SoilType-2,No,405,No,LandCover-1,RoadClass-1,0,1
60644,52,200,-1.91,3.24,4.21,Stormwater,MUF,S,BET,129.73,Geology-2,16.73,SoilType-6,No,138,No,LandCover-1,RoadClass-1,8700,1
62494,46,150,-3.71,1.03,42.01,Wastewater,MUF,S,BET,131.23,Geology-2,19.06,SoilType-6,No,120,No,LandCover-4,RoadClass-1,12750,1
4240,68,300,-0.94,1.68,25.27,Combined,MUF,S,BET,123.18,Geology-2,15.51,SoilType-2,No,195,No,LandCover-4,RoadClass-2,0,1
20361,50,230,-1.57,0.82,34.87,Combined,MUF,S,BET,120.42,Geology-2,15.59,SoilType-9,No,170,No,LandCover-2,RoadClass-1,0,0
70506,47,225,-0.71,4,36.81,Wastewater,MUF,S,BET,144.92,Geology-0,14.88,SoilType-9,No,133,No,LandCover-2,RoadClass-0,0,0
70978,45,150,-2.05,1.62,61.33,Combined,MUF,S,BET,128.17,Geology-2,15.62,SoilType-9,No,114,No,LandCover-2,RoadClass-1,0,1
56691,35,160,-0.24,2.47,33.12,Wastewater,Others,S,PVC,137.59,Geology-0,26.45,SoilType-5,No,207,No,LandCover-1,RoadClass-2,0,0
56696,35,300,-1.37,-0.73,45.15,Stormwater,MUF,S,BET,137.97,Geology-0,25.87,SoilType-5,No,180,No,LandCover-1,RoadClass-0,0,1
64921,1,225,-2.45,4.7,34.32,Combined,MUF,S,BET,134.03,Geology-0,21.75,SoilType-5,No,121,No,LandCover-2,RoadClass-1,0,1
59708,52,200,-1.87,1.39,21.6,Wastewater,MUF,S,BET,127.03,Geology-0,16.76,SoilType-4,No,66,No,LandCover-2,RoadClass-0,0,1
52918,24,300,-0.78,0.77,47.28,Combined,MUF,S,Others,143.08,Geology-0,15.72,SoilType-9,No,130,No,LandCover-2,RoadClass-1,0,0
154407,1,300,-2.03,2.6,35.73,Stormwater,Others,S,PPP,143.69,Geology-0,14.74,SoilType-9,No,178,No,LandCover-4,RoadClass-2,0,0
1849,31,200,-0.46,4.01,41.8,Stormwater,MUF,S,BET,123.34,Geology-2,17.92,SoilType-9,No,236,No,LandCover-2,RoadClass-3,0,0
4248,68,225,-1.71,4.17,13.45,Combined,MUF,S,BET,123.52,Geology-2,15.49,SoilType-2,No,195,No,LandCover-2,RoadClass-1,0,1
69056,33,400,-2.36,18.52,2.07,Stormwater,IM,S,BET,149.25,Geology-0,9.37,SoilType-7,No,124,No,LandCover-1,RoadClass-0,0,1
57602,28,315,-0.72,0.1,59.6,Wastewater,Others,S,PVC,147.29,Geology-0,22.98,SoilType-9,No,94,No,LandCover-1,RoadClass-4,0,0
148460,15,200,-1.09,-2.82,63.19,Wastewater,Others,S,PVC,145.59,Geology-0,14.19,SoilType-9,No,87,No,LandCover-1,RoadClass-0,0,0
73499,40,600,-1.81,0.25,51.55,Combined,Others,S,PVC,105.03,Geology-2,15.48,SoilType-2,No,85,No,LandCover-1,RoadClass-0,0,0
163423,1,315,-2.8,0.44,84.34,Stormwater,Others,S,PPP,144.34,Geology-0,22.96,SoilType-4,No,71,No,LandCover-2,RoadClass-0,0,0
55433,38,200,-2.19,0.12,42.68,Wastewater,MUF,S,BET,140.44,Geology-0,20.56,SoilType-4,No,68,No,LandCover-2,RoadClass-3,0,0
162869,61,300,-5.14,11.93,32.5,Combined,MUF,S,BET,130.89,Geology-2,16.54,SoilType-9,No,181,No,LandCover-2,RoadClass-0,0,1
159690,1,250,-2.29,6.14,68.87,Stormwater,Others,S,PVC,122.44,Geology-2,15.47,SoilType-2,No,115,No,LandCover-2,RoadClass-0,0,0
12353,2,300,-1.93,0.85,63.63,Combined,MUF,S,Others,119.82,Geology-2,15.43,SoilType-3,No,151,No,LandCover-4,RoadClass-0,0,0
157290,1,200,-1.67,2.67,71.72,Wastewater,Others,S,PVC,119.62,Geology-2,15.58,SoilType-9,No,230,No,LandCover-2,RoadClass-0,0,0
73967,54,250,-3.15,0.03,52.02,Combined,MUF,S,BET,106.08,Geology-2,15.47,SoilType-0,No,542,No,LandCover-3,RoadClass-0,0,1
135165,42,300,-1.74,5.17,13.55,Combined,MUF,S,BET,141.89,Geology-0,24.95,SoilType-4,No,190,No,LandCover-2,RoadClass-0,0,0
151457,7,250,-1.27,0.94,94.3,Combined,Others,S,PVC,105.97,Geology-2,15.47,SoilType-0,No,542,No,LandCover-2,RoadClass-0,0,0
73219,35,600,-2.4,0.71,46.96,Combined,Others,S,PVC,105.99,Geology-2,15.49,SoilType-2,No,376,No,LandCover-1,RoadClass-0,13550,0
1298,48,160,-2.7,6.09,31.84,Wastewater,Others,S,PVC,122.53,Geology-0,15.76,SoilType-4,No,11,No,LandCover-1,RoadClass-0,0,1
24445,50,300,-1.87,1.07,34.76,Combined,MUF,S,BET,117.71,Geology-2,15.57,SoilType-9,No,303,No,LandCover-4,RoadClass-1,0,1
66543,35,200,-2.17,8.87,17.24,Wastewater,Others,S,PVC,130.57,Geology-2,32.28,SoilType-5,No,130,No,LandCover-2,RoadClass-2,0,0
164592,1,315,-1.45,2.56,52.9,Stormwater,Others,S,PVC,142.42,Geology-0,25.63,SoilType-5,No,208,No,LandCover-1,RoadClass-0,0,0
164975,1,250,-0.78,4.79,42.19,Wastewater,IM,S,PVC,147.37,Geology-0,18.79,SoilType-5,No,12,No,LandCover-2,RoadClass-2,0,0
67453,47,300,-1.45,2.42,47.86,Combined,MUF,S,BET,145.18,Geology-0,14.01,SoilType-9,No,129,Yes,LandCover-4,RoadClass-1,0,0
4973,51,225,-1.16,1.24,28.51,Combined,MUF,S,BET,122.9,Geology-2,15.47,SoilType-2,No,266,No,LandCover-2,RoadClass-0,0,1
27706,20,400,-2.64,5.32,61.49,Stormwater,MUF,S,Others,112.62,Geology-2,15.41,SoilType-2,No,182,No,LandCover-1,RoadClass-2,0,1
4404,61,300,-3.33,31.9,23.83,Combined,MUF,S,BET,117.55,Geology-2,15.5,SoilType-2,No,146,No,LandCover-2,RoadClass-3,0,1
73966,99,300,-1.25,7.54,11.77,Combined,Others,S,Others,106.65,Geology-2,15.5,SoilType-2,No,546,No,LandCover-1,RoadClass-0,0,1
66609,46,200,-2.26,2.46,44.38,Wastewater,Others,S,PVC,129.64,Geology-2,32.83,SoilType-6,No,130,No,LandCover-2,RoadClass-0,0,0
24547,52,200,-1.32,18.64,3.75,Wastewater,Others,S,PVC,105.51,Geology-2,15.44,SoilType-2,No,405,No,LandCover-1,RoadClass-0,0,0
5612,46,400,-1.4,1.51,33.2,Stormwater,MUF,S,BET,122.42,Geology-2,15.68,SoilType-4,No,109,No,LandCover-2,RoadClass-0,0,0
79844,16,250,-2.12,-3.14,8.36,Combined,Others,S,PVC,104.07,Geology-2,15.46,SoilType-2,No,320,No,LandCover-1,RoadClass-1,0,0
46113,69,225,-0.96,8.37,21.51,Combined,Others,S,Others,106.76,Geology-2,15.5,SoilType-2,No,546,No,LandCover-1,RoadClass-0,0,1
154253,1,225,-1.13,1.57,37.91,Wastewater,MUF,S,BET,124.2,Geology-2,16.21,SoilType-9,No,106,No,LandCover-1,RoadClass-1,0,0
158102,99,300,-1.67,-4.65,8.33,Combined,Others,S,Others,106.57,Geology-2,15.5,SoilType-2,No,546,No,LandCover-1,RoadClass-0,0,0
73968,54,200,-4.1,2.63,17.68,Combined,Others,S,PVC,106.14,Geology-2,15.47,SoilType-0,No,216,No,LandCover-3,RoadClass-0,0,0
165518,0,160,-0.98,0.76,54.28,Wastewater,Others,S,PVC,126.76,Geology-2,16.12,SoilType-5,No,108,No,LandCover-1,RoadClass-2,0,0
74938,15,200,-1.65,0.17,61.97,Stormwater,Others,S,PVC,129.15,Geology-2,16.69,SoilType-9,No,191,No,LandCover-4,RoadClass-1,8700,0
164618,0,200,-1.47,2.58,52.54,Wastewater,Others,S,PVC,142.42,Geology-0,25.63,SoilType-5,No,208,No,LandCover-1,RoadClass-0,0,0
164856,1,250,-2.87,-5.02,3.18,Stormwater,Others,Others,BET,139.8,Geology-3,5.7,SoilType-6,No,120,No,LandCover-1,RoadClass-1,0,1
133030,13,160,-1.25,1.21,33.74,Wastewater,Others,S,PVC,108.9,Geology-2,15.52,SoilType-2,No,139,No,LandCover-1,RoadClass-0,0,0
156937,51,250,-0.78,-0.44,18.13,Combined,Others,S,BET,126.89,Geology-0,16.78,SoilType-9,No,111,No,LandCover-2,RoadClass-1,0,0
9772,25,200,-2.52,10.91,32.26,Combined,Others,S,PVC,98.86,Geology-2,15.48,SoilType-2,No,168,No,LandCover-1,RoadClass-0,10950,0
3980,56,225,-1.71,6.65,52.9,Combined,MUF,S,BET,122.43,Geology-2,15.67,SoilType-9,No,138,No,LandCover-2,RoadClass-0,0,1
65545,43,225,-3.17,3.09,53.42,Combined,MUF,S,BET,136.68,Geology-2,15.95,SoilType-5,No,94,No,LandCover-1,RoadClass-0,0,1
58815,0,230,-1.74,5.93,25.58,Combined,MUF,S,BET,126.34,Geology-2,16.15,SoilType-6,No,108,No,LandCover-2,RoadClass-1,0,0
149181,12,160,-0.98,1.38,32.44,Wastewater,Others,S,PVC,124.85,Geology-0,16.25,SoilType-4,No,180,No,LandCover-1,RoadClass-0,0,0
163225,0,160,-1.53,1.17,74.08,Wastewater,Others,S,PVC,143.92,Geology-2,23.61,SoilType-5,No,94,No,LandCover-2,RoadClass-3,0,0
73225,26,250,-1.53,0.83,29.66,Combined,Others,S,PVC,105.99,Geology-2,15.49,SoilType-2,No,376,No,LandCover-2,RoadClass-0,0,0
64428,23,200,-1.95,0.54,37.87,Wastewater,MUF,S,BET,132.88,Geology-2,22.92,SoilType-5,No,17,No,LandCover-2,RoadClass-0,0,0
13910,105,225,-2.73,4.04,16.05,Combined,MUF,S,BET,100.94,Geology-2,15.45,SoilType-2,Yes,84,Yes,LandCover-1,RoadClass-1,0,1
164750,1,315,-1.34,3.75,18.97,Stormwater,Others,S,PPP,145.58,Geology-0,23.42,SoilType-9,No,12,No,LandCover-2,RoadClass-1,0,0
75428,39,315,-0.36,3.69,9.26,Combined,Others,S,PVC,105.31,Geology-2,15.48,SoilType-2,No,6,No,LandCover-1,RoadClass-0,0,0
85146,22,250,-0.99,4.39,50.95,Wastewater,Others,S,PVC,109.02,Geology-2,15.52,SoilType-2,No,139,No,LandCover-1,RoadClass-0,9680,0
159290,1,200,-1.18,5.21,29,Wastewater,Others,S,PVC,122.52,Geology-2,15.7,SoilType-9,No,111,No,LandCover-2,RoadClass-0,0,0
55355,58,200,-1.59,1.96,12.67,Stormwater,Others,S,PVC,139.25,Geology-2,21.23,SoilType-2,No,62,No,LandCover-2,RoadClass-0,0,0
69209,40,200,-1.02,0.36,21.58,Stormwater,IM,S,BET,146.4,Geology-0,16.53,SoilType-9,No,81,No,LandCover-2,RoadClass-1,0,1
63977,22,250,-0.26,5.26,36.94,Stormwater,MUF,S,Others,131.85,Geology-2,20.65,SoilType-6,No,75,No,LandCover-3,RoadClass-2,0,0
156935,1,300,-2.28,-1.29,48.14,Combined,Others,S,BET,126.69,Geology-0,16.74,SoilType-4,No,31,No,LandCover-2,RoadClass-2,0,0
66664,56,200,-2.42,2.54,29.75,Wastewater,MUF,S,BET,128.93,Geology-2,33.66,SoilType-5,No,138,No,LandCover-2,RoadClass-1,0,1
57514,29,315,-1.36,0.1,50.5,Wastewater,Others,S,PVC,143,Geology-2,20.32,SoilType-9,No,19,No,LandCover-4,RoadClass-4,0,0
41060,89,300,-0.3,1.48,70.9,Combined,Others,S,Others,109.73,Geology-2,15.52,SoilType-0,No,342,No,LandCover-4,RoadClass-0,0,0
27900,36,400,-1.79,1.23,23.77,Combined,Others,S,PVC,103.69,Geology-2,15.47,SoilType-2,No,85,No,LandCover-1,RoadClass-0,0,0
159161,0,160,-1.96,5,93.57,Wastewater,Others,S,PVC,122.58,Geology-2,17.82,SoilType-9,No,111,No,LandCover-2,RoadClass-1,0,0
159689,1,160,-2.16,6.19,68.77,Wastewater,Others,S,PVC,122.44,Geology-2,15.47,SoilType-2,No,115,No,LandCover-2,RoadClass-0,0,0
157104,1,315,-2.27,2.52,49.52,Stormwater,Others,S,PVC,119.86,Geology-2,15.58,SoilType-9,No,129,No,LandCover-2,RoadClass-0,0,0
55463,40,160,-2.94,1.55,88.86,Wastewater,Others,S,PVC,143.1,Geology-0,21.44,SoilType-5,No,134,No,LandCover-2,RoadClass-4,0,1
14959,64,200,-2.48,1.54,27.89,Combined,MUF,S,BET,123.26,Geology-2,18.01,SoilType-9,No,236,No,LandCover-2,RoadClass-2,0,1
47622,69,230,-0.89,5.43,20.25,Combined,MUF,S,BET,108.23,Geology-2,15.51,SoilType-2,No,139,No,LandCover-1,RoadClass-2,0,1
155251,40,200,-3.87,5.08,72.05,Wastewater,IM,S,BET,146.9,Geology-0,18.18,SoilType-9,No,54,No,LandCover-2,RoadClass-1,0,1
56693,35,160,-1.23,1.32,44.45,Wastewater,Others,S,PVC,137.97,Geology-0,25.93,SoilType-5,No,180,No,LandCover-1,RoadClass-0,0,0
162144,1,200,-1.42,9.13,44.83,Wastewater,Others,S,PVC,132.78,Geology-2,19.26,SoilType-5,No,125,No,LandCover-1,RoadClass-3,0,0
156672,13,160,-2.52,3.79,10.63,Wastewater,Others,S,PVC,115.72,Geology-2,15.61,SoilType-5,No,157,No,LandCover-1,RoadClass-0,0,0
145141,46,125,-0.85,1.08,32.19,Combined,MUF,S,PVC,106.01,Geology-2,15.47,SoilType-2,No,542,No,LandCover-2,RoadClass-0,0,1
71002,50,230,-1.46,2.43,97.64,Combined,MUF,S,BET,126.42,Geology-0,15.62,SoilType-4,Yes,81,No,LandCover-4,RoadClass-2,0,1
146567,44,200,-1.99,-0.88,9.69,Wastewater,Others,Others,PVC,111.92,Geology-2,15.62,SoilType-5,No,25,No,LandCover-4,RoadClass-2,0,1
46103,86,250,-1.64,5.14,10.81,Combined,MUF,S,BET,107.25,Geology-2,15.5,SoilType-2,No,382,No,LandCover-1,RoadClass-0,0,1
59689,51,300,-2.36,1.8,25.61,Combined,MUF,S,BET,126.58,Geology-0,16.73,SoilType-4,No,31,No,LandCover-2,RoadClass-1,0,0
46009,93,305,-0.83,15.54,9.78,Combined,MUF,S,BET,107.41,Geology-2,15.5,SoilType-2,No,382,No,LandCover-1,RoadClass-1,0,1
164482,0,315,-1.63,2.63,59.02,Stormwater,Others,S,PVC,143.42,Geology-0,25.16,SoilType-5,No,208,No,LandCover-2,RoadClass-0,0,0
4850,39,150,-1.75,0.59,48.94,Combined,MUF,S,BET,142.19,Geology-0,24.55,SoilType-4,No,12,No,LandCover-4,RoadClass-0,0,1
169683,22,250,-1.21,0.65,32.88,Stormwater,Others,S,PVC,106.1,Geology-2,15.49,SoilType-2,No,376,No,LandCover-1,RoadClass-0,0,0
54399,26,250,-1.77,2.35,48.81,Wastewater,Others,S,PVC,138.81,Geology-2,12.45,SoilType-8,No,90,No,LandCover-1,RoadClass-1,0,0
13806,91,300,-0.73,5.67,15.01,Combined,Others,S,Others,97.56,Geology-2,15.46,SoilType-2,No,523,No,LandCover-1,RoadClass-0,0,1
66847,36,200,-1.68,0.49,37.22,Combined,Others,S,PVC,127.32,Geology-2,35.88,SoilType-5,No,138,No,LandCover-2,RoadClass-3,0,0
164394,1,315,-1.92,0.88,140.01,Stormwater,Others,S,PPP,145.06,Geology-0,23.26,SoilType-4,No,12,No,LandCover-2,RoadClass-0,0,0
162264,86,400,-2.69,5.67,6.53,Combined,Others,S,Others,99.41,Geology-2,15.45,SoilType-2,Yes,523,No,LandCover-1,RoadClass-0,0,1
48336,52,225,-0.55,22.08,2.83,Combined,MUF,S,BET,124.28,Geology-2,15.47,SoilType-3,No,93,No,LandCover-1,RoadClass-0,0,1
62491,58,225,-2.91,2.12,43.23,Combined,MUF,S,BET,130.85,Geology-2,19.13,SoilType-6,No,120,No,LandCover-1,RoadClass-1,0,0
64926,59,225,-1.69,-0.68,30.18,Wastewater,MUF,S,BET,134.29,Geology-0,21.42,SoilType-5,No,181,No,LandCover-2,RoadClass-1,0,0
163891,1,200,-2.3,0.66,84.92,Wastewater,Others,S,PVC,145.38,Geology-0,24.35,SoilType-4,No,208,No,LandCover-2,RoadClass-0,0,0
80682,45,150,-1.23,3.98,8.99,Combined,MUF,S,BET,134.74,Geology-2,19.77,SoilType-5,No,204,No,LandCover-4,RoadClass-3,0,0
61872,43,200,-0.92,0.34,43.45,Wastewater,Others,S,PVC,131.19,Geology-0,19.54,SoilType-6,No,93,No,LandCover-2,RoadClass-0,0,1
56025,39,150,-2.08,2.5,24.08,Wastewater,MUF,S,BET,133.86,Geology-0,24.48,SoilType-4,No,93,No,LandCover-2,RoadClass-3,0,1
73975,41,200,-1.77,7.71,47.59,Combined,Others,S,PVC,105.96,Geology-2,15.48,SoilType-2,No,542,No,LandCover-1,RoadClass-0,0,1
103562,9,250,-1.91,0.69,60.28,Combined,Others,S,PVC,124.38,Geology-0,16.19,SoilType-4,No,11,No,LandCover-4,RoadClass-2,0,0
63978,22,160,-0.27,5.28,38.36,Wastewater,Others,S,Others,131.86,Geology-2,20.65,SoilType-6,No,75,No,LandCover-3,RoadClass-2,0,0
157774,1,160,-1.49,1.56,60.54,Wastewater,Others,S,PVC,128.17,Geology-2,15.62,SoilType-9,No,114,No,LandCover-2,RoadClass-0,0,0
150842,5,160,-0.53,10.6,18.12,Stormwater,Others,S,PVC,102.59,Geology-2,15.44,SoilType-3,No,84,No,LandCover-4,RoadClass-1,0,0
155370,0,250,-1.41,0.81,33.74,Stormwater,Others,S,PVC,146.07,Geology-0,13.7,SoilType-7,No,11,No,LandCover-4,RoadClass-2,0,0
72604,50,250,-2.54,13.95,8.64,Combined,Others,S,PVC,111.81,Geology-2,15.6,SoilType-9,No,21,No,LandCover-2,RoadClass-0,0,1
159759,0,160,-1.89,6.57,71.61,Wastewater,Others,S,PVC,122.48,Geology-2,15.46,SoilType-2,No,115,No,LandCover-4,RoadClass-0,0,0
160632,1,200,-1.46,3.54,32.87,Wastewater,MUF,S,BET,126.92,Geology-0,16.77,SoilType-9,No,111,No,LandCover-1,RoadClass-0,0,0
54435,47,200,-2.13,1.06,25.14,Wastewater,MUF,S,BET,139.72,Geology-2,14.23,SoilType-4,No,202,No,LandCover-4,RoadClass-3,0,0
71398,54,225,-1.81,0.2,47,Combined,MUF,S,BET,122.39,Geology-2,15.71,SoilType-9,No,138,No,LandCover-2,RoadClass-1,0,1
4325,23,200,-1.18,3.18,17.81,Combined,MUF,S,PVC,124.25,Geology-2,15.47,SoilType-3,No,195,No,LandCover-1,RoadClass-0,0,1
14966,53,250,-1.06,-0.69,64.22,Combined,MUF,S,PVC,123.29,Geology-2,18.1,SoilType-9,No,93,No,LandCover-4,RoadClass-3,0,0
66622,46,160,-2.25,4.59,21.43,Wastewater,Others,S,PVC,129.23,Geology-2,34.11,SoilType-5,No,130,No,LandCover-2,RoadClass-0,0,0
65561,24,200,-2.01,1.38,43.51,Combined,MUF,S,BET,135.93,Geology-2,17.6,SoilType-5,No,195,No,LandCover-2,RoadClass-1,0,0
66273,64,225,-3.14,1.41,71.51,Wastewater,MUF,S,BET,133.23,Geology-0,27.1,SoilType-5,No,44,No,LandCover-2,RoadClass-0,0,0
163472,1,315,-1.5,2.09,52.12,Combined,MUF,S,PVC,142.54,Geology-0,15.16,SoilType-9,No,65,No,LandCover-2,RoadClass-2,0,0
69907,39,200,-1.14,0.79,33.51,Wastewater,IM,S,PVC,149.78,Geology-0,9.27,SoilType-5,No,47,No,LandCover-4,RoadClass-0,0,0
160238,1,150,-1.73,0.34,8.66,Stormwater,Others,Others,Others,103.9,Geology-2,15.47,SoilType-2,No,85,No,LandCover-1,RoadClass-0,0,1
153838,5,200,-1.1,1.32,30.55,Wastewater,Others,S,PVC,148.44,Geology-0,7.33,SoilType-3,No,0,No,LandCover-2,RoadClass-0,0,0
5293,57,150,-0.92,1.59,64.89,Stormwater,MUF,S,BET,122.5,Geology-0,15.59,SoilType-2,No,318,No,LandCover-2,RoadClass-1,6690,1
69038,33,200,-1.24,0.4,60.63,Wastewater,IM,S,PVC,149.41,Geology-0,9.18,SoilType-7,No,123,No,LandCover-2,RoadClass-0,0,0
6245,22,800,-2.14,-2.12,18,Stormwater,MUF,Others,BET,122.45,Geology-0,15.76,SoilType-4,No,11,No,LandCover-2,RoadClass-1,6690,0
162554,1,315,-1.27,3.58,39.07,Stormwater,Others,S,PVC,125.84,Geology-0,16.33,SoilType-4,No,146,No,LandCover-2,RoadClass-1,0,0
63125,47,375,-1.71,1.49,30.84,Stormwater,MUF,S,BET,133.15,Geology-2,18.62,SoilType-9,No,78,No,LandCover-1,RoadClass-2,0,1
86021,16,315,-1.44,2.34,14.6,Stormwater,Others,S,BET,115.9,Geology-2,15.59,SoilType-9,No,174,No,LandCover-2,RoadClass-3,0,0
57247,40,300,-2.12,2.99,46.15,Combined,MUF,S,BET,145.3,Geology-0,24.42,SoilType-4,No,208,No,LandCover-1,RoadClass-0,0,1
24465,68,300,-2.73,4.88,27.38,Combined,MUF,S,BET,117.52,Geology-2,15.57,SoilType-9,No,230,No,LandCover-2,RoadClass-2,0,1
62552,29,200,-1.54,15.22,13.58,Combined,Others,S,PVC,131.94,Geology-2,18.6,SoilType-9,No,158,No,LandCover-4,RoadClass-3,0,1
53984,21,300,-1.99,-3.24,5.92,Stormwater,MUF,S,BET,140.01,Geology-3,6.51,SoilType-6,No,81,No,LandCover-2,RoadClass-1,0,1
162532,1,400,-2.13,2.84,27.34,Stormwater,Others,S,PVC,132.98,Geology-2,18.99,SoilType-4,No,125,No,LandCover-1,RoadClass-1,0,0
69438,48,200,-1.6,1.04,59.66,Wastewater,IM,S,PVC,148.1,Geology-0,19.09,SoilType-6,No,15,No,LandCover-4,RoadClass-4,0,0
63102,46,185,-2.07,0.09,25.97,Wastewater,MUF,S,PVC,134.82,Geology-2,16.9,SoilType-5,No,80,No,LandCover-4,RoadClass-3,0,1
156770,1,200,-1.35,1.42,110.53,Stormwater,Others,S,PVC,124.42,Geology-2,16.05,SoilType-6,No,85,No,LandCover-1,RoadClass-0,0,0
67790,0,500,-2.46,0.85,19.41,Stormwater,IM,S,Others,143.97,Geology-0,16.14,SoilType-7,No,90,No,LandCover-1,RoadClass-4,0,0
164610,1,250,-1.98,4.93,75.87,Stormwater,Others,S,PVC,127.48,Geology-2,16.29,SoilType-9,No,142,No,LandCover-1,RoadClass-2,0,0
159349,1,160,-1.7,4.22,26.17,Wastewater,Others,S,PVC,122.49,Geology-2,15.49,SoilType-2,No,115,No,LandCover-4,RoadClass-0,0,0
1301,48,200,-1.95,-0.28,28.18,Wastewater,Others,S,PVC,122.53,Geology-0,15.77,SoilType-4,No,11,No,LandCover-4,RoadClass-0,0,0
80473,20,200,-1.34,1.51,27.27,Wastewater,Others,S,PVC,111.97,Geology-2,15.53,SoilType-0,No,330,No,LandCover-1,RoadClass-0,0,1
69437,48,250,-1.56,0.52,37.25,Wastewater,IM,S,PVC,148.01,Geology-0,19.35,SoilType-4,No,15,No,LandCover-4,RoadClass-4,0,0
171855,58,200,-1.4,1.34,27.79,Stormwater,Others,S,PVC,139.37,Geology-2,21.11,SoilType-2,No,62,No,LandCover-2,RoadClass-0,0,0
55437,40,200,-1.7,0.5,64.43,Wastewater,MUF,S,BET,140.72,Geology-0,19.64,SoilType-4,No,68,No,LandCover-2,RoadClass-2,0,0
161847,16,225,-1.66,-0.12,10.09,Combined,Others,S,Others,123.81,Geology-2,15.48,SoilType-3,No,195,No,LandCover-1,RoadClass-1,0,0
4253,68,225,-0.77,0.89,25.29,Combined,MUF,S,BET,123.72,Geology-2,15.49,SoilType-2,No,195,No,LandCover-1,RoadClass-1,0,1
158129,40,125,-1.76,-4.13,27.11,Combined,Others,S,BET,126.02,Geology-0,16.37,SoilType-4,No,146,No,LandCover-2,RoadClass-0,0,1
159450,0,315,-1.73,5.35,27.04,Stormwater,Others,S,PVC,122.48,Geology-2,15.51,SoilType-2,No,115,No,LandCover-4,RoadClass-0,0,0
165444,1,630,-2.3,-3.59,97.03,Stormwater,Others,S,PPP,142.71,Geology-0,25.3,SoilType-5,No,190,No,LandCover-2,RoadClass-0,0,0
100827,10,125,-1.71,0.82,18.84,Combined,Others,S,PVC,131.17,Geology-2,19.41,SoilType-6,No,93,No,LandCover-1,RoadClass-1,0,0
67505,40,200,-0.56,0.73,58.15,Wastewater,MUF,S,BET,145.97,Geology-0,13.33,SoilType-9,No,87,No,LandCover-2,RoadClass-0,0,1
159284,1,200,-1.95,2.34,77.68,Stormwater,Others,S,PVC,141.15,Geology-0,25.98,SoilType-5,No,190,No,LandCover-1,RoadClass-0,0,0
85545,22,250,-1.55,0.44,93.26,Wastewater,Others,S,PVC,110.37,Geology-2,15.53,SoilType-2,No,342,No,LandCover-1,RoadClass-0,9680,0
75156,37,200,-0.92,-0.48,22.78,Combined,Others,S,PVC,106.11,Geology-2,15.49,SoilType-2,No,376,No,LandCover-4,RoadClass-0,0,0
163899,1,230,-1.34,-10.24,32.82,Combined,MUF,S,BET,127.42,Geology-2,16.28,SoilType-5,No,142,No,LandCover-2,RoadClass-1,0,0
162122,1,160,-2.8,-6.59,38.06,Wastewater,Others,S,PVC,126.09,Geology-2,16.35,SoilType-6,No,146,No,LandCover-2,RoadClass-0,0,0
73961,84,225,-1.01,7.34,57.91,Combined,Others,S,Others,106.32,Geology-2,15.5,SoilType-2,No,376,No,LandCover-1,RoadClass-0,0,1
9490,52,225,-2.94,11.69,27.52,Combined,MUF,S,BET,107.35,Geology-2,15.44,SoilType-2,No,405,No,LandCover-1,RoadClass-0,0,0
171149,1,300,-1.07,1.32,94.03,Stormwater,Others,S,PPP,144.07,Geology-2,13.8,SoilType-3,No,0,No,LandCover-1,RoadClass-0,0,0
14509,98,225,-1.04,3.37,24.3,Combined,MUF,S,BET,100.45,Geology-2,15.47,SoilType-2,No,432,No,LandCover-1,RoadClass-0,0,1
3273,8,400,-1.63,1.11,43.74,Stormwater,Others,S,PPP,143.65,Geology-2,15,SoilType-3,No,0,No,LandCover-1,RoadClass-4,0,0
75739,24,200,-1.11,0.48,64.41,Stormwater,Others,S,PVC,105.31,Geology-2,15.43,SoilType-2,No,320,No,LandCover-2,RoadClass-0,0,0
164437,1,315,-2.07,0.71,52.86,Stormwater,Others,S,PVC,143.92,Geology-0,24.85,SoilType-4,No,208,No,LandCover-1,RoadClass-0,0,0
160237,1,150,-1.57,-0.82,12.34,Stormwater,Others,Others,Others,103.95,Geology-2,15.47,SoilType-2,No,85,No,LandCover-1,RoadClass-0,0,1
162887,0,160,-1.95,5.71,39.23,Wastewater,IM,S,PVC,126.06,Geology-2,16.32,SoilType-6,No,146,No,LandCover-1,RoadClass-0,0,0
74383,25,500,-1.51,-0.29,54.12,Combined,Others,S,PVC,105.53,Geology-2,15.41,SoilType-2,No,356,No,LandCover-1,RoadClass-0,0,1
131477,9,315,-4.33,2.23,13.1,Stormwater,Others,S,PVC,122.65,Geology-2,17.8,SoilType-9,No,111,No,LandCover-2,RoadClass-0,0,0
69206,40,200,-1.01,0.59,38.7,Wastewater,IM,S,BET,146.46,Geology-0,16.83,SoilType-9,No,81,No,LandCover-4,RoadClass-0,0,1
130406,6,315,-1.87,0.99,25.35,Wastewater,Others,S,PVC,145.74,Geology-0,13.79,SoilType-9,No,87,No,LandCover-2,RoadClass-1,0,0
66660,56,200,-1.22,5.12,21,Wastewater,MUF,S,BET,130.33,Geology-2,31.09,SoilType-5,No,38,No,LandCover-2,RoadClass-1,0,1
160227,1,160,-1.55,0.06,65.59,Wastewater,Others,S,PVC,122.39,Geology-2,15.48,SoilType-2,No,115,No,LandCover-1,RoadClass-0,0,0
61917,43,200,-1.08,-0.47,51.63,Wastewater,Others,S,PVC,131.27,Geology-0,19.58,SoilType-6,No,93,No,LandCover-2,RoadClass-0,0,1
79818,20,200,-2.3,6.67,60.41,Combined,Others,S,PVC,106.21,Geology-2,15.49,SoilType-2,No,542,No,LandCover-1,RoadClass-0,0,0
130324,9,315,-1.02,5.69,16.55,Stormwater,Others,S,PPP,140.39,Geology-3,5.43,SoilType-6,No,120,No,LandCover-2,RoadClass-0,0,0
69877,40,200,-0.87,3.06,42.93,Wastewater,IM,S,PVC,148.37,Geology-0,18.29,SoilType-6,No,15,No,LandCover-5,RoadClass-4,0,0
158484,1,200,-1.98,0.46,85.26,Wastewater,Others,S,PVC,120.1,Geology-2,15.59,SoilType-9,No,129,No,LandCover-2,RoadClass-0,0,0
152418,47,200,-1.75,7.54,33.63,Wastewater,Others,S,PVC,145.21,Geology-0,14.22,SoilType-9,No,129,No,LandCover-2,RoadClass-1,0,0
66671,36,200,-1.78,0.53,46.16,Wastewater,MUF,S,BET,129.46,Geology-2,31.19,SoilType-5,No,6,No,LandCover-2,RoadClass-1,0,0
162925,0,400,-3.93,-0.85,26.63,Stormwater,Others,S,PPP,145.05,Geology-0,23.91,SoilType-5,No,94,No,LandCover-1,RoadClass-3,0,0
14006,15,200,-1.07,1.73,46.61,Combined,Others,S,PVC,103.36,Geology-2,15.45,SoilType-2,No,320,No,LandCover-1,RoadClass-0,0,0
72438,31,200,-1.45,3.44,14.77,Stormwater,Others,S,BET,123.39,Geology-2,17.93,SoilType-9,No,236,No,LandCover-2,RoadClass-4,0,1
64915,37,200,-1.71,6.29,41.99,Wastewater,MUF,S,BET,134.06,Geology-0,21.52,SoilType-5,No,121,No,LandCover-2,RoadClass-1,0,0
13802,26,200,-1.45,3.52,7.72,Combined,Others,S,PVC,97.44,Geology-2,15.46,SoilType-2,No,523,No,LandCover-1,RoadClass-1,0,0
153952,0,160,-1.86,1.98,10.99,Wastewater,Others,S,PVC,143.97,Geology-0,14.67,SoilType-9,No,178,No,LandCover-4,RoadClass-3,0,0
70556,49,400,-1.31,1.47,41.23,Combined,MUF,S,BET,144.83,Geology-0,14.48,SoilType-9,No,133,No,LandCover-1,RoadClass-0,0,1
165504,0,160,-1.83,4.2,91.88,Wastewater,Others,S,PVC,118.3,Geology-2,15.57,SoilType-9,No,303,No,LandCover-2,RoadClass-1,0,0
69435,48,250,-1.9,0.2,67.31,Wastewater,IM,S,PVC,147.78,Geology-0,19.22,SoilType-6,No,36,No,LandCover-1,RoadClass-0,0,0
58222,41,160,-3.34,2.55,69.04,Wastewater,Others,S,PVC,122.72,Geology-2,15.94,SoilType-9,No,123,No,LandCover-1,RoadClass-2,0,0
66581,36,200,-2,0.34,72.18,Wastewater,MUF,S,BET,128.51,Geology-2,33.57,SoilType-5,No,6,No,LandCover-2,RoadClass-0,0,1
30119,25,160,-1.18,-2.35,19.7,Combined,Others,S,PVC,107.28,Geology-2,15.51,SoilType-2,No,150,No,LandCover-1,RoadClass-0,13550,0
159168,1,160,-1.43,5.75,29.68,Wastewater,Others,S,PVC,149.44,Geology-0,2.95,SoilType-9,No,24,No,LandCover-2,RoadClass-0,0,0
56843,58,225,-1.28,-0.81,6.36,Combined,MUF,S,BET,138.82,Geology-2,24.46,SoilType-4,No,180,No,LandCover-1,RoadClass-0,0,0
127427,9,250,-2.27,1.05,47.07,Combined,Others,S,PVC,145.54,Geology-0,13.44,SoilType-9,No,59,No,LandCover-1,RoadClass-0,0,0
5762,52,315,-1.28,5.75,47.89,Combined,Others,S,PVC,102.97,Geology-2,15.45,SoilType-2,No,405,No,LandCover-1,RoadClass-0,0,1
41066,23,250,-1.55,-2.13,20.08,Combined,Others,S,PVC,109.46,Geology-2,15.52,SoilType-0,No,342,No,LandCover-1,RoadClass-0,0,0
81365,16,250,-1.9,2.9,30.3,Stormwater,Others,S,PVC,131.87,Geology-2,23.35,SoilType-5,No,6,No,LandCover-2,RoadClass-0,0,0
67507,40,200,-2.25,0.27,25.61,Wastewater,MUF,S,BET,146.05,Geology-0,13.33,SoilType-9,No,87,No,LandCover-4,RoadClass-0,0,1
159001,0,250,-1.64,1.32,58.48,Stormwater,Others,S,PVC,149.3,Geology-0,2.49,SoilType-9,No,118,No,LandCover-2,RoadClass-0,0,0
69050,32,160,-1.11,0.92,50.1,Wastewater,IM,S,PVC,149.21,Geology-0,6,SoilType-6,No,89,No,LandCover-4,RoadClass-0,0,0
164481,0,200,-1.74,3.32,64.46,Wastewater,Others,S,PVC,141.08,Geology-0,26.56,SoilType-5,No,64,No,LandCover-2,RoadClass-1,0,0
132605,9,200,-2.41,2.29,27.7,Stormwater,Others,S,PVC,122.63,Geology-2,17.81,SoilType-9,No,111,No,LandCover-2,RoadClass-2,0,0
145407,6,630,-2.28,-0.14,51.9,Stormwater,Others,S,PPP,122.45,Geology-2,15.78,SoilType-2,No,11,No,LandCover-1,RoadClass-3,0,0
58219,41,160,-0.07,0.53,34.22,Wastewater,Others,S,PVC,122.78,Geology-2,15.96,SoilType-9,No,123,No,LandCover-1,RoadClass-3,0,1
74456,17,225,-3.55,4.4,72.52,Combined,MUF,S,Others,104.57,Geology-2,15.45,SoilType-2,No,320,No,LandCover-1,RoadClass-0,0,1
63182,50,300,-0.91,3.9,53.17,Combined,MUF,S,BET,133.93,Geology-2,18.15,SoilType-5,No,147,No,LandCover-1,RoadClass-0,0,1
165855,0,250,-1.5,-1.82,3.82,Stormwater,Others,S,PVC,118.32,Geology-2,15.57,SoilType-5,No,303,No,LandCover-1,RoadClass-0,0,0
159164,1,200,-1.84,4.79,93.14,Stormwater,Others,S,PVC,122.58,Geology-2,17.82,SoilType-9,No,111,No,LandCover-2,RoadClass-1,0,0
153958,1,200,-0.5,0.55,38.21,Wastewater,Others,S,PVC,148.28,Geology-0,7.81,SoilType-7,No,0,No,LandCover-5,RoadClass-0,0,0
55461,40,160,-1.96,0.72,74.2,Wastewater,Others,S,PVC,142.49,Geology-0,21.35,SoilType-4,No,109,No,LandCover-4,RoadClass-2,0,0
162534,1,200,-1.25,0.93,44,Wastewater,Others,S,PVC,125.95,Geology-0,16.35,SoilType-4,No,146,No,LandCover-2,RoadClass-0,0,0
163695,1,315,-1.14,0.89,52.93,Wastewater,Others,S,PVC,118.39,Geology-0,15.58,SoilType-9,No,129,No,LandCover-2,RoadClass-0,5100,0
65616,24,200,-1.16,6.66,19.9,Combined,MUF,S,BET,135.67,Geology-2,16.48,SoilType-5,No,251,No,LandCover-4,RoadClass-3,0,1
157387,1,200,-1.33,0.94,63.73,Stormwater,Others,S,PVC,124.62,Geology-2,16.06,SoilType-0,No,85,No,LandCover-2,RoadClass-0,0,0
59705,40,225,-2.21,1.66,42.33,Combined,MUF,S,BET,127.11,Geology-0,16.8,SoilType-9,No,66,No,LandCover-2,RoadClass-0,0,0
160111,1,315,-1.63,1.61,44.2,Combined,Others,S,PVC,131.78,Geology-2,19.1,SoilType-6,No,130,No,LandCover-1,RoadClass-2,0,1
81301,49,225,-2.3,0.9,37.68,Combined,MUF,S,BET,135,Geology-2,19.04,SoilType-5,No,200,No,LandCover-4,RoadClass-2,0,1
74001,21,315,-1.31,0.16,32.99,Wastewater,Others,S,PVC,142.16,Geology-0,14.77,SoilType-9,No,239,No,LandCover-1,RoadClass-1,0,0
49791,59,300,-1.77,1.21,19.07,Combined,MUF,S,BET,122.4,Geology-0,15.69,SoilType-4,No,54,No,LandCover-4,RoadClass-0,6690,1
169591,0,250,-1.12,2.63,45.42,Stormwater,Others,S,PVC,103.36,Geology-2,15.45,SoilType-2,No,320,No,LandCover-1,RoadClass-0,0,0
159843,1,250,-1.28,2.8,22.15,Stormwater,Others,S,PVC,122.42,Geology-2,15.48,SoilType-2,No,115,No,LandCover-2,RoadClass-0,0,0
67759,33,200,-1.43,0.63,26.69,Combined,IM,S,PVC,143.89,Geology-0,16.28,SoilType-9,No,55,No,LandCover-2,RoadClass-4,0,0
9567,61,150,-6.88,0.53,39.94,Combined,MUF,S,BET,116.39,Geology-2,15.5,SoilType-2,No,146,No,LandCover-1,RoadClass-1,0,1
73964,99,300,-1.66,5.75,7.77,Combined,Others,S,Others,106.59,Geology-2,15.5,SoilType-2,No,546,No,LandCover-1,RoadClass-0,0,1
66662,56,200,-3.27,1.68,30.06,Wastewater,MUF,S,BET,129.35,Geology-2,32.91,SoilType-5,No,138,No,LandCover-2,RoadClass-1,0,1
57220,43,225,-2.11,2.18,53.24,Combined,MUF,S,BET,141.82,Geology-0,25.85,SoilType-5,No,190,No,LandCover-1,RoadClass-0,0,1
63138,47,300,-1.6,0.46,28.79,Stormwater,MUF,S,BET,132.88,Geology-2,18.94,SoilType-4,No,125,No,LandCover-1,RoadClass-0,0,1
47616,25,200,-0.93,5.33,37.57,Combined,MUF,S,PVC,106.34,Geology-2,15.48,SoilType-2,No,216,No,LandCover-1,RoadClass-0,0,0
27901,101,400,-1.85,1.12,17.03,Combined,Others,S,Others,103.66,Geology-2,15.47,SoilType-2,No,85,No,LandCover-1,RoadClass-0,0,0
65479,40,225,-1.9,13.44,12.76,Combined,MUF,S,BET,137.01,Geology-2,14.8,SoilType-5,No,70,No,LandCover-1,RoadClass-1,0,0
4241,90,400,-0.56,0.59,40.01,Combined,MUF,S,BET,123.18,Geology-2,15.51,SoilType-2,No,237,No,LandCover-4,RoadClass-2,0,1
66115,38,200,-2.02,3.08,29.02,Wastewater,MUF,S,BET,129.83,Geology-2,30.15,SoilType-5,No,0,No,LandCover-2,RoadClass-0,0,1
171062,1,250,-2.66,0.78,60.87,Wastewater,Others,S,PVC,143.62,Geology-0,16.06,SoilType-9,No,55,No,LandCover-4,RoadClass-4,0,0
67758,33,300,-2.3,0.47,44.81,Combined,Others,S,BET,143.82,Geology-0,16.21,SoilType-9,No,55,No,LandCover-2,RoadClass-4,0,1
61920,43,200,-1.55,0.72,56.29,Wastewater,Others,S,PVC,131.34,Geology-0,19.64,SoilType-6,No,93,No,LandCover-2,RoadClass-0,0,0
74334,29,315,-0.88,6.3,11.91,Combined,Others,S,PVC,105.79,Geology-2,15.47,SoilType-2,No,171,No,LandCover-1,RoadClass-0,0,1
5541,64,225,-1.14,3.06,35.32,Combined,MUF,S,BET,122.44,Geology-2,15.67,SoilType-6,No,104,No,LandCover-1,RoadClass-1,0,1
124373,46,110,-3.42,0.06,18.15,Wastewater,Others,S,PVC,128.49,Geology-2,15.62,SoilType-9,No,114,No,LandCover-2,RoadClass-2,0,1
164611,1,160,-1.86,4.9,74.16,Wastewater,Others,S,PVC,127.48,Geology-2,16.29,SoilType-9,No,142,No,LandCover-1,RoadClass-2,0,0
46104,86,225,-2.09,1.54,40.86,Combined,MUF,S,BET,107.17,Geology-2,15.5,SoilType-2,No,150,No,LandCover-1,RoadClass-0,0,1
163698,0,250,-1.82,0.73,52.76,Stormwater,Others,S,PVC,124.93,Geology-2,16.1,SoilType-6,No,171,No,LandCover-1,RoadClass-0,0,0
63129,47,375,-1.47,0.47,8.18,Stormwater,MUF,S,BET,133.17,Geology-2,18.59,SoilType-9,No,78,No,LandCover-1,RoadClass-0,0,1
162695,1,200,-2.56,-5.59,68.61,Wastewater,Others,S,PVC,132.93,Geology-2,19.16,SoilType-5,No,125,No,LandCover-1,RoadClass-2,0,0
161985,1,250,-0.99,4.14,67.74,Combined,Others,S,PVC,103.85,Geology-2,15.46,SoilType-2,No,85,No,LandCover-1,RoadClass-0,0,0
65632,46,225,-3.07,1.75,57.37,Combined,MUF,S,BET,135.63,Geology-2,17.13,SoilType-5,No,251,No,LandCover-5,RoadClass-1,0,0
161057,58,225,-2.12,-2.54,6.2,Combined,Others,S,BET,130.8,Geology-2,19.12,SoilType-6,No,120,No,LandCover-1,RoadClass-0,0,0
3285,8,160,-0.01,0.5,12.31,Wastewater,Others,S,PVC,144.12,Geology-2,13.62,SoilType-3,No,0,No,LandCover-1,RoadClass-0,0,0
1140,28,400,-1.09,4.15,49.39,Stormwater,MUF,S,BET,123.03,Geology-2,16.01,SoilType-9,No,175,No,LandCover-4,RoadClass-0,0,0
57205,40,225,-2,3.56,53.21,Combined,MUF,S,BET,142.46,Geology-0,25.04,SoilType-4,No,190,No,LandCover-1,RoadClass-0,0,1
88229,19,250,-0.98,3.35,29.92,Combined,Others,S,PVC,108.85,Geology-2,15.51,SoilType-0,No,225,No,LandCover-2,RoadClass-3,0,0
5763,52,315,-1.25,3.47,27.93,Combined,Others,S,PVC,101.84,Geology-2,15.45,SoilType-2,No,405,No,LandCover-1,RoadClass-0,0,0
66846,36,200,-0.6,0.34,55.79,Combined,Others,S,PVC,127.04,Geology-2,36.56,SoilType-5,No,138,No,LandCover-2,RoadClass-2,0,0
57153,42,300,-2.8,4.61,29.74,Combined,MUF,S,BET,142.51,Geology-0,24.43,SoilType-4,No,12,No,LandCover-1,RoadClass-2,0,1
74020,29,315,-4.08,1.02,30.35,Combined,Others,S,PVC,105.8,Geology-2,15.46,SoilType-2,No,171,No,LandCover-1,RoadClass-1,0,0
9489,52,225,-3.02,7.64,64.96,Combined,MUF,S,BET,108.44,Geology-2,15.44,SoilType-2,No,182,No,LandCover-2,RoadClass-0,0,0
66580,36,200,-4.32,0.78,58.8,Wastewater,MUF,S,BET,128.88,Geology-2,32.65,SoilType-5,No,6,No,LandCover-2,RoadClass-0,0,1
58432,46,200,-2.05,2.75,55.22,Stormwater,MUF,S,BET,124.3,Geology-2,16.06,SoilType-6,No,85,No,LandCover-5,RoadClass-3,0,1
56685,35,160,-1.67,2.34,41.06,Wastewater,Others,S,PVC,138.24,Geology-0,26.08,SoilType-5,No,180,No,LandCover-4,RoadClass-1,0,0
62571,48,225,-1.23,3.72,22.39,Combined,MUF,S,BET,131.7,Geology-2,19.1,SoilType-6,No,130,No,LandCover-1,RoadClass-0,0,1
129158,8,250,-2.24,-1.27,53.26,Wastewater,Others,S,PVC,145.81,Geology-0,13.75,SoilType-9,No,87,No,LandCover-4,RoadClass-1,0,0
69465,45,250,-1.55,8.42,22.37,Wastewater,IM,S,BET,147.21,Geology-0,19.95,SoilType-5,No,54,No,LandCover-1,RoadClass-3,0,0
57506,29,315,-1.55,0.18,53.63,Wastewater,Others,S,PVC,145.06,Geology-2,21.34,SoilType-4,No,0,No,LandCover-4,RoadClass-4,0,0
62574,47,300,-0.33,7.15,81.01,Stormwater,MUF,S,BET,131.61,Geology-2,19.15,SoilType-6,No,130,No,LandCover-4,RoadClass-3,0,1
59714,40,225,-0.66,3.21,45.39,Combined,MUF,S,BET,127.67,Geology-0,16.89,SoilType-9,No,29,No,LandCover-2,RoadClass-4,0,1
14510,98,225,-3.03,7.55,41.82,Combined,MUF,S,BET,100.9,Geology-2,15.47,SoilType-2,No,432,No,LandCover-1,RoadClass-1,0,1
170138,57,225,-4.04,-0.84,41.17,Combined,MUF,S,BET,139.04,Geology-2,18.33,SoilType-4,No,62,No,LandCover-4,RoadClass-0,0,0
141144,40,300,-2.24,1.99,64.99,Stormwater,MUF,S,BET,103.28,Geology-2,15.47,SoilType-2,No,85,No,LandCover-1,RoadClass-0,0,0
66579,36,200,-6.58,1.22,70.92,Wastewater,MUF,S,BET,129.16,Geology-2,31.86,SoilType-5,No,6,No,LandCover-2,RoadClass-0,0,1
156432,0,300,-3.2,1.86,40.46,Stormwater,Others,S,PPP,146.6,Geology-0,13.27,SoilType-6,No,15,No,LandCover-2,RoadClass-0,0,0
162962,91,200,-2.83,4.25,48.38,Combined,Others,S,BET,105.87,Geology-2,15.46,SoilType-2,No,542,No,LandCover-1,RoadClass-0,0,1
80763,16,250,-1.01,0.97,67.6,Stormwater,Others,S,PVC,131.93,Geology-2,23.19,SoilType-5,No,6,No,LandCover-1,RoadClass-1,0,0
67792,33,200,-1.38,0.59,52.35,Combined,IM,S,PVC,143.96,Geology-0,16.36,SoilType-9,No,90,No,LandCover-2,RoadClass-4,0,0
56706,35,200,-2.04,1.94,46.41,Stormwater,MUF,S,BET,137.24,Geology-0,26.04,SoilType-5,No,207,No,LandCover-4,RoadClass-0,0,1
153295,39,150,-1.66,1.22,24.99,Combined,MUF,S,BET,141.52,Geology-0,24.58,SoilType-4,No,167,No,LandCover-1,RoadClass-0,0,1
80107,20,200,-1.33,1.79,43.1,Combined,Others,S,PVC,106.02,Geology-2,15.48,SoilType-2,No,542,No,LandCover-1,RoadClass-0,0,0
155321,1,315,-0.97,0.47,59.64,Wastewater,Others,S,PVC,146.09,Geology-0,13.71,SoilType-7,No,11,No,LandCover-4,RoadClass-2,0,0
164973,1,250,-0.02,-1.19,55.23,Wastewater,IM,S,PVC,147.55,Geology-0,19.35,SoilType-5,No,36,No,LandCover-4,RoadClass-3,0,0
73226,26,250,-1.7,0.82,33.24,Combined,Others,S,PVC,106,Geology-2,15.49,SoilType-2,No,376,No,LandCover-1,RoadClass-0,0,0
156763,0,200,-2.8,-0.85,14.43,Wastewater,Others,S,PVC,146.61,Geology-0,13.43,SoilType-6,No,15,No,LandCover-2,RoadClass-2,0,0
73958,64,150,-1.7,5.69,6.49,Combined,MUF,S,BET,106.17,Geology-2,15.49,SoilType-2,No,376,No,LandCover-1,RoadClass-0,0,1
172077,49,225,-2.17,-0.73,9.55,Combined,MUF,S,BET,134.96,Geology-2,19.08,SoilType-5,No,200,No,LandCover-2,RoadClass-1,12750,1
63625,20,225,-2.24,0.85,40.62,Wastewater,MUF,S,Others,132.02,Geology-0,20.41,SoilType-5,No,109,No,LandCover-2,RoadClass-0,0,1
56708,35,160,-2.64,0.66,30.17,Wastewater,Others,S,PVC,137.07,Geology-0,26.28,SoilType-5,No,207,No,LandCover-1,RoadClass-0,0,0
77063,100,200,-1.86,-0.26,16.09,Stormwater,Others,S,Others,103.8,Geology-2,15.47,SoilType-2,No,85,No,LandCover-1,RoadClass-0,0,0
88550,19,250,-2.76,6.33,46.89,Combined,Others,S,PVC,109.02,Geology-2,15.51,SoilType-0,No,225,No,LandCover-2,RoadClass-4,0,0
76626,35,600,-1.44,-0.3,51.82,Combined,Others,S,PVC,106.32,Geology-2,15.5,SoilType-2,No,376,No,LandCover-1,RoadClass-0,13550,0
169678,1,160,-1,1.08,31.64,Stormwater,Others,S,PVC,105.83,Geology-2,15.48,SoilType-2,No,171,No,LandCover-1,RoadClass-0,0,0
65594,46,200,-1.6,-4.13,6.22,Combined,MUF,S,BET,135.98,Geology-2,15.52,SoilType-5,No,251,No,LandCover-1,RoadClass-0,6800,1
88942,20,200,-2.38,4.95,69.8,Stormwater,Others,S,PVC,123.46,Geology-2,17.94,SoilType-9,No,9,No,LandCover-2,RoadClass-4,0,0
159108,0,200,-1.25,2.64,35.26,Stormwater,Others,S,PVC,149.33,Geology-0,2.6,SoilType-9,No,118,No,LandCover-2,RoadClass-0,0,0
133015,13,160,-3.73,15.18,22.71,Wastewater,Others,S,PVC,115.82,Geology-2,15.61,SoilType-5,No,157,No,LandCover-1,RoadClass-2,0,0
69212,40,200,-0.97,0.64,19.64,Stormwater,IM,S,BET,146.39,Geology-0,16.44,SoilType-9,No,81,No,LandCover-2,RoadClass-0,0,1
4931,36,200,-1.83,-0.25,1.67,Combined,Others,S,PVC,127.95,Geology-2,34.72,SoilType-5,No,138,No,LandCover-2,RoadClass-4,0,1
163508,1,200,-1.78,-10.85,3.35,Stormwater,Others,S,PVC,102.6,Geology-2,15.45,SoilType-3,No,84,No,LandCover-4,RoadClass-0,0,0
163852,1,250,-1.6,-0.73,33.68,Stormwater,Others,S,PVC,124.82,Geology-2,16.1,SoilType-6,No,171,No,LandCover-4,RoadClass-0,0,0
66663,56,200,-2.7,5.25,19.25,Wastewater,MUF,S,BET,129.14,Geology-2,33.32,SoilType-5,No,138,No,LandCover-2,RoadClass-1,0,0
69579,45,300,-1.54,-0.33,7.05,Wastewater,IM,S,BET,147.31,Geology-0,18.44,SoilType-5,No,12,No,LandCover-4,RoadClass-0,0,0
69468,45,250,-1.93,5.21,29.57,Wastewater,IM,S,BET,147.1,Geology-0,19.72,SoilType-6,No,54,No,LandCover-2,RoadClass-3,0,0
159146,0,200,-1.45,3.57,22.95,Stormwater,Others,S,PVC,149.37,Geology-0,2.84,SoilType-9,No,118,No,LandCover-1,RoadClass-0,0,0
160622,1,500,-1.62,0.98,44.9,Stormwater,Others,S,PPP,131.77,Geology-2,19.12,SoilType-6,No,130,No,LandCover-4,RoadClass-0,0,0
72419,89,300,-2.12,-0.64,9.2,Combined,MUF,S,BET,109.42,Geology-2,15.52,SoilType-0,No,102,No,LandCover-1,RoadClass-1,0,1
164189,1,200,-1.66,4.67,61.67,Wastewater,Others,S,PVC,143.03,Geology-0,25.4,SoilType-5,No,64,No,LandCover-1,RoadClass-0,0,0
163226,1,200,-1.5,1.69,74.05,Stormwater,Others,S,PVC,143.96,Geology-2,23.61,SoilType-5,No,94,No,LandCover-2,RoadClass-3,0,0
69467,45,250,-2.24,6.57,5.76,Wastewater,IM,S,BET,147.13,Geology-0,19.85,SoilType-5,No,54,No,LandCover-1,RoadClass-3,0,0
45942,68,225,-1.37,2.18,54.76,Combined,MUF,S,BET,107.79,Geology-2,15.5,SoilType-2,No,382,No,LandCover-4,RoadClass-1,0,1
27906,40,600,-1.71,2.86,7.77,Combined,Others,S,PVC,103.66,Geology-2,15.47,SoilType-2,No,85,No,LandCover-1,RoadClass-0,0,0
156007,32,225,-0.98,9.88,22.16,Wastewater,Others,S,BET,128.93,Geology-2,16.33,SoilType-9,No,224,No,LandCover-1,RoadClass-2,0,1
60661,53,200,-1,-7.44,9.08,Stormwater,MUF,S,BET,129.24,Geology-2,16.7,SoilType-9,No,95,No,LandCover-1,RoadClass-1,8700,0
67456,47,225,-2.32,9.82,38.75,Combined,MUF,S,BET,145.22,Geology-0,14.05,SoilType-9,No,129,No,LandCover-2,RoadClass-2,0,1
159263,1,315,-1.41,6.06,29.71,Stormwater,Others,S,PVC,122.48,Geology-2,15.5,SoilType-2,No,115,No,LandCover-1,RoadClass-1,0,0
163697,0,160,-1.94,0.86,52.19,Wastewater,Others,S,PVC,124.93,Geology-2,16.1,SoilType-6,No,171,No,LandCover-1,RoadClass-0,0,0
69063,32,160,-3.28,1.13,29.23,Wastewater,IM,S,PVC,149.16,Geology-0,8.78,SoilType-7,No,124,No,LandCover-2,RoadClass-0,0,1
161480,1,230,-2.03,1.82,51.61,Combined,MUF,S,BET,122.44,Geology-2,15.73,SoilType-9,No,104,No,LandCover-4,RoadClass-0,0,1
165486,1,200,-2.18,0.64,87,Wastewater,Others,S,PVC,144.12,Geology-0,24.51,SoilType-4,No,190,No,LandCover-4,RoadClass-0,0,0
2747,90,450,-1.77,1.01,43.71,Combined,MUF,S,BET,123.03,Geology-2,15.51,SoilType-2,No,237,No,LandCover-4,RoadClass-0,0,1
163315,1,250,-1.78,7.02,46.67,Stormwater,Others,S,PVC,102.54,Geology-2,15.45,SoilType-2,No,84,No,LandCover-1,RoadClass-0,0,0
52913,24,300,-2.18,0.25,9.19,Combined,MUF,S,Others,142.77,Geology-0,15.41,SoilType-9,No,130,No,LandCover-2,RoadClass-1,0,0
55435,38,200,-1.96,0.2,45.61,Wastewater,MUF,S,BET,140.58,Geology-0,20.18,SoilType-4,No,68,No,LandCover-2,RoadClass-3,0,0
164509,47,375,-2.37,-0.3,29.55,Stormwater,Others,S,BET,133.08,Geology-2,18.74,SoilType-9,No,78,No,LandCover-1,RoadClass-2,0,1
4015,59,300,-1.54,0.97,11.76,Combined,MUF,S,BET,122.4,Geology-0,15.63,SoilType-4,No,236,No,LandCover-1,RoadClass-0,6690,0
74315,91,200,-0.76,1.35,9.1,Combined,Others,S,BET,105.88,Geology-2,15.46,SoilType-2,No,542,No,LandCover-1,RoadClass-0,0,1
57269,31,160,-1.63,5.2,28.54,Wastewater,Others,S,PVC,144.62,Geology-0,25.15,SoilType-9,No,9,No,LandCover-4,RoadClass-0,0,0
129850,15,200,-1.43,2.43,46.58,Wastewater,Others,S,PVC,129.3,Geology-0,19.39,SoilType-5,No,20,No,LandCover-1,RoadClass-0,12260,0
56757,54,150,-1.57,0.49,35.03,Wastewater,MUF,S,BET,140.01,Geology-0,25.56,SoilType-5,No,167,No,LandCover-1,RoadClass-3,0,1
20351,52,230,-2.05,0.43,39.07,Combined,MUF,S,BET,120.6,Geology-0,15.59,SoilType-5,No,170,No,LandCover-2,RoadClass-0,0,1
162387,1,400,-1.86,6.05,42.61,Stormwater,Others,S,PVC,132.93,Geology-2,19.08,SoilType-5,No,125,No,LandCover-4,RoadClass-0,0,0
69218,40,200,-1.89,1.88,51.63,Stormwater,IM,S,BET,146.37,Geology-0,16.12,SoilType-9,No,81,No,LandCover-2,RoadClass-0,0,1
4371,48,200,-1.29,3.45,40.64,Combined,MUF,S,BET,122.67,Geology-2,15.85,SoilType-9,No,162,No,LandCover-4,RoadClass-2,0,1
52180,21,200,-3.35,1.68,16.17,Wastewater,Others,S,PVC,142.63,Geology-0,14.69,SoilType-9,No,116,No,LandCover-4,RoadClass-2,0,0
164617,0,315,-2.05,3.55,45.71,Stormwater,Others,S,PVC,141.86,Geology-0,25.91,SoilType-5,No,64,No,LandCover-1,RoadClass-0,0,0
70186,28,200,-2.99,1.9,49.87,Stormwater,IM,S,BET,150.44,Geology-0,11.73,SoilType-4,No,11,No,LandCover-1,RoadClass-3,0,1
152365,30,400,-1.23,-1.01,7.09,Wastewater,Others,Others,PVC,105.78,Geology-2,15.47,SoilType-2,No,171,No,LandCover-2,RoadClass-0,0,0
58192,60,600,-1.64,-2.38,10.5,Combined,Others,S,BET,123.38,Geology-2,16.08,SoilType-4,No,102,No,LandCover-2,RoadClass-0,8700,0
20362,50,230,-1.46,1.2,28.59,Combined,MUF,S,BET,120.27,Geology-2,15.58,SoilType-9,No,170,No,LandCover-2,RoadClass-1,0,1
68175,34,200,-4.83,7.8,37.12,Stormwater,IM,S,BET,145.54,Geology-0,16.18,SoilType-6,No,20,No,LandCover-4,RoadClass-2,0,0
67710,33,200,-0.33,2,50.08,Wastewater,IM,S,BET,143.75,Geology-0,16.43,SoilType-6,No,55,No,LandCover-1,RoadClass-0,0,1
60634,54,225,-1.61,-0.33,12.9,Combined,MUF,S,BET,129.57,Geology-2,16.73,SoilType-6,No,95,No,LandCover-1,RoadClass-0,8700,1
159903,0,250,-0.76,7.45,47.58,Stormwater,Others,S,PVC,122.52,Geology-2,15.46,SoilType-2,No,91,No,LandCover-1,RoadClass-0,0,0
56674,35,200,-1.1,0.35,40.75,Wastewater,MUF,S,BET,138.6,Geology-0,25.75,SoilType-5,No,180,No,LandCover-1,RoadClass-2,0,0
74019,29,315,-2.96,28.1,11.31,Combined,Others,S,PVC,105.81,Geology-2,15.46,SoilType-2,No,171,No,LandCover-1,RoadClass-0,0,0
4244,90,400,-1.61,0.27,35.61,Combined,MUF,S,BET,123.13,Geology-2,15.51,SoilType-2,No,237,No,LandCover-1,RoadClass-1,0,1
4081,55,400,-1.52,1.2,19.03,Stormwater,MUF,S,BET,122.41,Geology-2,15.6,SoilType-9,No,104,No,LandCover-2,RoadClass-0,0,1
163886,1,315,-2.38,0.35,73.48,Stormwater,Others,S,PVC,145.34,Geology-0,24.4,SoilType-4,No,208,No,LandCover-2,RoadClass-0,0,0
69040,33,400,-1.28,0.76,58.28,Stormwater,IM,S,BET,149.41,Geology-0,9.18,SoilType-7,No,123,No,LandCover-2,RoadClass-0,0,0
151571,0,200,-1.14,0.62,43.39,Wastewater,Others,S,PVC,116.92,Geology-2,15.56,SoilType-9,No,37,No,LandCover-1,RoadClass-0,5100,0
151225,43,225,-2.06,2.44,42.95,Combined,MUF,S,BET,143.03,Geology-0,25.42,SoilType-5,No,208,No,LandCover-4,RoadClass-0,0,1
56844,58,225,-0.36,1.33,45.73,Combined,MUF,S,BET,138.66,Geology-2,24.39,SoilType-4,No,180,No,LandCover-4,RoadClass-0,0,0
165409,1,200,-2.29,0.62,10.98,Wastewater,Others,S,PVC,144.06,Geology-0,22.8,SoilType-4,No,71,No,LandCover-2,RoadClass-0,0,0
5275,49,250,-1.92,3.16,29.35,Combined,MUF,S,BET,127.54,Geology-2,16.3,SoilType-9,No,142,No,LandCover-1,RoadClass-2,0,1
166322,43,225,-2.37,1.7,17.81,Combined,MUF,S,BET,136.62,Geology-2,15.9,SoilType-5,No,195,No,LandCover-4,RoadClass-1,0,0
168969,1,200,-1.33,0.68,35.7,Combined,Others,S,BET,122.55,Geology-2,15.68,SoilType-9,No,162,No,LandCover-1,RoadClass-2,0,1
24452,68,300,-0.07,2.77,43.82,Combined,MUF,S,BET,117.36,Geology-2,15.57,SoilType-9,No,303,No,LandCover-1,RoadClass-1,0,1
67418,37,375,-1.42,19.89,1.55,Combined,MUF,S,BET,145.48,Geology-0,13.55,SoilType-9,No,59,No,LandCover-2,RoadClass-1,0,0
67420,37,375,-1.48,0.86,27.78,Combined,MUF,S,BET,145.47,Geology-0,13.62,SoilType-9,No,59,No,LandCover-4,RoadClass-2,0,1
75077,18,300,-0.72,-0.57,45.25,Wastewater,MUF,S,Others,145.64,Geology-0,13.82,SoilType-9,No,87,No,LandCover-4,RoadClass-2,0,1
158077,1,200,-1.89,0.92,78.09,Wastewater,Others,S,PVC,120.02,Geology-0,15.59,SoilType-9,No,129,No,LandCover-2,RoadClass-0,0,0
57532,29,160,-2.89,8.5,49.58,Wastewater,Others,S,PVC,142.69,Geology-2,23.36,SoilType-5,No,26,No,LandCover-4,RoadClass-2,0,0
57394,32,200,-2.48,18.67,11.84,Wastewater,MUF,S,BET,142.37,Geology-2,24.45,SoilType-5,No,70,No,LandCover-1,RoadClass-4,0,1
69405,40,200,-3.76,5.23,72.42,Stormwater,IM,S,BET,146.9,Geology-0,18.18,SoilType-9,No,54,No,LandCover-2,RoadClass-1,0,1
1699,64,225,-1.58,3.82,10.51,Combined,MUF,S,BET,122.5,Geology-2,15.67,SoilType-6,No,111,No,LandCover-2,RoadClass-0,0,1
70527,48,225,-2.86,3.53,32.23,Combined,MUF,S,BET,144.55,Geology-0,15.06,SoilType-9,No,0,No,LandCover-4,RoadClass-3,0,1
160409,0,225,-1.7,-1.29,79.75,Combined,Others,S,BET,131.01,Geology-2,19.19,SoilType-6,No,120,No,LandCover-1,RoadClass-0,0,1
61067,19,160,-1.98,0.26,8.39,Wastewater,Others,S,PVC,128.72,Geology-2,19.3,SoilType-5,No,20,No,LandCover-1,RoadClass-3,0,0
158258,34,225,-1.83,2.49,24.63,Stormwater,MUF,S,BET,138.26,Geology-0,26.08,SoilType-5,No,167,No,LandCover-4,RoadClass-0,0,1
154172,38,125,-1.13,-0.14,21.63,Wastewater,Others,S,PVC,143.3,Geology-0,22.52,SoilType-4,No,134,No,LandCover-2,RoadClass-0,0,1
6520,55,225,-1.77,2.95,32.94,Combined,MUF,S,BET,105.4,Geology-2,15.43,SoilType-2,No,405,No,LandCover-2,RoadClass-0,0,0
27734,28,200,-1.25,2.97,60.95,Wastewater,Others,S,PVC,112.42,Geology-2,15.54,SoilType-2,No,330,No,LandCover-4,RoadClass-0,0,0
56692,35,125,-0.97,1.18,23.79,Wastewater,MUF,S,PVC,137.4,Geology-0,26.52,SoilType-5,No,207,No,LandCover-1,RoadClass-0,0,0
1807,36,200,-4.06,9.02,24.72,Wastewater,Others,S,PVC,122.84,Geology-2,17.82,SoilType-9,No,180,No,LandCover-2,RoadClass-0,0,0
1742,36,225,-1.8,2.45,12.44,Wastewater,Others,S,BET,122.83,Geology-2,17.8,SoilType-9,No,180,No,LandCover-2,RoadClass-0,0,1
59703,40,225,-1.53,4.14,18,Combined,MUF,S,BET,127.08,Geology-0,16.81,SoilType-9,No,111,No,LandCover-2,RoadClass-0,0,0
66582,35,200,-1.54,1.22,37.39,Wastewater,MUF,S,PVC,128.13,Geology-2,34.26,SoilType-5,No,138,No,LandCover-2,RoadClass-4,0,0
56684,34,160,-1.61,1.02,43.18,Wastewater,Others,S,PVC,138.28,Geology-0,25.87,SoilType-5,No,180,No,LandCover-1,RoadClass-0,0,0
170654,1,200,-1.64,0.01,41.17,Wastewater,Others,S,BET,143.59,Geology-0,16.2,SoilType-9,No,55,No,LandCover-2,RoadClass-0,0,1
170865,90,200,-0.1,15.59,15.48,Combined,Others,S,PVC,96.44,Geology-2,15.45,SoilType-2,Yes,498,No,LandCover-1,RoadClass-0,0,0
163387,1,225,-0.43,-2.85,11.94,Combined,Others,S,BET,134.22,Geology-0,21.5,SoilType-5,No,121,No,LandCover-2,RoadClass-1,0,0
163043,0,200,-1.38,3.92,51.58,Wastewater,Others,S,PVC,142.55,Geology-2,24.3,SoilType-5,No,94,No,LandCover-4,RoadClass-4,0,0
70521,48,125,-1.48,2.27,29.15,Wastewater,MUF,S,BET,144.55,Geology-0,14.91,SoilType-9,No,133,No,LandCover-4,RoadClass-2,0,1
149912,67,150,-1.5,0.13,7.98,Stormwater,Others,Others,BET,122.51,Geology-0,15.59,SoilType-2,No,318,No,LandCover-1,RoadClass-0,6690,1
140983,22,225,-1.26,0.67,20.71,Combined,MUF,S,Others,138.62,Geology-0,25.75,SoilType-5,No,180,No,LandCover-1,RoadClass-1,0,1
13924,101,225,-1.37,3.16,5.37,Combined,MUF,S,BET,102.48,Geology-2,15.45,SoilType-2,Yes,84,No,LandCover-1,RoadClass-0,0,1
73955,37,200,-1.64,15,35.17,Combined,Others,S,PVC,106.11,Geology-2,15.49,SoilType-2,No,376,No,LandCover-1,RoadClass-0,0,0
1134,22,150,-3.25,6.7,51.89,Combined,MUF,S,Others,123.02,Geology-2,15.99,SoilType-9,No,104,No,LandCover-1,RoadClass-0,0,1
163917,1,200,-2.41,0.64,67.22,Wastewater,Others,S,PVC,143.38,Geology-0,24.83,SoilType-4,No,190,No,LandCover-1,RoadClass-0,0,0
73950,20,200,-0.97,0.98,20.06,Combined,Others,S,PVC,106.15,Geology-2,15.48,SoilType-2,No,542,No,LandCover-1,RoadClass-0,0,0
156316,1,300,-3.15,1.25,19.79,Stormwater,Others,S,PPP,146.58,Geology-0,13.12,SoilType-6,No,15,No,LandCover-4,RoadClass-2,0,0
4250,68,225,-1.48,2.4,8.86,Combined,MUF,S,BET,123.59,Geology-2,15.49,SoilType-2,No,195,No,LandCover-4,RoadClass-1,0,0
157769,1,250,-1.97,0.38,50.21,Stormwater,Others,S,PVC,127.54,Geology-2,15.62,SoilType-9,No,114,No,LandCover-2,RoadClass-0,0,0
152223,54,200,-1.37,4.98,56.49,Combined,MUF,S,BET,122.4,Geology-2,15.61,SoilType-9,No,236,No,LandCover-1,RoadClass-3,0,0
57324,36,200,-2.51,0.87,50.06,Wastewater,MUF,S,BET,145.2,Geology-0,24.03,SoilType-9,No,94,No,LandCover-1,RoadClass-2,0,0
162535,1,315,-1.18,1.01,45.04,Stormwater,Others,S,PVC,125.93,Geology-0,16.35,SoilType-4,No,146,No,LandCover-2,RoadClass-0,0,0
67432,47,375,-1.33,0.94,58.37,Combined,MUF,S,BET,145.43,Geology-0,13.8,SoilType-9,No,129,No,LandCover-4,RoadClass-1,0,1
150254,51,230,-4.29,-3.27,8.97,Combined,Others,S,BET,100.55,Geology-2,15.44,SoilType-2,No,284,No,LandCover-2,RoadClass-2,0,0
4245,68,225,-1.1,5.17,29.99,Combined,MUF,S,BET,123.26,Geology-2,15.51,SoilType-2,No,195,No,LandCover-1,RoadClass-1,0,1
63134,47,300,-1.05,2.23,38.4,Stormwater,MUF,S,BET,132.93,Geology-2,18.88,SoilType-4,No,125,No,LandCover-1,RoadClass-0,0,0
61104,38,200,-2.73,3.65,30.89,Wastewater,Others,S,PVC,129.36,Geology-0,19.42,SoilType-5,No,20,No,LandCover-1,RoadClass-3,0,0
24548,52,200,-1.2,5.64,6.32,Combined,Others,S,PVC,104.88,Geology-2,15.44,SoilType-2,No,405,No,LandCover-1,RoadClass-0,0,1
164182,1,250,-1.67,4.61,61.74,Stormwater,Others,S,PVC,143.03,Geology-0,25.4,SoilType-5,No,64,No,LandCover-1,RoadClass-0,0,0
4080,55,400,-1.02,0.04,62.46,Stormwater,MUF,S,BET,122.42,Geology-2,15.6,SoilType-9,No,104,No,LandCover-2,RoadClass-0,0,1
155500,1,200,-0.58,2.64,36.68,Wastewater,Others,S,PVC,123.68,Geology-2,18.15,SoilType-9,No,135,No,LandCover-2,RoadClass-3,0,1
156762,0,300,-2.77,-1.49,14.29,Stormwater,Others,S,PPP,146.61,Geology-0,13.42,SoilType-6,No,15,No,LandCover-2,RoadClass-1,0,0
154170,38,300,-2.61,0,7.84,Wastewater,Others,S,BET,143.07,Geology-0,22.38,SoilType-4,No,134,No,LandCover-2,RoadClass-0,0,0
159297,1,315,-2.1,4.84,68.19,Stormwater,Others,S,PVC,122.49,Geology-2,15.53,SoilType-2,No,236,No,LandCover-1,RoadClass-1,0,0
162367,1,315,-1.91,1.08,46.12,Stormwater,Others,S,PVC,126.04,Geology-0,16.37,SoilType-4,No,146,No,LandCover-2,RoadClass-0,0,0
157764,1,250,-1.69,4.97,43.68,Stormwater,Others,S,PVC,122.64,Geology-2,17.78,SoilType-9,No,111,No,LandCover-2,RoadClass-0,0,0
75417,38,200,-2.25,0.26,42.96,Combined,Others,S,PVC,105.57,Geology-2,15.47,SoilType-2,No,6,No,LandCover-2,RoadClass-0,0,0
62492,58,230,-3.73,7.63,45.32,Combined,MUF,S,BET,130.92,Geology-2,19.16,SoilType-6,No,120,No,LandCover-4,RoadClass-1,0,0
67464,14,315,-2.38,1.08,18.01,Wastewater,Others,S,PVC,145.7,Geology-0,13.83,SoilType-9,No,87,No,LandCover-1,RoadClass-1,0,0
5761,52,200,-0.85,4.98,41.37,Combined,Others,S,PVC,104.32,Geology-2,15.45,SoilType-2,No,405,No,LandCover-1,RoadClass-0,0,0
3271,8,400,-1.84,-0.09,68.07,Stormwater,Others,S,PPP,143.81,Geology-2,14.56,SoilType-3,No,0,No,LandCover-1,RoadClass-3,0,0
30100,32,600,-1.69,0.75,28.89,Combined,Others,S,PVC,107.91,Geology-2,15.51,SoilType-2,No,150,No,LandCover-4,RoadClass-0,13550,0
66604,56,200,-0.76,4.69,29.89,Wastewater,MUF,S,BET,130.91,Geology-2,30.41,SoilType-5,No,38,No,LandCover-2,RoadClass-0,0,1
152815,1,200,-1.3,-3.31,8.81,Stormwater,Others,S,PVC,134.74,Geology-2,19.77,SoilType-5,No,204,No,LandCover-4,RoadClass-3,0,0
159401,0,160,-1.53,4.91,18.61,Wastewater,Others,S,PVC,122.47,Geology-2,15.5,SoilType-2,No,115,No,LandCover-2,RoadClass-0,0,0
4247,68,225,-1.42,6.52,18.89,Combined,MUF,S,BET,123.42,Geology-2,15.5,SoilType-2,No,195,No,LandCover-1,RoadClass-0,0,1
56709,35,160,-2.27,0.85,23.74,Wastewater,Others,S,PVC,137.18,Geology-0,26.34,SoilType-5,No,207,No,LandCover-2,RoadClass-0,0,0
62040,51,150,-1.68,0.91,28.31,Wastewater,MUF,S,BET,131.55,Geology-0,20.12,SoilType-5,No,270,No,LandCover-1,RoadClass-1,16120,1
69436,48,250,-2.62,0.62,35.11,Wastewater,IM,S,PVC,147.88,Geology-0,19.23,SoilType-6,No,36,No,LandCover-2,RoadClass-2,0,0
156006,32,225,-1.67,8.9,6.97,Wastewater,MUF,S,BET,128.94,Geology-2,16.31,SoilType-5,No,224,No,LandCover-4,RoadClass-1,0,1
84410,22,250,-1.41,0.04,89,Stormwater,Others,S,PVC,105.98,Geology-2,15.49,SoilType-2,No,376,No,LandCover-2,RoadClass-0,0,0
159005,0,250,-1.19,9.4,24.06,Stormwater,Others,S,PVC,122.56,Geology-2,17.78,SoilType-6,No,111,No,LandCover-2,RoadClass-2,0,0
4234,90,300,-1.72,0.61,16.53,Combined,MUF,S,BET,123.14,Geology-2,15.51,SoilType-2,No,195,No,LandCover-4,RoadClass-2,0,1
47590,89,250,-0.81,1.35,27.22,Combined,Others,S,Others,107.14,Geology-2,15.49,SoilType-2,No,382,No,LandCover-1,RoadClass-0,0,1
4256,68,225,-0.1,4.93,33.43,Combined,MUF,S,BET,123.8,Geology-2,15.48,SoilType-2,No,237,No,LandCover-1,RoadClass-2,0,1
57214,43,225,-1.67,0.73,53.39,Combined,MUF,S,BET,143.56,Geology-0,24.72,SoilType-4,No,190,No,LandCover-2,RoadClass-0,0,1
159289,1,200,-0.89,-4.32,30.83,Stormwater,Others,S,PVC,122.5,Geology-2,15.68,SoilType-6,No,111,No,LandCover-2,RoadClass-0,0,0
163530,0,250,-2.05,1.12,76.89,Stormwater,Others,S,PVC,125.1,Geology-2,16.11,SoilType-6,No,171,No,LandCover-1,RoadClass-0,0,0
61398,46,200,-0.49,9.82,25.67,Combined,MUF,S,BET,130.75,Geology-2,19.99,SoilType-6,No,104,No,LandCover-2,RoadClass-1,0,1
84442,22,200,-1.4,0.66,61.17,Combined,Others,S,PVC,106.05,Geology-2,15.49,SoilType-2,No,376,No,LandCover-1,RoadClass-0,0,0
163388,1,225,-1.99,2.72,53.31,Combined,MUF,S,BET,133.82,Geology-0,21.98,SoilType-5,No,121,No,LandCover-2,RoadClass-2,0,1
165509,0,160,-1.06,8.55,31.45,Wastewater,Others,S,PVC,118.07,Geology-2,15.57,SoilType-9,No,303,No,LandCover-2,RoadClass-0,0,0
152749,36,200,-3.3,12.8,42.89,Wastewater,MUF,S,BET,145.07,Geology-0,24.42,SoilType-9,No,70,No,LandCover-4,RoadClass-3,0,0
162838,23,300,-1.69,1.88,16.52,Stormwater,Others,S,BET,142.73,Geology-1,15.37,SoilType-5,No,92,No,LandCover-1,RoadClass-0,0,1
65747,25,225,-1.3,0.37,39.97,Combined,MUF,S,BET,135.62,Geology-2,15.81,SoilType-5,No,195,No,LandCover-4,RoadClass-0,6800,1
14277,41,125,-2.44,3.74,11.18,Combined,Others,S,PVC,97.11,Geology-2,15.44,SoilType-2,Yes,523,No,LandCover-1,RoadClass-0,0,0
66643,56,200,-1.87,5.25,39.13,Wastewater,MUF,S,BET,130.58,Geology-2,30.74,SoilType-5,No,38,No,LandCover-2,RoadClass-0,0,0
69057,32,160,-2.24,1.56,36.51,Wastewater,IM,S,PVC,149.22,Geology-0,9.13,SoilType-7,No,124,No,LandCover-2,RoadClass-0,0,1
5177,45,160,-3.6,3.89,18.02,Combined,MUF,S,PVC,134.7,Geology-2,19.81,SoilType-5,No,204,No,LandCover-1,RoadClass-3,0,0
130162,10,150,-1.07,-0.67,96.16,Wastewater,Others,S,PVC,143.26,Geology-0,14.76,SoilType-7,No,73,No,LandCover-4,RoadClass-3,0,1
57290,36,200,-2.22,-0.51,32.62,Wastewater,MUF,S,BET,144.96,Geology-0,24.27,SoilType-9,No,70,No,LandCover-4,RoadClass-0,0,0
128739,9,160,-1.93,7.03,28.09,Wastewater,Others,S,PVC,123.65,Geology-2,18.16,SoilType-9,No,135,No,LandCover-2,RoadClass-3,0,0
69219,40,200,-1.9,1.84,51.51,Wastewater,IM,S,BET,146.37,Geology-0,16.12,SoilType-9,No,81,No,LandCover-2,RoadClass-0,0,0
161481,1,230,-2.15,5.03,54.97,Combined,MUF,S,BET,122.47,Geology-2,15.72,SoilType-9,No,104,No,LandCover-2,RoadClass-0,0,0
68981,40,200,-2.21,0.63,24.39,Wastewater,IM,S,BET,148.72,Geology-0,15.72,SoilType-9,No,125,No,LandCover-1,RoadClass-0,0,1
58179,60,200,-0.8,1.77,82.86,Combined,MUF,S,BET,123.7,Geology-2,16.13,SoilType-9,No,151,No,LandCover-2,RoadClass-1,8700,1
162857,0,160,-2.06,5.5,23.89,Wastewater,Others,S,PVC,126.03,Geology-2,16.33,SoilType-6,No,146,No,LandCover-2,RoadClass-0,0,0
158726,1,200,-0.72,4.19,25.38,Wastewater,Others,S,PVC,122.5,Geology-2,15.68,SoilType-6,No,111,No,LandCover-2,RoadClass-0,0,0
162338,1,400,-1.93,6.12,29.82,Stormwater,Others,S,PVC,132.85,Geology-2,19.15,SoilType-5,No,125,No,LandCover-1,RoadClass-0,0,0
159647,1,200,-1.2,-5.14,51.04,Stormwater,Others,S,PVC,122.49,Geology-2,15.66,SoilType-6,No,111,No,LandCover-1,RoadClass-0,0,0
154210,53,300,-4.05,-7.77,43.41,Stormwater,Others,Others,BET,124.32,Geology-2,16.21,SoilType-9,No,106,No,LandCover-1,RoadClass-1,0,1
27750,24,200,-0.77,0.71,34.7,Wastewater,Others,S,PVC,112.83,Geology-2,15.54,SoilType-0,No,330,No,LandCover-4,RoadClass-0,0,0
54466,29,400,-2.5,0.33,25.93,Combined,Others,S,PVC,138.81,Geology-2,13.4,SoilType-8,No,90,No,LandCover-4,RoadClass-3,0,0
44149,91,229,-0.87,0.79,33.71,Combined,MUF,S,BET,107.07,Geology-2,15.51,SoilType-2,No,546,No,LandCover-1,RoadClass-0,0,1
2933,42,300,-1.32,1.32,41.98,Combined,MUF,S,BET,122.72,Geology-0,15.55,SoilType-2,No,67,No,LandCover-2,RoadClass-0,0,1
156149,28,160,-2.07,-3.89,16.5,Stormwater,Others,Others,PVC,122.39,Geology-2,15.73,SoilType-9,No,54,No,LandCover-4,RoadClass-2,0,0
89085,16,150,-1.55,0.58,18.75,Wastewater,MUF,S,Others,125.13,Geology-2,16.14,SoilType-6,No,181,No,LandCover-4,RoadClass-3,0,1
66838,36,200,-0.03,-0.67,51.15,Combined,Others,S,PVC,125.46,Geology-2,42.18,SoilType-4,No,79,No,LandCover-2,RoadClass-1,0,0
54437,47,200,-2.73,0.89,34.18,Wastewater,MUF,S,BET,139.84,Geology-2,14.11,SoilType-4,No,202,No,LandCover-2,RoadClass-3,0,1
79846,16,250,-0.98,-8.23,10.98,Combined,Others,S,PVC,104.29,Geology-2,15.45,SoilType-2,No,320,No,LandCover-1,RoadClass-0,0,0
67773,28,160,-1.93,1.73,35.25,Combined,IM,S,PVC,144.35,Geology-0,16.72,SoilType-6,Yes,90,No,LandCover-2,RoadClass-3,0,0
169152,32,300,-1.64,-0.14,26.5,Stormwater,Others,Others,PVC,107.93,Geology-2,15.51,SoilType-2,No,150,No,LandCover-1,RoadClass-0,13550,1
52184,21,200,-1.1,1.26,21.62,Stormwater,MUF,S,BET,142.67,Geology-0,14.71,SoilType-9,No,116,No,LandCover-4,RoadClass-3,0,0
61867,45,125,-1.97,0.75,39.79,Combined,MUF,S,BET,131.22,Geology-2,19.43,SoilType-6,No,93,No,LandCover-1,RoadClass-0,0,0
61100,38,200,-6.53,5.08,27.85,Wastewater,Others,S,PVC,129.34,Geology-2,19.44,SoilType-5,No,5,No,LandCover-2,RoadClass-0,16120,0
47624,93,229,-1.38,-8.84,8.38,Combined,MUF,S,BET,107.57,Geology-2,15.5,SoilType-2,No,382,No,LandCover-2,RoadClass-1,0,1
4251,68,225,-1.53,0.64,18.04,Combined,Others,S,BET,123.64,Geology-2,15.49,SoilType-2,No,195,No,LandCover-1,RoadClass-1,0,0
69409,40,200,-1.51,4.13,53.38,Wastewater,IM,S,BET,146.76,Geology-0,17.68,SoilType-9,No,81,No,LandCover-2,RoadClass-0,0,1
160082,1,300,-0.78,2.71,62.97,Combined,Others,S,BET,126.13,Geology-2,16.24,SoilType-5,No,138,No,LandCover-4,RoadClass-3,0,1
155589,21,200,-2.24,0.65,11.31,Stormwater,MUF,S,BET,136.82,Geology-2,25.03,SoilType-5,No,231,No,LandCover-1,RoadClass-3,0,0
160620,1,500,-2.26,2.32,16.34,Stormwater,Others,S,PPP,131.82,Geology-2,19.12,SoilType-4,No,130,No,LandCover-1,RoadClass-1,0,0
41056,89,300,-1.25,1.66,46.46,Combined,Others,S,Others,110.11,Geology-2,15.52,SoilType-0,No,342,No,LandCover-1,RoadClass-0,0,1
157004,1,160,-1.73,1.01,31.94,Wastewater,Others,S,PVC,122.41,Geology-2,15.48,SoilType-2,No,115,No,LandCover-1,RoadClass-0,0,0
54434,47,200,-1.92,3.09,7.51,Wastewater,MUF,S,BET,139.65,Geology-2,14.14,SoilType-4,No,202,No,LandCover-2,RoadClass-3,0,0
157996,1,200,-1.42,4.96,60.2,Wastewater,Others,S,PVC,122.59,Geology-2,17.78,SoilType-6,No,111,No,LandCover-2,RoadClass-0,0,0
59227,52,225,-0.82,2.03,92.68,Combined,MUF,S,BET,124.43,Geology-2,16.22,SoilType-4,No,180,No,LandCover-4,RoadClass-3,0,1
13923,22,300,-1.35,5.65,13.12,Combined,MUF,S,Others,102.5,Geology-2,15.45,SoilType-2,Yes,84,No,LandCover-1,RoadClass-0,0,0
164083,1,200,-1.98,0.52,48.12,Wastewater,Others,S,PVC,144.52,Geology-0,24.83,SoilType-4,No,208,No,LandCover-4,RoadClass-0,0,0
20363,50,230,-1.47,6.81,39.35,Combined,MUF,S,BET,120.66,Geology-2,15.59,SoilType-5,No,170,No,LandCover-2,RoadClass-3,0,0
69921,39,200,-1.39,0.8,24.4,Wastewater,IM,S,BET,149.78,Geology-0,9.62,SoilType-6,No,47,No,LandCover-2,RoadClass-0,0,1
68312,40,200,-0.19,4.18,36.06,Wastewater,IM,S,BET,147.48,Geology-0,10.68,SoilType-9,No,191,No,LandCover-3,RoadClass-2,0,0
24444,50,300,-1.78,-0.87,36.78,Combined,MUF,S,BET,117.87,Geology-2,15.57,SoilType-9,No,303,No,LandCover-2,RoadClass-1,0,1
73948,39,225,-0.81,5.81,28.7,Combined,Others,S,PVC,106.11,Geology-2,15.48,SoilType-2,No,542,No,LandCover-1,RoadClass-0,0,0
73690,59,160,-3.19,5.96,16.98,Combined,MUF,S,PVC,111.17,Geology-2,15.61,SoilType-3,No,125,No,LandCover-1,RoadClass-2,0,1
5748,51,315,-0.86,4.3,23.36,Combined,Others,S,PVC,101.16,Geology-2,15.45,SoilType-2,No,405,No,LandCover-1,RoadClass-0,0,0
162305,91,300,-1.88,10.96,28.22,Combined,Others,S,Others,97.72,Geology-2,15.46,SoilType-2,No,523,No,LandCover-1,RoadClass-0,0,1
4011,54,300,-0.45,1.7,51.24,Stormwater,MUF,S,BET,122.4,Geology-2,15.59,SoilType-9,No,5,No,LandCover-1,RoadClass-3,0,0
68145,33,300,-4.82,9.22,38.2,Stormwater,IM,S,BET,145.56,Geology-0,15.99,SoilType-6,No,20,No,LandCover-4,RoadClass-2,0,0
138357,12,200,-1.27,12.7,3.03,Wastewater,Others,S,PVC,110.69,Geology-2,15.53,SoilType-2,No,342,No,LandCover-1,RoadClass-0,0,0
61119,55,250,-1.95,9.14,30.39,Combined,MUF,S,BET,128.3,Geology-0,19.18,SoilType-9,No,56,No,LandCover-2,RoadClass-2,0,1
158317,1,160,-1.67,0.71,28.02,Wastewater,Others,S,PVC,149.07,Geology-0,2.79,SoilType-9,No,118,No,LandCover-2,RoadClass-0,0,0
153184,1,315,-1.4,2.89,48.1,Stormwater,Others,S,PPP,144.02,Geology-0,14.69,SoilType-9,No,178,No,LandCover-4,RoadClass-2,0,0
44204,69,230,-1.18,0.96,27.93,Combined,MUF,S,BET,108.32,Geology-2,15.51,SoilType-2,No,139,No,LandCover-1,RoadClass-1,13550,1
74028,86,315,-0.59,6.87,52.51,Combined,Others,S,PVC,105.81,Geology-2,15.47,SoilType-2,No,171,No,LandCover-1,RoadClass-0,0,1
141227,29,125,-1.13,6.07,5.45,Combined,Others,Others,PVC,124.29,Geology-2,16.22,SoilType-9,No,106,No,LandCover-1,RoadClass-0,8700,0
59219,46,150,-2.98,5.8,31.54,Wastewater,MUF,S,BET,124.58,Geology-2,16.11,SoilType-6,No,171,No,LandCover-2,RoadClass-0,0,1
57218,40,225,-1.6,3.12,55.3,Combined,MUF,S,BET,142.77,Geology-0,25.22,SoilType-5,No,190,No,LandCover-4,RoadClass-0,0,1
63907,35,200,-4.58,7.55,66.74,Wastewater,MUF,S,BET,132.17,Geology-2,22.32,SoilType-5,No,132,No,LandCover-2,RoadClass-3,0,0
68304,12,110,-1.1,3.3,53.83,Wastewater,IM,S,PVC,147.7,Geology-0,8.82,SoilType-3,No,74,No,LandCover-2,RoadClass-0,0,1
41038,32,400,-1.33,0.88,49.13,Combined,Others,S,PVC,108.72,Geology-2,15.52,SoilType-2,No,139,No,LandCover-4,RoadClass-0,9680,1
71456,25,250,-1.28,0.76,30.1,Combined,Others,S,PVC,122.43,Geology-2,15.68,SoilType-9,No,14,No,LandCover-4,RoadClass-0,0,0
3979,57,225,-1.41,2.11,26.15,Combined,MUF,S,BET,122.42,Geology-2,15.68,SoilType-9,No,138,No,LandCover-1,RoadClass-0,0,1
144390,8,200,-2.74,-3.51,33.94,Stormwater,Others,S,PVC,149.05,Geology-0,14.39,SoilType-5,No,197,No,LandCover-4,RoadClass-0,0,0
57254,42,225,-1.33,3.83,8.84,Combined,MUF,S,BET,141.63,Geology-0,26.21,SoilType-5,No,64,No,LandCover-1,RoadClass-0,0,1
24438,50,300,-1.5,0.63,36.99,Combined,MUF,S,BET,118.28,Geology-2,15.57,SoilType-9,No,230,No,LandCover-2,RoadClass-1,0,1
162301,1,200,-1.9,0.93,58.89,Wastewater,Others,S,PVC,126.25,Geology-0,16.42,SoilType-4,No,33,No,LandCover-2,RoadClass-0,0,0
156317,0,200,-3.2,1.7,12.09,Wastewater,Others,S,PVC,146.58,Geology-0,13.12,SoilType-6,No,15,No,LandCover-3,RoadClass-2,0,0
158844,5,200,-1.49,-0.72,3.14,Wastewater,Others,S,PVC,122.48,Geology-2,15.64,SoilType-6,No,111,No,LandCover-4,RoadClass-0,0,0
13790,86,225,-1.15,9.84,27.13,Combined,MUF,S,BET,98.1,Geology-2,15.44,SoilType-2,Yes,137,No,LandCover-1,RoadClass-0,0,0
149294,6,160,-0.9,4.61,44.39,Combined,Others,S,PVC,119.04,Geology-2,15.57,SoilType-5,No,230,No,LandCover-2,RoadClass-1,0,0
56701,35,300,-1.28,0.62,70.38,Stormwater,MUF,S,BET,137.59,Geology-0,25.87,SoilType-5,No,180,No,LandCover-1,RoadClass-0,0,1
65750,25,225,-0.36,0.22,56.79,Combined,MUF,S,BET,135.38,Geology-2,16.18,SoilType-5,No,195,No,LandCover-1,RoadClass-0,6800,1
66113,38,200,-3,3.98,39.23,Wastewater,MUF,S,BET,130.04,Geology-2,29.74,SoilType-5,No,0,No,LandCover-2,RoadClass-0,0,0
158316,1,160,-1.74,3.9,3.95,Wastewater,Others,S,PVC,149.1,Geology-0,2.69,SoilType-9,No,118,No,LandCover-2,RoadClass-0,0,0
26847,64,285,-2.1,6.35,4.15,Combined,MUF,S,PVC,110.61,Geology-2,15.43,SoilType-2,No,182,No,LandCover-1,RoadClass-1,0,1
13800,96,250,-0.36,2.58,31.53,Combined,MUF,S,Others,98.19,Geology-2,15.45,SoilType-2,Yes,523,No,LandCover-1,RoadClass-0,0,1
56660,58,250,-1.43,0.93,46.83,Wastewater,MUF,S,BET,138.27,Geology-2,24.02,SoilType-4,No,231,No,LandCover-2,RoadClass-0,0,1
74178,104,150,-1.08,10.61,10.04,Combined,MUF,S,BET,105.94,Geology-2,15.47,SoilType-2,No,542,No,LandCover-2,RoadClass-0,0,1
137248,6,200,-1.82,0.76,39.78,Stormwater,Others,S,PVC,118,Geology-2,68.23,SoilType-3,No,77,No,LandCover-2,RoadClass-0,0,0
67709,33,200,-3.91,5.04,14.86,Wastewater,IM,S,PVC,143.85,Geology-0,16.6,SoilType-5,No,139,No,LandCover-2,RoadClass-0,0,0
5540,63,225,-0.89,12.05,32.26,Combined,MUF,S,BET,122.41,Geology-2,15.63,SoilType-6,No,104,No,LandCover-1,RoadClass-1,0,1
56658,58,250,-1.73,2.02,40.65,Combined,MUF,S,BET,138.45,Geology-2,24.33,SoilType-4,No,180,No,LandCover-1,RoadClass-0,0,1
69881,40,200,-0.7,0.6,49.51,Wastewater,IM,S,PVC,148.58,Geology-0,17.33,SoilType-7,No,35,No,LandCover-4,RoadClass-4,0,0
131472,13,250,-2.41,3.9,27.72,Combined,Others,S,PVC,109.21,Geology-2,15.51,SoilType-0,No,225,No,LandCover-2,RoadClass-2,0,0
159147,0,160,-1.48,3.48,25.37,Wastewater,Others,S,PVC,149.37,Geology-0,2.93,SoilType-9,No,118,No,LandCover-1,RoadClass-0,0,0
64955,1,250,-1.73,0.78,87.78,Stormwater,MUF,S,BET,132.97,Geology-2,21.62,SoilType-4,No,101,No,LandCover-1,RoadClass-4,0,1
66661,56,200,-1.97,0.93,40.22,Wastewater,MUF,S,BET,130.07,Geology-2,31.76,SoilType-5,No,38,No,LandCover-2,RoadClass-2,0,1
69408,40,200,-2.09,1.69,62.41,Wastewater,IM,S,BET,146.64,Geology-0,17.33,SoilType-9,No,81,No,LandCover-2,RoadClass-1,0,0
66845,36,200,-3,0.77,89.04,Combined,Others,S,PVC,126.62,Geology-2,37.86,SoilType-5,No,138,No,LandCover-2,RoadClass-1,0,0
65604,24,200,-1.16,4.04,20.95,Combined,MUF,S,BET,135.97,Geology-2,15.69,SoilType-5,No,251,No,LandCover-1,RoadClass-2,0,1
155840,1,300,-1.8,4.13,5.1,Stormwater,IM,S,BET,145.57,Geology-0,15.89,SoilType-6,No,20,No,LandCover-4,RoadClass-0,0,0
65760,46,225,-3.82,4.89,39.06,Combined,MUF,S,BET,135.81,Geology-2,17.2,SoilType-5,No,195,No,LandCover-4,RoadClass-1,0,0
57614,28,315,-0.83,-0.02,57.92,Wastewater,Others,S,PVC,146.95,Geology-2,22.52,SoilType-9,No,0,No,LandCover-4,RoadClass-3,0,0
162525,47,375,-1.99,1.87,8.57,Stormwater,MUF,S,PVC,132.99,Geology-2,18.93,SoilType-4,No,125,No,LandCover-1,RoadClass-2,0,1
86016,16,315,-1.66,4.08,141.15,Stormwater,Others,S,PVC,116.15,Geology-2,15.59,SoilType-9,No,174,No,LandCover-2,RoadClass-1,0,0
129820,23,200,-3.44,1.6,58.29,Wastewater,Others,S,PVC,122.44,Geology-0,15.72,SoilType-4,No,11,No,LandCover-1,RoadClass-4,0,0
3952,46,225,-2.01,5.07,35.21,Combined,MUF,S,BET,122.51,Geology-2,15.49,SoilType-2,No,91,No,LandCover-1,RoadClass-0,0,1
115330,9,250,-0.73,7.69,47.05,Combined,Others,S,PVC,144.58,Geology-0,14.82,SoilType-9,No,133,No,LandCover-1,RoadClass-0,0,0
163061,1,200,-2.84,-2.27,58.77,Stormwater,Others,S,PVC,144.21,Geology-0,24.01,SoilType-5,No,94,No,LandCover-1,RoadClass-4,0,0
133438,12,200,-1.32,1.99,51.45,Wastewater,Others,S,PVC,109.67,Geology-2,15.53,SoilType-2,No,342,No,LandCover-1,RoadClass-0,0,0
160210,0,315,-1.56,0.09,41.55,Stormwater,Others,S,PVC,122.4,Geology-2,15.48,SoilType-2,No,115,No,LandCover-1,RoadClass-0,0,0
72703,21,250,-1.16,8.69,4.43,Combined,Others,S,PVC,104.31,Geology-2,15.45,SoilType-2,No,320,No,LandCover-1,RoadClass-0,0,0
53983,21,250,-0.97,1.63,57.49,Stormwater,MUF,S,BET,139.95,Geology-3,6.27,SoilType-6,No,81,No,LandCover-1,RoadClass-0,6900,1
59712,40,225,-1.28,0.83,22.81,Combined,MUF,S,BET,127.48,Geology-0,16.85,SoilType-9,No,66,No,LandCover-2,RoadClass-2,0,0
76432,39,200,-0.73,5,7.12,Combined,Others,S,PVC,105.29,Geology-2,15.48,SoilType-2,No,6,No,LandCover-1,RoadClass-0,0,0
58826,42,225,-2.3,1,50.21,Combined,MUF,S,BET,125.15,Geology-2,16.12,SoilType-6,No,171,No,LandCover-4,RoadClass-0,0,1
30095,32,600,-0.52,0.56,63.81,Combined,Others,S,PVC,107.74,Geology-2,15.51,SoilType-2,No,150,No,LandCover-1,RoadClass-0,13550,0
162902,21,150,-1.81,0.58,27.95,Wastewater,Others,S,BET,135.79,Geology-2,17.96,SoilType-5,No,149,No,LandCover-2,RoadClass-2,0,0
62631,49,375,-0.26,6.75,86.11,Combined,MUF,S,BET,131.64,Geology-2,19.17,SoilType-6,No,130,No,LandCover-1,RoadClass-3,0,0
59195,1,125,-1.34,1.75,64.19,Wastewater,Others,S,PVC,124.19,Geology-2,16.19,SoilType-9,No,151,No,LandCover-4,RoadClass-0,0,1
152816,1,160,-2.01,4.32,29.94,Wastewater,MUF,S,PVC,134.8,Geology-2,19.63,SoilType-5,No,204,No,LandCover-1,RoadClass-3,0,0
141225,23,225,-1.75,5.56,3.21,Combined,Others,S,PVC,124.32,Geology-2,16.22,SoilType-9,No,106,No,LandCover-1,RoadClass-0,8700,0
64918,37,200,-2.12,3.42,23.43,Wastewater,MUF,S,BET,134.07,Geology-0,21.61,SoilType-5,No,121,No,LandCover-2,RoadClass-1,0,0
152416,47,375,-2.54,4.09,16.04,Combined,MUF,S,BET,145.45,Geology-0,13.69,SoilType-9,No,59,No,LandCover-4,RoadClass-3,0,1
162827,0,250,-1.7,1.77,72.25,Stormwater,Others,S,PVC,133.05,Geology-2,19.18,SoilType-5,No,125,No,LandCover-2,RoadClass-0,0,0
4313,51,225,-1.91,5.25,33.31,Combined,MUF,S,BET,123.33,Geology-2,15.48,SoilType-3,No,266,No,LandCover-4,RoadClass-0,0,0
164372,0,160,-1.87,4.81,87.79,Wastewater,Others,S,PVC,127.44,Geology-2,16.26,SoilType-5,No,142,No,LandCover-2,RoadClass-1,0,0
52196,21,150,-2.08,2.87,27.66,Combined,MUF,S,BET,142.49,Geology-0,14.65,SoilType-9,No,116,No,LandCover-2,RoadClass-1,0,1
159670,1,160,-0.62,0.71,29.42,Wastewater,Others,S,PVC,149.57,Geology-0,2.9,SoilType-9,No,24,No,LandCover-2,RoadClass-3,0,0
57604,28,315,-2.07,-0.13,33.77,Wastewater,Others,S,PVC,147.35,Geology-0,22.77,SoilType-9,No,94,No,LandCover-2,RoadClass-4,0,0
161295,22,600,-1.11,7.64,29.47,Stormwater,MUF,S,BET,122.45,Geology-2,15.77,SoilType-4,No,11,No,LandCover-1,RoadClass-3,0,0
2750,90,450,-1.81,-0.5,34.81,Combined,MUF,S,BET,122.92,Geology-2,15.51,SoilType-2,No,237,No,LandCover-2,RoadClass-0,0,1
52931,36,200,-2.78,0.55,48.56,Combined,MUF,S,BET,143.49,Geology-0,15.77,SoilType-7,No,55,No,LandCover-1,RoadClass-1,0,1
60348,49,230,-3.76,5.07,18.5,Combined,MUF,S,BET,127.45,Geology-2,16.26,SoilType-5,No,142,No,LandCover-2,RoadClass-1,0,1
46094,38,200,-1.42,0.67,34.82,Combined,MUF,S,PVC,107.48,Geology-2,15.5,SoilType-2,No,382,No,LandCover-1,RoadClass-0,0,0
153020,9,225,-2.23,0.86,38.88,Combined,Others,S,BET,124.35,Geology-2,16.2,SoilType-4,No,180,No,LandCover-1,RoadClass-1,0,1
169669,57,225,-1.48,1.48,47.41,Combined,MUF,S,BET,139.29,Geology-2,19.01,SoilType-4,No,62,No,LandCover-1,RoadClass-0,0,0
23575,49,200,-0.75,8.1,28.14,Combined,MUF,S,PVC,118.72,Geology-2,15.57,SoilType-9,No,230,No,LandCover-2,RoadClass-3,0,1
66659,56,185,-2.6,1.17,37.08,Wastewater,MUF,S,PVC,131.85,Geology-2,29.75,SoilType-5,No,38,No,LandCover-1,RoadClass-0,4200,1
128740,55,160,-0.32,0.13,23.11,Wastewater,MUF,S,PVC,123.65,Geology-2,18.13,SoilType-9,No,135,No,LandCover-2,RoadClass-4,0,0
57504,29,315,-0.61,0.3,55.01,Wastewater,Others,S,PVC,146.02,Geology-2,21.59,SoilType-9,No,0,No,LandCover-4,RoadClass-4,0,0
162700,43,225,-1.61,3.92,44.98,Combined,MUF,S,BET,141.79,Geology-0,25.91,SoilType-5,No,64,No,LandCover-1,RoadClass-0,0,1
158886,0,200,-2.29,1.17,76.4,Wastewater,Others,S,PVC,140.29,Geology-0,26.54,SoilType-5,No,63,No,LandCover-1,RoadClass-0,0,0
27915,40,600,-2.29,0.21,19.64,Combined,Others,S,PVC,104.22,Geology-2,15.48,SoilType-2,No,85,No,LandCover-2,RoadClass-0,0,0
55407,44,300,-2.15,0.35,51.51,Wastewater,MUF,S,BET,143.31,Geology-0,22.43,SoilType-4,No,134,No,LandCover-2,RoadClass-0,0,1
159167,1,200,-1.38,5.66,31.11,Stormwater,Others,S,PVC,149.44,Geology-0,2.95,SoilType-9,No,24,No,LandCover-2,RoadClass-0,0,0
59424,47,150,-2,-4.46,18.09,Wastewater,Others,S,BET,124.36,Geology-2,16.24,SoilType-9,No,106,No,LandCover-2,RoadClass-1,0,1
73974,33,200,-1.93,6.34,27.38,Combined,Others,S,PVC,105.92,Geology-2,15.47,SoilType-2,No,542,No,LandCover-1,RoadClass-0,0,0
156401,0,200,-3.1,1.61,44.28,Wastewater,Others,S,PVC,146.6,Geology-0,13.27,SoilType-6,No,15,No,LandCover-2,RoadClass-0,0,0
13808,24,400,-2.01,8.07,12.81,Combined,Others,S,PVC,98.03,Geology-2,15.47,SoilType-2,No,523,No,LandCover-1,RoadClass-0,6300,1
132984,13,200,-1.02,0.74,52.86,Wastewater,Others,S,PVC,109.05,Geology-2,15.52,SoilType-2,No,139,No,LandCover-1,RoadClass-0,0,0
64002,20,225,-3.81,11.21,50.3,Wastewater,MUF,S,Others,132.16,Geology-0,20.53,SoilType-5,No,60,No,LandCover-2,RoadClass-0,0,1
162531,1,200,-2.23,2.9,31.28,Wastewater,Others,S,PVC,132.99,Geology-2,18.99,SoilType-4,No,125,No,LandCover-1,RoadClass-1,0,0
154251,47,225,-1.92,-0.05,16.82,Wastewater,MUF,S,BET,124.24,Geology-2,16.22,SoilType-9,No,106,No,LandCover-4,RoadClass-1,0,1
66895,35,250,-1.72,0.59,30.96,Combined,Others,S,PVC,122.53,Geology-2,51.52,SoilType-9,No,19,No,LandCover-2,RoadClass-0,0,0
158329,1,250,-1.68,0.71,26.67,Stormwater,Others,S,PVC,149.06,Geology-0,2.79,SoilType-9,No,118,No,LandCover-2,RoadClass-0,0,0
14776,44,300,-1.03,2.62,123.21,Stormwater,Others,S,BET,113.74,Geology-2,15.54,SoilType-3,No,110,No,LandCover-1,RoadClass-2,0,1
162694,1,250,-2.47,5.2,69.09,Stormwater,Others,S,PVC,132.93,Geology-2,19.16,SoilType-5,No,125,No,LandCover-1,RoadClass-2,0,0
52916,24,300,-1.21,0.47,50.03,Combined,MUF,S,Others,142.91,Geology-0,15.55,SoilType-9,No,130,No,LandCover-2,RoadClass-0,0,1
160120,1,150,-1.84,2.15,6.12,Combined,Others,S,BET,131.51,Geology-2,19.08,SoilType-6,No,130,No,LandCover-1,RoadClass-3,0,0
74002,24,315,-0.3,0.67,112.17,Combined,Others,S,PVC,142.34,Geology-0,14.99,SoilType-9,No,65,No,LandCover-2,RoadClass-3,0,0
171148,8,160,-1.05,1.32,91.2,Wastewater,Others,S,PVC,144.07,Geology-2,13.8,SoilType-3,No,0,No,LandCover-1,RoadClass-0,0,0
163489,1,315,-1.22,-0.4,66.24,Stormwater,Others,S,PPP,117.85,Geology-2,15.58,SoilType-9,No,230,No,LandCover-2,RoadClass-0,5100,0
49798,55,230,-1.79,-1.7,59.87,Combined,MUF,S,BET,122.42,Geology-2,15.59,SoilType-9,No,104,No,LandCover-4,RoadClass-0,0,1
64931,51,150,-2.05,3.1,37.4,Combined,MUF,S,BET,134.85,Geology-2,19.62,SoilType-5,No,181,No,LandCover-1,RoadClass-0,0,0
164631,1,200,-2.14,3.26,45.83,Wastewater,Others,S,PVC,141.86,Geology-0,25.91,SoilType-5,No,64,No,LandCover-1,RoadClass-0,0,0
14956,60,200,-1.28,0.84,20.32,Combined,MUF,S,BET,123.24,Geology-2,17.99,SoilType-9,No,236,No,LandCover-4,RoadClass-0,0,1
129898,15,200,-1.12,3.93,3.95,Wastewater,Others,S,PVC,129.36,Geology-0,19.41,SoilType-5,No,20,No,LandCover-1,RoadClass-2,0,0
57502,28,315,-1.03,0,40.74,Wastewater,Others,S,PVC,146.57,Geology-2,21.81,SoilType-9,No,0,No,LandCover-4,RoadClass-4,0,0
163600,0,200,-2.4,0.58,53.39,Wastewater,Others,S,PVC,125.08,Geology-2,16.11,SoilType-6,No,171,No,LandCover-1,RoadClass-0,0,0
5246,31,200,-7.79,-2.19,32.28,Stormwater,MUF,S,BET,127.94,Geology-2,16.26,SoilType-9,No,140,No,LandCover-1,RoadClass-2,0,1
115471,9,250,-1.14,4.4,5.83,Combined,Others,S,PVC,144.58,Geology-0,14.87,SoilType-9,No,133,No,LandCover-4,RoadClass-0,0,0
70584,51,225,-1.15,1.15,59.75,Combined,MUF,S,BET,144.86,Geology-0,14.52,SoilType-9,No,133,No,LandCover-2,RoadClass-3,0,1
160234,1,400,-3.37,-6.09,97.6,Stormwater,Others,S,BET,140.59,Geology-2,6.45,SoilType-6,No,81,No,LandCover-1,RoadClass-3,0,1
24447,68,300,-1.84,4.59,42.01,Combined,MUF,S,BET,117.47,Geology-2,15.56,SoilType-9,No,303,No,LandCover-4,RoadClass-2,0,1
58229,41,200,-1,0.6,36.1,Wastewater,Others,S,PVC,122.7,Geology-2,15.93,SoilType-9,No,123,No,LandCover-2,RoadClass-1,0,0
57282,29,160,-1.92,2.76,63.85,Wastewater,Others,S,PVC,144.71,Geology-0,24.96,SoilType-9,No,70,No,LandCover-2,RoadClass-0,0,0
169454,44,300,-1.38,0.81,15.77,Stormwater,Others,S,BET,112.29,Geology-2,15.54,SoilType-3,No,110,No,LandCover-1,RoadClass-1,0,0
154134,0,160,-1.88,0.83,22.45,Wastewater,Others,S,PVC,143.83,Geology-0,14.69,SoilType-9,No,178,No,LandCover-2,RoadClass-4,0,0
26913,89,225,-1.86,1.95,49.88,Combined,Others,S,Others,110.44,Geology-2,15.53,SoilType-2,No,342,No,LandCover-1,RoadClass-0,0,1
71008,42,160,-1.8,0.22,50.22,Wastewater,Others,S,PVC,126.63,Geology-0,15.62,SoilType-4,No,114,No,LandCover-1,RoadClass-0,0,0
53571,35,800,-1.53,3,18.46,Stormwater,MUF,S,BET,141.29,Geology-3,11.34,SoilType-6,No,71,No,LandCover-2,RoadClass-0,0,0
89731,37,160,-1.93,3.34,10.41,Combined,Others,S,PVC,113.3,Geology-2,15.61,SoilType-5,No,122,No,LandCover-4,RoadClass-0,0,0
74052,35,160,-1.17,-0.06,23.53,Stormwater,Others,S,PVC,105.8,Geology-2,15.48,SoilType-2,No,171,No,LandCover-1,RoadClass-2,0,0
23564,48,225,-1.92,2.78,28.27,Combined,MUF,S,BET,118.3,Geology-2,15.57,SoilType-9,No,303,No,LandCover-2,RoadClass-1,0,1
4364,48,200,-2.69,0.85,50.93,Combined,MUF,S,BET,122.52,Geology-2,15.66,SoilType-9,No,162,No,LandCover-1,RoadClass-3,0,1
161848,14,160,-0.84,4.23,3.36,Combined,Others,S,PVC,106.81,Geology-2,15.41,SoilType-2,No,93,No,LandCover-4,RoadClass-0,0,1
68123,41,160,-2.55,1,58.21,Wastewater,IM,S,PVC,145.73,Geology-0,14.97,SoilType-6,No,60,No,LandCover-1,RoadClass-3,0,0
55465,40,160,-1.54,1.63,40.67,Wastewater,Others,S,PVC,143.57,Geology-0,21.49,SoilType-5,No,134,No,LandCover-2,RoadClass-3,0,1
159243,1,315,-1.5,4.55,23.54,Stormwater,Others,S,PVC,122.5,Geology-2,15.54,SoilType-2,No,318,No,LandCover-2,RoadClass-1,0,0
14794,25,200,-2.18,3.66,75.48,Stormwater,MUF,S,BET,123.49,Geology-2,18.09,SoilType-9,No,135,No,LandCover-4,RoadClass-0,0,1
153539,60,250,-1.06,-4.13,8.31,Combined,Others,S,BET,123.36,Geology-2,16.08,SoilType-4,No,102,No,LandCover-2,RoadClass-1,0,1
168744,1,315,-1.54,0.7,40.53,Stormwater,Others,S,PPP,133.58,Geology-0,25.8,SoilType-6,No,44,No,LandCover-1,RoadClass-0,0,0
5542,64,225,-1.73,2.12,35.33,Combined,MUF,S,BET,122.45,Geology-2,15.67,SoilType-6,No,104,No,LandCover-1,RoadClass-1,0,1
153181,1,160,-1.32,2.89,49.43,Wastewater,Others,S,PVC,144.03,Geology-0,14.69,SoilType-9,No,178,No,LandCover-2,RoadClass-2,0,0
73497,40,600,-1.5,-0.04,33.51,Combined,Others,S,PVC,104.46,Geology-2,15.48,SoilType-2,No,85,No,LandCover-1,RoadClass-0,0,0
133837,5,250,-1.92,1.57,25.18,Combined,MUF,S,PVC,124.36,Geology-2,16.2,SoilType-4,No,11,No,LandCover-2,RoadClass-0,0,0
163696,0,315,-1.16,-0.97,50.88,Stormwater,Others,S,PPP,118.39,Geology-0,15.58,SoilType-9,No,129,No,LandCover-2,RoadClass-0,5100,0
63193,50,300,-1.62,4.44,54.95,Combined,MUF,S,BET,133.8,Geology-2,18.46,SoilType-5,No,147,No,LandCover-1,RoadClass-1,0,1
67762,33,200,-3.2,4.39,15.49,Combined,IM,S,PVC,144.13,Geology-0,16.61,SoilType-6,No,90,No,LandCover-4,RoadClass-0,11080,0
97785,64,400,-1.88,13.28,21.71,Combined,MUF,S,BET,110.73,Geology-2,15.43,SoilType-2,No,182,Yes,LandCover-2,RoadClass-3,0,1
68318,40,200,-2.35,2.84,45.29,Wastewater,IM,S,BET,147.68,Geology-0,10.33,SoilType-9,No,191,No,LandCover-2,RoadClass-2,0,1
84541,22,250,-1.43,7.84,1.27,Stormwater,Others,S,PVC,106.14,Geology-2,15.49,SoilType-2,No,376,No,LandCover-1,RoadClass-0,0,0
83937,92,225,-2.71,2.59,53.65,Combined,MUF,S,Others,106.51,Geology-2,15.5,SoilType-2,No,546,No,LandCover-2,RoadClass-0,0,1
78665,23,315,-2.08,-1,165.95,Wastewater,Others,S,PVC,135.93,Geology-2,15.56,SoilType-5,No,251,No,LandCover-2,RoadClass-0,6800,0
55488,38,160,-1,0.43,48.42,Wastewater,Others,S,PVC,143.9,Geology-0,21.33,SoilType-5,No,78,No,LandCover-2,RoadClass-1,0,0
66585,41,400,-1.09,3.85,54.09,Stormwater,MUF,S,BET,128.46,Geology-2,34.31,SoilType-5,No,138,No,LandCover-2,RoadClass-1,0,0
131501,13,250,-1.06,4.78,14.58,Combined,Others,S,PVC,109.34,Geology-2,15.52,SoilType-0,No,102,No,LandCover-1,RoadClass-0,0,1
9548,21,400,-0.92,6.17,15.89,Combined,MUF,S,Others,105.65,Geology-2,15.47,SoilType-2,No,60,Yes,LandCover-1,RoadClass-2,0,1
41052,32,400,-1.1,0.28,32.73,Combined,Others,S,PVC,108.49,Geology-2,15.51,SoilType-2,No,139,No,LandCover-1,RoadClass-0,9680,0
4272,42,300,-1.08,-0.43,49.66,Combined,MUF,S,BET,122.74,Geology-0,15.55,SoilType-2,No,67,No,LandCover-4,RoadClass-2,0,1
168970,1,200,-2.68,0.84,51.13,Combined,Others,S,BET,122.52,Geology-2,15.66,SoilType-9,No,162,No,LandCover-1,RoadClass-3,0,1
44200,93,225,-1.03,1.77,25.91,Combined,Others,S,Others,107.88,Geology-2,15.5,SoilType-2,No,382,No,LandCover-1,RoadClass-0,0,1
66599,56,200,-1.83,2.23,27.19,Wastewater,MUF,S,BET,129.77,Geology-2,32.12,SoilType-5,No,38,No,LandCover-2,RoadClass-1,0,0
162023,28,250,-4.63,4.56,29.78,Stormwater,Others,S,PVC,139.85,Geology-3,5.74,SoilType-6,No,120,No,LandCover-2,RoadClass-2,0,0
159348,1,315,-1.27,4.27,25.84,Stormwater,Others,S,PVC,122.49,Geology-2,15.49,SoilType-2,No,115,No,LandCover-4,RoadClass-0,0,0
153168,49,300,-0.35,10.7,44.31,Combined,MUF,S,BET,144.1,Geology-0,14.64,SoilType-9,No,178,No,LandCover-1,RoadClass-1,0,1
69490,44,250,-3.87,1.66,51.14,Wastewater,IM,S,BET,146.91,Geology-0,19.53,SoilType-6,No,54,No,LandCover-4,RoadClass-3,0,0
56027,38,150,-1.79,-0.04,61.31,Wastewater,MUF,S,BET,133.48,Geology-0,24.58,SoilType-4,No,50,No,LandCover-3,RoadClass-3,0,1
82990,23,160,-1,0.65,22.29,Wastewater,Others,S,PVC,125.56,Geology-2,16.19,SoilType-6,No,181,No,LandCover-4,RoadClass-0,0,0
159262,1,160,-1.93,5.72,29.93,Wastewater,Others,S,PVC,122.48,Geology-2,15.5,SoilType-2,No,115,No,LandCover-1,RoadClass-1,0,0
20167,18,200,-1.78,0.14,18.67,Combined,Others,S,PVC,123.43,Geology-2,18.06,SoilType-9,No,93,No,LandCover-2,RoadClass-1,0,0
155618,61,225,-0.65,-0.9,58.84,Wastewater,Others,S,BET,133.47,Geology-0,26.41,SoilType-5,No,44,No,LandCover-2,RoadClass-3,0,0
70592,49,300,-2.56,9.68,12.45,Combined,MUF,S,BET,144.8,Geology-0,14.56,SoilType-9,No,133,No,LandCover-1,RoadClass-1,0,1
66650,36,300,-2.81,7.03,53.76,Wastewater,Others,S,BET,128.07,Geology-2,34.58,SoilType-5,No,138,No,LandCover-2,RoadClass-3,0,0
66213,28,315,-1.15,1.15,26.76,Wastewater,Others,S,PVC,131.01,Geology-2,26.24,SoilType-5,No,0,No,LandCover-1,RoadClass-3,0,0
99600,29,160,-1.13,2.1,26.71,Wastewater,Others,S,PVC,124.27,Geology-0,18.46,SoilType-9,No,82,No,LandCover-1,RoadClass-2,0,0
52895,21,315,-0.9,3.3,35.42,Wastewater,Others,S,PVC,141.84,Geology-0,14.48,SoilType-9,No,104,No,LandCover-2,RoadClass-2,0,0
66118,50,200,-1.6,1.26,25.12,Wastewater,MUF,S,BET,129.6,Geology-2,30.6,SoilType-5,No,6,No,LandCover-2,RoadClass-1,0,1
56671,22,225,-1.66,0.89,50.06,Combined,MUF,S,Others,138.92,Geology-2,25.4,SoilType-5,No,180,No,LandCover-1,RoadClass-1,0,1
66615,46,200,-2.17,4.48,30.7,Wastewater,Others,S,PVC,129.36,Geology-2,33.66,SoilType-5,No,130,No,LandCover-2,RoadClass-0,0,0
159242,1,160,-1.41,4.47,22.11,Wastewater,Others,S,PVC,122.5,Geology-2,15.54,SoilType-2,No,318,No,LandCover-2,RoadClass-1,0,0
149910,67,230,-1.31,1.28,2.88,Stormwater,Others,Others,BET,122.5,Geology-0,15.6,SoilType-2,No,318,No,LandCover-1,RoadClass-2,6690,1
162553,1,200,-1.25,3.36,41.47,Wastewater,Others,S,PVC,125.84,Geology-0,16.33,SoilType-4,No,146,No,LandCover-2,RoadClass-1,0,0
59710,40,225,-1.54,2.3,44.42,Combined,MUF,S,BET,127.37,Geology-0,16.83,SoilType-9,No,66,No,LandCover-2,RoadClass-3,0,0
164370,0,250,-1.86,4.64,87.99,Stormwater,Others,S,PVC,127.44,Geology-2,16.26,SoilType-5,No,142,No,LandCover-2,RoadClass-0,0,0
162153,40,200,-3.84,0.34,51.83,Stormwater,MUF,S,PVC,136.93,Geology-2,14.9,SoilType-5,No,70,No,LandCover-1,RoadClass-0,0,0
53898,28,200,-1.74,7.32,21.98,Wastewater,Others,S,PVC,139.9,Geology-3,5.81,SoilType-6,No,120,No,LandCover-2,RoadClass-3,0,0
4314,51,225,-1.22,3.28,35.96,Combined,MUF,S,BET,123.1,Geology-2,15.47,SoilType-3,No,266,No,LandCover-4,RoadClass-0,0,1
105767,53,300,-1.37,0.51,15.26,Stormwater,MUF,S,BET,124.36,Geology-0,16.19,SoilType-4,No,11,No,LandCover-1,RoadClass-0,0,1
67458,47,300,-1.11,0.66,36.82,Wastewater,MUF,S,BET,145.45,Geology-0,13.91,SoilType-9,No,129,No,LandCover-2,RoadClass-0,0,0
66285,61,225,-0.55,4,41.34,Wastewater,Others,S,BET,133.11,Geology-0,26.77,SoilType-5,No,44,No,LandCover-4,RoadClass-3,0,0
60008,36,160,-2.94,8.46,29.8,Wastewater,Others,S,PVC,128.16,Geology-2,16.48,SoilType-5,No,116,No,LandCover-1,RoadClass-1,8700,1
59423,1,200,-1.6,1.82,50.91,Wastewater,Others,S,BET,124.28,Geology-2,16.22,SoilType-9,No,106,No,LandCover-1,RoadClass-3,0,0
14274,91,300,-0.43,12.73,55.38,Combined,MUF,S,BET,97.22,Geology-2,15.45,SoilType-2,Yes,523,No,LandCover-1,RoadClass-0,0,1
63659,36,250,-1.88,6.33,89.61,Stormwater,Others,S,PVC,132.73,Geology-0,20.63,SoilType-5,No,130,No,LandCover-2,RoadClass-1,0,1
156674,13,160,-4.11,-1.17,18.17,Wastewater,Others,S,PVC,115.57,Geology-2,15.6,SoilType-5,No,157,No,LandCover-1,RoadClass-3,0,0
14466,85,225,-0.88,6.9,43.42,Combined,MUF,S,BET,122.86,Geology-2,15.51,SoilType-2,No,180,No,LandCover-4,RoadClass-0,0,1
128736,55,225,-1.19,-1.42,34.15,Wastewater,MUF,S,BET,123.75,Geology-2,18.17,SoilType-9,No,135,No,LandCover-2,RoadClass-3,0,1
154404,1,160,-2.02,2.38,38.76,Wastewater,Others,S,PVC,143.69,Geology-0,14.74,SoilType-9,No,178,No,LandCover-4,RoadClass-2,0,0
63992,0,200,-0.45,2.39,28.36,Stormwater,MUF,S,Others,131.7,Geology-2,20.63,SoilType-6,No,75,No,LandCover-3,RoadClass-3,0,0
20318,52,230,-2.22,6.91,21.69,Combined,MUF,S,BET,120.09,Geology-0,15.59,SoilType-9,No,129,No,LandCover-2,RoadClass-3,0,1
160848,0,400,-1.85,5.63,25.71,Stormwater,Others,S,PPP,131.6,Geology-2,19.05,SoilType-6,No,130,No,LandCover-2,RoadClass-0,0,0
65762,46,225,-3.4,2.15,70.61,Combined,MUF,S,BET,135.41,Geology-2,17.13,SoilType-5,No,251,No,LandCover-2,RoadClass-0,0,1
72808,19,200,-3.17,7.24,25.82,Combined,Others,S,PVC,104.94,Geology-2,15.46,SoilType-2,No,320,No,LandCover-2,RoadClass-0,0,1
1127,56,150,-2.09,1.83,37.19,Combined,MUF,S,BET,123.16,Geology-2,18.12,SoilType-9,No,93,No,LandCover-2,RoadClass-3,0,1
163033,0,160,-2.74,2.31,59.45,Wastewater,Others,S,PVC,144.16,Geology-0,24.01,SoilType-5,No,94,No,LandCover-1,RoadClass-4,0,0
66889,35,250,-1.99,0.38,47.78,Combined,Others,S,PVC,123.27,Geology-2,49.43,SoilType-4,No,0,No,LandCover-2,RoadClass-0,0,0
62575,48,400,-1.69,2.41,25.53,Stormwater,MUF,S,PVC,131.8,Geology-2,19.1,SoilType-9,No,130,No,LandCover-4,RoadClass-1,0,0
66109,38,200,-2.25,3.75,39.3,Wastewater,MUF,S,BET,130.54,Geology-2,28.98,SoilType-5,No,70,No,LandCover-2,RoadClass-0,0,0
60026,49,250,-1.46,4.77,34.45,Combined,MUF,S,BET,127.46,Geology-2,16.29,SoilType-9,No,142,No,LandCover-4,RoadClass-2,0,1
75299,35,600,-1.34,0.17,53.58,Combined,Others,S,PVC,106.2,Geology-2,15.5,SoilType-2,No,376,No,LandCover-1,RoadClass-0,13550,0
57219,40,225,-2.07,2.99,43.41,Combined,MUF,S,BET,142.35,Geology-0,25.54,SoilType-5,No,190,No,LandCover-1,RoadClass-0,0,1
67496,50,225,-0.43,7.39,27.59,Combined,MUF,S,BET,145.21,Geology-0,14.15,SoilType-9,No,129,No,LandCover-4,RoadClass-2,0,1
155522,1,225,-4.71,1.81,22.94,Wastewater,MUF,S,BET,123.82,Geology-2,18.18,SoilType-9,No,135,No,LandCover-1,RoadClass-0,0,0
154247,1,160,-1.66,0.95,67.49,Wastewater,Others,S,PVC,143.75,Geology-0,14.71,SoilType-9,No,178,No,LandCover-4,RoadClass-3,0,0
24453,68,300,-1.9,3.5,29.48,Combined,MUF,S,BET,117.53,Geology-2,15.57,SoilType-9,No,230,No,LandCover-2,RoadClass-1,0,0
56744,54,225,-1.61,8,36.1,Combined,MUF,S,BET,140.41,Geology-0,24.99,SoilType-5,No,167,No,LandCover-1,RoadClass-3,0,1
5039,51,200,-1.53,5.08,39.52,Combined,MUF,S,PVC,123.81,Geology-2,15.48,SoilType-3,No,195,No,LandCover-4,RoadClass-0,0,0
52912,24,300,-2.11,-0.02,30.86,Combined,MUF,S,Others,142.73,Geology-0,15.36,SoilType-6,No,65,No,LandCover-1,RoadClass-1,0,1
69216,40,200,-1.84,1.83,29.17,Stormwater,IM,S,BET,146.45,Geology-0,16.51,SoilType-9,No,81,No,LandCover-1,RoadClass-0,0,1
153988,0,160,-1.99,3.45,52.65,Wastewater,Others,S,PVC,143.89,Geology-0,14.67,SoilType-9,No,178,No,LandCover-4,RoadClass-3,0,0
65749,25,225,-0.7,0.34,51.01,Combined,MUF,S,BET,135.51,Geology-2,15.95,SoilType-5,No,195,No,LandCover-4,RoadClass-0,6800,1
162690,1,200,-2.6,-1.33,56.17,Wastewater,Others,S,PVC,126.37,Geology-0,16.44,SoilType-4,No,33,No,LandCover-2,RoadClass-0,0,0
3288,8,160,-1.62,-0.1,62.84,Wastewater,Others,S,PVC,143.8,Geology-2,14.56,SoilType-3,No,0,No,LandCover-1,RoadClass-3,0,0
161986,0,315,-0.84,3.28,68.93,Stormwater,Others,S,PVC,103.85,Geology-2,15.46,SoilType-2,No,85,No,LandCover-1,RoadClass-0,0,0
59196,1,125,-1.66,3.37,18.53,Wastewater,Others,S,PVC,124.3,Geology-2,16.2,SoilType-9,No,106,No,LandCover-2,RoadClass-0,0,0
159273,1,200,-1.73,0.55,33.06,Stormwater,Others,S,PVC,149.45,Geology-0,2.36,SoilType-9,No,24,No,LandCover-1,RoadClass-0,0,0
76243,19,225,-1.11,0.57,45.52,Stormwater,MUF,S,BET,122.46,Geology-2,15.59,SoilType-2,No,236,No,LandCover-1,RoadClass-1,6690,1
94297,16,200,-1.58,-1.83,18.29,Stormwater,Others,S,PPP,105.2,Geology-2,15.46,SoilType-2,No,320,No,LandCover-2,RoadClass-0,0,0
74051,43,160,-0.94,0.57,41.87,Combined,Others,S,PVC,105.84,Geology-2,15.48,SoilType-2,No,171,No,LandCover-1,RoadClass-0,0,0
80940,14,200,-2.48,-1.31,16.66,Wastewater,Others,S,PVC,131.99,Geology-0,25.63,SoilType-5,No,0,No,LandCover-2,RoadClass-2,0,1
165445,1,200,-2.48,2.94,97.76,Wastewater,Others,S,PVC,142.71,Geology-0,25.3,SoilType-5,No,190,No,LandCover-2,RoadClass-0,0,0
68980,40,200,-2.21,-2.03,25.28,Stormwater,IM,S,BET,148.72,Geology-0,15.72,SoilType-9,No,125,No,LandCover-1,RoadClass-0,0,1
63188,50,300,-2.32,6.13,28.62,Combined,MUF,S,BET,133.87,Geology-2,18.31,SoilType-5,No,147,No,LandCover-4,RoadClass-0,0,0
66900,35,250,-2.28,3.07,35.85,Combined,MUF,S,BET,122.38,Geology-2,51.61,SoilType-9,No,19,No,LandCover-1,RoadClass-0,0,0
56845,35,160,-2,2.07,45.14,Wastewater,Others,S,PVC,137.24,Geology-0,26.04,SoilType-5,No,207,No,LandCover-4,RoadClass-0,0,0
59724,48,225,-3.23,1.6,34.77,Combined,MUF,S,BET,127.22,Geology-2,16.87,SoilType-9,No,111,No,LandCover-2,RoadClass-0,0,0
66107,38,200,-2.66,4.05,38.8,Wastewater,MUF,S,BET,130.73,Geology-2,28.64,SoilType-5,No,70,No,LandCover-2,RoadClass-0,0,1
66843,36,200,-1.97,2.02,39.9,Combined,Others,S,PVC,126.22,Geology-2,39.45,SoilType-5,No,79,No,LandCover-2,RoadClass-1,0,1
165503,0,160,-2.01,3.97,44.06,Wastewater,Others,S,PVC,117.79,Geology-2,15.56,SoilType-9,No,303,No,LandCover-1,RoadClass-0,0,0
73989,99,300,-2.29,5.24,33.12,Combined,Others,S,Others,106.52,Geology-2,15.5,SoilType-2,No,546,No,LandCover-1,RoadClass-1,0,1
157288,1,315,-1.57,2.97,69.13,Stormwater,Others,S,PVC,119.62,Geology-2,15.58,SoilType-9,No,230,No,LandCover-2,RoadClass-0,0,0
85150,22,315,-1.52,1.24,13.73,Stormwater,Others,S,PVC,108.91,Geology-2,15.52,SoilType-2,No,139,No,LandCover-1,RoadClass-0,9680,0
13796,22,110,-0.2,11.82,19.18,Combined,Others,S,PVC,97.87,Geology-2,15.44,SoilType-2,Yes,523,No,LandCover-1,RoadClass-0,0,0
41067,89,230,-1.14,2.03,31.11,Combined,Others,S,Others,109.42,Geology-2,15.52,SoilType-0,No,342,No,LandCover-1,RoadClass-0,0,0
73977,43,225,-1.16,0.82,28.71,Stormwater,Others,S,BET,105.87,Geology-2,15.48,SoilType-2,No,376,No,LandCover-1,RoadClass-0,0,1
70968,45,150,-1.89,0.56,49.36,Wastewater,MUF,S,BET,127.54,Geology-2,15.62,SoilType-9,No,114,No,LandCover-2,RoadClass-0,0,1
129821,23,200,-3.36,2.22,34.09,Wastewater,Others,S,PVC,122.44,Geology-0,15.73,SoilType-4,No,11,No,LandCover-1,RoadClass-3,0,0
164143,1,200,-1.47,4.84,14.08,Stormwater,Others,S,PVC,145.35,Geology-0,23.28,SoilType-5,No,94,No,LandCover-1,RoadClass-0,0,0
70516,48,150,-0.64,0.64,58.68,Combined,MUF,S,BET,144.63,Geology-0,14.88,SoilType-9,No,133,No,LandCover-4,RoadClass-0,0,1
59728,54,200,-1.47,3.45,10.57,Combined,MUF,S,BET,127.55,Geology-0,16.91,SoilType-9,No,80,No,LandCover-2,RoadClass-0,0,1
45943,25,200,-0.96,1.95,53.16,Combined,Others,S,PVC,107.7,Geology-2,15.5,SoilType-2,No,382,No,LandCover-1,RoadClass-0,0,0
4238,90,300,-1.38,1.58,20.21,Combined,MUF,S,BET,123.19,Geology-2,15.51,SoilType-2,No,195,No,LandCover-2,RoadClass-2,0,1
67477,47,200,-0.95,0.54,59.54,Wastewater,Others,S,PVC,146.09,Geology-0,13.71,SoilType-7,No,11,No,LandCover-4,RoadClass-2,0,0
66885,35,250,-2.1,0.08,53.32,Combined,Others,S,PVC,123.88,Geology-2,47.51,SoilType-4,No,19,No,LandCover-2,RoadClass-0,0,0
165733,0,200,-0.83,-7.29,34.76,Stormwater,Others,S,PVC,118.72,Geology-2,15.57,SoilType-9,No,230,No,LandCover-2,RoadClass-3,0,0
70505,47,225,-1.84,2.27,26.44,Wastewater,MUF,S,BET,144.86,Geology-0,15.08,SoilType-7,No,133,No,LandCover-4,RoadClass-0,0,0
57310,37,160,-1.41,1.96,39.94,Wastewater,Others,S,PVC,143.7,Geology-0,25.22,SoilType-9,No,70,No,LandCover-4,RoadClass-1,0,0
165516,0,160,-0.73,3.05,54.18,Wastewater,Others,S,PVC,126.86,Geology-2,16.13,SoilType-5,No,14,No,LandCover-4,RoadClass-1,0,0
163925,1,200,-2.14,0.79,64.98,Wastewater,Others,S,PVC,144.39,Geology-0,24.55,SoilType-4,No,208,No,LandCover-1,RoadClass-0,0,0
5941,46,250,-1.29,-5.14,11.75,Combined,MUF,S,BET,122.57,Geology-2,15.54,SoilType-2,No,318,No,LandCover-2,RoadClass-0,0,0
5949,61,150,-2.71,1.71,15.73,Combined,Others,S,BET,114.97,Geology-2,15.49,SoilType-2,No,122,No,LandCover-4,RoadClass-1,0,0
134787,43,150,-0.59,7.99,21.42,Combined,Others,S,BET,141.33,Geology-0,24.7,SoilType-4,No,167,Yes,LandCover-2,RoadClass-1,0,1
43070,86,315,-7.42,12.69,41.37,Combined,Others,S,PVC,107.47,Geology-2,15.51,SoilType-2,No,150,No,LandCover-1,RoadClass-2,0,1
129164,8,250,-2.29,1.97,18.9,Wastewater,Others,S,PVC,145.88,Geology-0,13.72,SoilType-9,No,87,No,LandCover-2,RoadClass-1,0,0
159842,0,160,-1.3,3.47,22.74,Wastewater,Others,S,PVC,122.42,Geology-2,15.48,SoilType-2,No,115,No,LandCover-2,RoadClass-0,0,0
164359,59,225,-2.05,0.78,48.7,Combined,MUF,S,BET,135.94,Geology-2,15.56,SoilType-5,No,251,No,LandCover-4,RoadClass-0,6800,1
66834,36,200,-1.51,-1.96,21.24,Combined,Others,S,PVC,124.64,Geology-2,45.06,SoilType-4,No,79,No,LandCover-2,RoadClass-2,0,0
163438,2,200,-1.85,2.63,86.7,Wastewater,Others,S,PVC,144.44,Geology-0,22.68,SoilType-4,No,71,No,LandCover-2,RoadClass-1,0,0
65752,51,250,-1.2,1.35,35.35,Stormwater,MUF,S,BET,134.98,Geology-2,17.38,SoilType-5,No,195,No,LandCover-1,RoadClass-1,0,0
62018,51,200,-0.01,1.6,45.71,Wastewater,MUF,S,BET,131.38,Geology-0,20.05,SoilType-5,No,270,No,LandCover-1,RoadClass-1,16120,1
67805,33,200,-2.31,2.47,59.79,Wastewater,IM,S,BET,143.5,Geology-0,16.07,SoilType-9,No,55,No,LandCover-2,RoadClass-0,0,0
164142,1,200,-2.28,2.15,45.27,Wastewater,Others,S,PVC,144.76,Geology-2,23.33,SoilType-5,No,94,No,LandCover-1,RoadClass-0,0,0
158723,1,200,-1.77,2.84,64.42,Stormwater,Others,S,PVC,141.84,Geology-0,25.5,SoilType-5,No,190,No,LandCover-4,RoadClass-0,0,0
59384,47,225,-0.67,3.54,44.89,Wastewater,MUF,S,BET,124.26,Geology-2,16.23,SoilType-9,No,106,No,LandCover-2,RoadClass-0,0,1
162878,33,150,-1.13,-4.18,14.9,Wastewater,IM,S,BET,149.02,Geology-0,8.11,SoilType-6,No,18,No,LandCover-4,RoadClass-0,0,1
66893,35,250,-1.47,0.4,45.81,Combined,Others,S,PVC,122.79,Geology-2,51.2,SoilType-4,No,19,No,LandCover-2,RoadClass-0,0,0
164141,1,200,-1.08,2.39,11.26,Wastewater,Others,S,PVC,145.35,Geology-0,23.28,SoilType-5,No,94,No,LandCover-1,RoadClass-0,0,0
151470,0,200,-1.56,0.57,51.13,Wastewater,Others,S,PVC,117.08,Geology-2,15.57,SoilType-9,No,0,No,LandCover-1,RoadClass-0,5100,0
57518,29,315,-1.16,0.09,55.01,Wastewater,Others,S,PVC,141.83,Geology-2,19.91,SoilType-5,No,19,No,LandCover-4,RoadClass-4,0,0
67455,47,225,-0.83,5.38,32.4,Combined,MUF,S,BET,145.02,Geology-0,14.77,SoilType-9,No,129,No,LandCover-1,RoadClass-2,0,0
156104,1,110,-3.05,-4.81,67.53,Stormwater,Others,Others,PVC,122.39,Geology-2,15.73,SoilType-9,No,54,No,LandCover-4,RoadClass-0,0,1
144240,39,250,-1.5,6.37,31.46,Combined,MUF,S,PVC,122.48,Geology-2,15.63,SoilType-9,No,109,No,LandCover-1,RoadClass-4,0,0
159415,1,250,-1.59,6.35,37.31,Combined,Others,S,BET,128.07,Geology-0,19.15,SoilType-9,No,80,No,LandCover-2,RoadClass-2,0,1
63267,41,600,-0.85,6.94,90.59,Stormwater,MUF,S,BET,134.8,Geology-2,17.4,SoilType-5,No,80,Yes,LandCover-2,RoadClass-3,0,1
162970,1,200,-3.66,1.15,29.15,Wastewater,Others,S,PVC,144.7,Geology-0,24.05,SoilType-5,No,94,No,LandCover-1,RoadClass-3,0,0
77110,39,315,-2,-2.07,37.83,Combined,Others,S,PVC,105.43,Geology-2,15.47,SoilType-2,No,6,No,LandCover-2,RoadClass-0,0,0
160145,1,225,-1.52,-0.09,15.04,Combined,Others,S,BET,136.72,Geology-2,16.11,SoilType-5,No,94,No,LandCover-4,RoadClass-0,0,1
62041,51,150,-1.52,3.09,42,Wastewater,MUF,S,BET,131.47,Geology-0,20.09,SoilType-5,No,270,No,LandCover-1,RoadClass-1,16120,1
169351,0,160,-1.22,-3.59,5.6,Wastewater,Others,S,PVC,108.89,Geology-2,15.52,SoilType-2,No,139,No,LandCover-1,RoadClass-0,0,0
4839,40,225,-1.98,0.95,54.53,Combined,MUF,S,BET,144.39,Geology-0,24.6,SoilType-4,No,208,No,LandCover-1,RoadClass-1,0,1
13791,86,225,-1.09,9.25,23.64,Combined,MUF,S,BET,98.26,Geology-2,15.44,SoilType-2,Yes,137,No,LandCover-1,RoadClass-0,0,1
169155,1,250,-2.08,3.46,70.82,Stormwater,Others,S,PVC,104.04,Geology-2,15.45,SoilType-2,No,320,No,LandCover-1,RoadClass-0,0,0
59706,40,225,-1.51,1.46,33.17,Combined,MUF,S,BET,127.2,Geology-0,16.8,SoilType-9,No,66,No,LandCover-2,RoadClass-1,0,0
69204,40,200,-0.95,0.52,40.79,Stormwater,IM,S,BET,146.46,Geology-0,16.83,SoilType-9,No,81,No,LandCover-4,RoadClass-0,0,1
14008,15,250,-2.17,3.79,61.55,Combined,Others,S,PVC,103.99,Geology-2,15.45,SoilType-2,No,320,No,LandCover-1,RoadClass-0,0,0
153990,0,300,-1.97,3.57,52.03,Stormwater,Others,S,PPP,143.91,Geology-0,14.67,SoilType-9,No,178,No,LandCover-4,RoadClass-3,0,0
70966,45,225,-1.86,1.08,62.15,Stormwater,MUF,S,BET,128.17,Geology-2,15.62,SoilType-9,No,114,No,LandCover-2,RoadClass-1,0,0
85490,22,315,-1.75,1.05,177.47,Stormwater,Others,S,PVC,110.05,Geology-2,15.53,SoilType-2,No,342,No,LandCover-1,RoadClass-0,9680,0
66250,18,200,-0.78,2.56,42.08,Wastewater,MUF,S,BET,131.99,Geology-0,25.14,SoilType-5,No,3,No,LandCover-2,RoadClass-2,0,0
69403,40,200,-1.45,3.96,52.57,Stormwater,IM,S,BET,146.78,Geology-0,17.68,SoilType-9,No,81,No,LandCover-2,RoadClass-0,0,0
57234,40,225,-1.82,1.58,9.27,Combined,MUF,S,BET,143.29,Geology-0,25.25,SoilType-5,No,208,No,LandCover-1,RoadClass-0,0,1
24413,50,300,-1.17,0.72,25.17,Combined,MUF,S,BET,118.42,Geology-2,15.57,SoilType-9,No,230,No,LandCover-2,RoadClass-1,0,1
164421,0,200,-2.79,10.07,27.89,Stormwater,Others,S,PVC,143.74,Geology-2,23.32,SoilType-5,No,94,No,LandCover-2,RoadClass-0,0,0
75119,43,160,-1.28,-0.11,15.93,Combined,Others,S,PVC,105.81,Geology-2,15.48,SoilType-2,No,171,No,LandCover-1,RoadClass-1,0,0
55436,38,200,-1.68,0.43,63.96,Stormwater,MUF,S,BET,140.72,Geology-0,19.64,SoilType-4,No,68,No,LandCover-2,RoadClass-2,0,0
75300,35,600,-3.04,-1.14,38.05,Combined,Others,S,PVC,106.09,Geology-2,15.5,SoilType-2,No,376,No,LandCover-1,RoadClass-0,13550,0
85764,22,315,-1.28,0.38,85.79,Wastewater,Others,S,PVC,110.96,Geology-2,15.53,SoilType-2,No,342,No,LandCover-1,RoadClass-0,9680,0
159672,0,160,-0.2,0.62,41.17,Wastewater,Others,S,PVC,149.57,Geology-2,2.6,SoilType-9,No,24,No,LandCover-2,RoadClass-3,0,0
53504,21,1000,-2.1,2.79,11.18,Stormwater,MUF,S,BET,141.4,Geology-2,11.59,SoilType-5,No,71,No,LandCover-4,RoadClass-1,0,0
169301,1,200,-1.16,8.71,4.42,Wastewater,Others,S,PVC,104.31,Geology-2,15.45,SoilType-2,No,320,No,LandCover-1,RoadClass-0,0,0
57252,42,200,-2.07,4.56,56.63,Combined,MUF,S,BET,143.32,Geology-0,25.34,SoilType-5,No,208,No,LandCover-1,RoadClass-1,0,1
4327,51,225,-1.87,1.79,41.06,Combined,MUF,S,BET,124.19,Geology-2,15.47,SoilType-3,No,195,No,LandCover-2,RoadClass-0,0,0
24442,50,300,-1.64,0.56,36.78,Combined,MUF,S,BET,118.02,Geology-2,15.57,SoilType-9,No,230,No,LandCover-2,RoadClass-1,0,0
57253,42,200,-1.71,4.47,47.42,Combined,MUF,S,BET,142.67,Geology-0,25.88,SoilType-9,No,64,No,LandCover-4,RoadClass-1,0,1
44214,93,225,-1.5,13.99,18.19,Combined,Others,S,BET,107.82,Geology-2,15.51,SoilType-2,No,150,No,LandCover-1,RoadClass-1,13550,1
66117,49,200,-1.5,1.02,14.62,Wastewater,MUF,S,BET,129.67,Geology-2,30.39,SoilType-5,No,6,No,LandCover-2,RoadClass-0,0,0
59976,47,125,-2.88,9.09,43.51,Combined,MUF,S,PVC,127.78,Geology-2,16.46,SoilType-5,No,82,No,LandCover-1,RoadClass-1,0,1
74381,25,500,-1.84,0.06,29.81,Combined,Others,S,PVC,105.47,Geology-2,15.42,SoilType-2,No,356,No,LandCover-1,RoadClass-0,0,0
159695,1,160,-1.03,2.82,26.91,Wastewater,Others,S,PVC,149.47,Geology-2,2.23,SoilType-9,No,24,No,LandCover-2,RoadClass-3,0,0
13786,86,225,-2.87,9.97,16.58,Combined,Others,S,Others,99.17,Geology-2,15.45,SoilType-2,Yes,523,No,LandCover-1,RoadClass-0,0,1
65046,49,225,-2.47,0.31,18.26,Combined,MUF,S,BET,134.92,Geology-2,19.07,SoilType-5,No,200,No,LandCover-2,RoadClass-1,12750,1
5038,51,200,-1.14,4.13,21.62,Combined,MUF,S,PVC,123.81,Geology-2,15.48,SoilType-3,No,195,No,LandCover-4,RoadClass-0,0,0
4919,62,250,-4.98,0,80.24,Wastewater,MUF,S,BET,129.79,Geology-2,33.44,SoilType-5,No,130,No,LandCover-2,RoadClass-0,4200,0
156552,1,315,-2.08,0.93,81.15,Stormwater,Others,S,PVC,119.5,Geology-2,15.58,SoilType-9,No,129,No,LandCover-2,RoadClass-0,0,0
56711,35,200,-2.24,1.23,25.3,Stormwater,MUF,S,BET,137.18,Geology-0,26.34,SoilType-5,No,207,No,LandCover-2,RoadClass-0,0,1
158255,36,225,-3.83,1.58,39.21,Wastewater,MUF,S,BET,132.7,Geology-0,20.79,SoilType-5,No,130,No,LandCover-2,RoadClass-0,0,1
154174,5,200,-0.48,0.77,42.33,Wastewater,Others,S,PVC,148.36,Geology-0,7.5,SoilType-7,No,0,No,LandCover-5,RoadClass-0,0,0
70688,37,150,-4.2,-0.29,48.44,Wastewater,MUF,S,BET,144.93,Geology-0,15.04,SoilType-9,No,129,No,LandCover-4,RoadClass-3,0,0
66075,61,225,-2.67,0.96,61.45,Wastewater,MUF,S,BET,132.98,Geology-0,27.1,SoilType-6,No,44,No,LandCover-4,RoadClass-2,0,0
58840,42,225,-2.23,0.98,53,Combined,MUF,S,BET,125.02,Geology-2,16.11,SoilType-6,No,171,No,LandCover-1,RoadClass-0,0,1
130728,45,200,-7.36,10.11,39.01,Wastewater,Others,S,BET,131.95,Geology-2,19.49,SoilType-6,No,123,No,LandCover-2,RoadClass-0,0,1
83936,92,225,-2.42,4.74,32.36,Combined,MUF,S,Others,106.6,Geology-2,15.5,SoilType-2,No,546,No,LandCover-1,RoadClass-0,0,1
30099,32,630,-1.53,1.77,22.71,Combined,Others,S,PVC,108.02,Geology-2,15.51,SoilType-2,No,150,No,LandCover-1,RoadClass-0,13550,0
159391,1,160,-2.17,5.15,33.56,Wastewater,Others,S,PVC,122.51,Geology-2,15.49,SoilType-2,No,91,No,LandCover-1,RoadClass-0,0,0
158878,0,200,-1.37,2.02,78.57,Stormwater,Others,S,PVC,148.96,Geology-0,3.03,SoilType-5,No,42,No,LandCover-2,RoadClass-0,0,0
13789,86,400,-2.26,3.49,22.97,Combined,MUF,S,Others,99.64,Geology-2,15.45,SoilType-2,Yes,432,No,LandCover-1,RoadClass-0,0,1
66216,28,200,-1.05,14.61,23.3,Wastewater,MUF,S,BET,131.03,Geology-2,26.38,SoilType-5,No,0,No,LandCover-2,RoadClass-3,0,0
56648,21,200,-0.81,2.82,56.87,Stormwater,MUF,S,BET,137,Geology-2,24.66,SoilType-5,No,231,No,LandCover-1,RoadClass-3,0,0
162025,28,200,-4.75,2.33,33.59,Wastewater,Others,S,PVC,139.84,Geology-3,5.74,SoilType-6,No,120,No,LandCover-2,RoadClass-2,0,0
13909,105,225,-1.95,6.12,17.75,Combined,MUF,S,BET,100.7,Geology-2,15.45,SoilType-2,Yes,84,No,LandCover-1,RoadClass-2,0,1
164438,1,200,-2.1,0.7,53.59,Wastewater,Others,S,PVC,143.97,Geology-0,24.85,SoilType-4,No,208,No,LandCover-1,RoadClass-0,0,0
69469,45,250,-3.24,3.44,44.97,Wastewater,IM,S,BET,147.02,Geology-0,19.62,SoilType-6,No,54,No,LandCover-1,RoadClass-2,0,0
56673,21,300,-1.98,5.42,116.85,Combined,MUF,S,Others,139.59,Geology-2,24.76,SoilType-5,No,180,No,LandCover-4,RoadClass-0,0,1
60609,61,300,-0.59,10.3,25.71,Combined,MUF,S,BET,130.82,Geology-2,16.58,SoilType-9,No,181,No,LandCover-2,RoadClass-0,0,1
59221,46,150,-2.06,4.15,21.01,Wastewater,MUF,S,BET,124.56,Geology-2,16.1,SoilType-6,No,171,No,LandCover-4,RoadClass-0,0,0
69827,32,200,-1.56,0.57,33.81,Wastewater,IM,S,PVC,149.3,Geology-0,12.97,SoilType-6,No,197,No,LandCover-1,RoadClass-1,0,0
156053,1,225,-1.72,5.57,9.51,Wastewater,Others,S,BET,128.92,Geology-2,16.31,SoilType-9,No,224,Yes,LandCover-4,RoadClass-1,0,0
65614,24,200,-4.44,11.15,45.17,Combined,MUF,S,BET,135.76,Geology-2,16.21,SoilType-5,No,251,No,LandCover-4,RoadClass-3,0,0
59739,55,250,-2.87,14.1,49.69,Combined,MUF,S,BET,127.94,Geology-0,19.14,SoilType-9,No,80,No,LandCover-2,RoadClass-2,0,0
59747,48,225,-4.79,5.07,33.59,Combined,Others,S,BET,127.31,Geology-2,16.89,SoilType-9,No,111,No,LandCover-2,RoadClass-0,0,1
66937,36,200,-0.46,0.46,46.75,Combined,MUF,S,PVC,127.67,Geology-2,34.96,SoilType-5,No,138,No,LandCover-2,RoadClass-4,0,0
158501,1,315,-2.91,-5.06,8.25,Stormwater,Others,S,PVC,142.65,Geology-0,24.86,SoilType-4,No,190,No,LandCover-1,RoadClass-0,0,0
157654,0,150,-3.83,0.09,33.32,Wastewater,Others,S,Others,122.49,Geology-2,15.51,SoilType-2,No,115,No,LandCover-2,RoadClass-3,0,1
69889,40,200,-2.17,-0.24,18.26,Wastewater,IM,S,PVC,149.11,Geology-0,14.1,SoilType-5,No,197,No,LandCover-4,RoadClass-2,0,0
171953,90,300,-1.97,-2.35,11.05,Combined,MUF,S,BET,123.14,Geology-2,15.51,SoilType-2,No,195,No,LandCover-4,RoadClass-2,0,0
13819,20,225,-1.6,2.78,63.14,Combined,MUF,S,Others,97.93,Geology-2,15.48,SoilType-2,No,498,No,LandCover-1,RoadClass-0,0,1
170836,46,225,-2.39,0.35,76.12,Combined,MUF,S,BET,135.74,Geology-2,17.16,SoilType-5,No,251,No,LandCover-4,RoadClass-2,0,0
157765,1,200,-1.62,4.74,43.09,Wastewater,Others,S,PVC,122.63,Geology-2,17.78,SoilType-9,No,111,No,LandCover-2,RoadClass-0,0,0
163027,1,400,-2.77,1.43,43.1,Stormwater,Others,S,PPP,145.15,Geology-0,24.09,SoilType-9,No,94,No,LandCover-1,RoadClass-1,0,0
165719,1,200,-0.17,-0.97,38.28,Stormwater,Others,S,PVC,139.95,Geology-3,6.19,SoilType-6,No,81,No,LandCover-1,RoadClass-2,0,1
76586,32,315,-1.5,0.43,49.23,Combined,Others,S,PVC,106.59,Geology-2,15.51,SoilType-2,No,546,No,LandCover-1,RoadClass-0,13550,0
162024,30,200,-3.38,-0.68,2.61,Stormwater,Others,S,PVC,139.81,Geology-3,5.7,SoilType-6,No,120,No,LandCover-2,RoadClass-0,0,0
57233,40,225,-1.96,0.39,52.36,Combined,MUF,S,BET,144.02,Geology-0,24.85,SoilType-4,No,208,No,LandCover-1,RoadClass-1,0,1
74380,25,500,-1.32,0.31,43.26,Combined,Others,S,PVC,105.43,Geology-2,15.42,SoilType-2,No,356,No,LandCover-1,RoadClass-0,0,0
83647,23,315,-1.69,0.06,20.87,Combined,Others,S,PVC,106.5,Geology-2,15.51,SoilType-2,No,376,No,LandCover-1,RoadClass-0,13550,0
56703,35,150,-0.9,0.71,55.15,Stormwater,MUF,S,BET,137.31,Geology-2,25.77,SoilType-5,No,207,No,LandCover-4,RoadClass-0,0,0
159399,1,315,-1.83,5.53,20.17,Stormwater,Others,S,PVC,122.47,Geology-2,15.5,SoilType-2,No,115,No,LandCover-2,RoadClass-0,0,0
70588,51,225,-0.49,2.66,35.53,Combined,MUF,S,BET,145.06,Geology-0,13.93,SoilType-9,No,133,No,LandCover-2,RoadClass-0,0,1
23560,68,230,-1.36,2.45,12.19,Combined,MUF,S,BET,117.71,Geology-2,15.56,SoilType-9,No,303,No,LandCover-4,RoadClass-0,0,1
43071,29,300,-0.54,2.27,17.1,Combined,Others,S,BET,107.56,Geology-2,15.51,SoilType-2,No,150,No,LandCover-1,RoadClass-0,13550,1
68314,1,200,-0.08,6.99,19.17,Wastewater,IM,S,BET,147.58,Geology-0,10.56,SoilType-9,No,191,No,LandCover-2,RoadClass-1,0,0
65731,46,225,-5.08,1.87,43.56,Combined,MUF,S,BET,135.49,Geology-2,16.44,SoilType-5,No,195,No,LandCover-4,RoadClass-0,0,1
38445,24,200,-2.48,0.23,38.28,Combined,Others,S,PVC,111.73,Geology-2,15.54,SoilType-0,No,330,No,LandCover-1,RoadClass-0,0,0
4237,90,300,-2.67,0.74,39.44,Combined,MUF,S,BET,123.16,Geology-2,15.51,SoilType-2,No,195,No,LandCover-4,RoadClass-2,0,0
163752,0,315,-2.42,-3.14,59.58,Wastewater,Others,S,PVC,118.67,Geology-2,15.58,SoilType-9,No,129,No,LandCover-2,RoadClass-1,5100,0
144238,9,250,-4.35,0.24,74.11,Combined,MUF,S,PVC,122.45,Geology-2,15.62,SoilType-9,No,109,No,LandCover-2,RoadClass-3,0,0
160440,0,315,-1.4,4.16,33.43,Stormwater,Others,S,PVC,131.23,Geology-2,19.15,SoilType-6,No,120,No,LandCover-4,RoadClass-0,0,0
70974,45,225,-1.93,1.05,49.2,Stormwater,MUF,S,BET,127.54,Geology-2,15.62,SoilType-9,No,114,No,LandCover-2,RoadClass-0,0,1
76442,39,250,-2.21,-2.6,7.39,Combined,Others,S,PVC,105.27,Geology-2,15.48,SoilType-2,No,6,No,LandCover-1,RoadClass-0,0,0
152856,1,230,-1.37,2.58,5.3,Combined,MUF,S,BET,126.42,Geology-2,16.13,SoilType-6,No,108,No,LandCover-4,RoadClass-0,0,1
160267,1,250,-1.19,0.29,27.22,Stormwater,Others,S,BET,139.87,Geology-3,6,SoilType-6,No,81,No,LandCover-1,RoadClass-0,6900,1
55432,38,200,-2.17,0.05,41.88,Stormwater,MUF,S,BET,140.44,Geology-0,20.56,SoilType-4,No,68,No,LandCover-2,RoadClass-3,0,0
163422,1,200,-2.27,0.57,23.29,Wastewater,Others,S,PVC,144.14,Geology-0,22.87,SoilType-4,No,71,No,LandCover-2,RoadClass-0,0,0
134199,12,200,-1,0.49,41.12,Wastewater,Others,S,PVC,110.6,Geology-2,15.53,SoilType-2,No,342,No,LandCover-1,RoadClass-0,0,0
149287,6,160,-1.41,2.25,1.1,Combined,Others,S,PVC,118.84,Geology-2,15.57,SoilType-9,No,230,No,LandCover-2,RoadClass-3,0,0
58844,31,200,-1.62,2.55,9.43,Combined,MUF,S,PVC,124.85,Geology-2,16.1,SoilType-6,No,171,No,LandCover-1,RoadClass-0,0,0
6253,55,230,-1.5,-0.06,44.02,Combined,MUF,S,BET,122.49,Geology-2,15.72,SoilType-9,No,111,No,LandCover-1,RoadClass-0,0,1
59715,40,225,-1.04,5.56,26.69,Combined,MUF,S,BET,127.77,Geology-0,16.91,SoilType-9,No,29,No,LandCover-2,RoadClass-4,0,0
14965,56,225,-2.34,0.61,9.37,Combined,MUF,S,BET,123.4,Geology-2,18.08,SoilType-9,No,93,No,LandCover-5,RoadClass-3,0,1
163041,1,400,-1.92,2.1,55.72,Stormwater,Others,S,PPP,143.82,Geology-0,24.22,SoilType-5,No,94,No,LandCover-1,RoadClass-4,0,0
62495,46,150,-0.89,0.14,38.07,Wastewater,MUF,S,BET,131.26,Geology-2,19.1,SoilType-6,No,120,No,LandCover-2,RoadClass-0,12750,1
88467,18,225,-1.08,0.34,33.14,Combined,Others,S,PVC,108.51,Geology-2,15.51,SoilType-0,No,225,No,LandCover-2,RoadClass-1,0,0
161917,58,250,-1.28,1.14,7.52,Stormwater,MUF,S,BET,138.34,Geology-2,24.22,SoilType-4,No,180,No,LandCover-1,RoadClass-0,0,1
46095,93,225,-1.18,1.36,12.16,Combined,MUF,S,BET,107.41,Geology-2,15.5,SoilType-2,No,382,No,LandCover-1,RoadClass-0,0,1
46121,99,300,-2.55,2.37,39.65,Combined,MUF,S,BET,106.63,Geology-2,15.5,SoilType-2,No,546,No,LandCover-1,RoadClass-0,0,1
61403,20,225,-1.77,19.63,23.08,Wastewater,MUF,S,Others,130.92,Geology-2,20.09,SoilType-6,No,104,No,LandCover-2,RoadClass-2,0,1
156554,1,250,-2.03,0.93,85.45,Wastewater,Others,S,PVC,119.5,Geology-2,15.58,SoilType-9,No,129,No,LandCover-2,RoadClass-1,0,0
164460,0,200,-0.98,-6.28,6.08,Stormwater,Others,S,PVC,143.37,Geology-2,23.31,SoilType-5,No,94,No,LandCover-2,RoadClass-0,0,0
57279,29,160,-2.2,3.74,19.9,Wastewater,Others,S,PVC,145.08,Geology-0,24.84,SoilType-9,No,70,No,LandCover-4,RoadClass-1,0,0
63631,20,225,-1.81,-2.21,41.25,Wastewater,MUF,S,Others,131.96,Geology-0,20.36,SoilType-5,No,109,No,LandCover-4,RoadClass-0,0,0
149911,67,150,-1.41,-0.13,10.01,Stormwater,Others,Others,BET,122.51,Geology-0,15.59,SoilType-2,No,318,No,LandCover-1,RoadClass-0,6690,1
66614,46,200,-2.08,3.9,41.88,Wastewater,Others,S,PVC,129.51,Geology-2,33.24,SoilType-5,No,130,No,LandCover-2,RoadClass-0,0,0
159319,1,200,-1.54,-5.21,15.91,Stormwater,Others,S,PVC,122.52,Geology-2,15.69,SoilType-6,No,111,No,LandCover-4,RoadClass-0,0,0
3289,8,160,-1.37,-0.01,53.01,Wastewater,Others,S,PVC,143.72,Geology-2,14.86,SoilType-3,No,0,No,LandCover-1,RoadClass-4,0,0
152805,17,160,-2.01,1.38,55.02,Wastewater,Others,S,PVC,132.99,Geology-2,21.72,SoilType-4,No,101,No,LandCover-1,RoadClass-3,0,0
23571,48,150,-1.77,2.74,32.85,Combined,MUF,S,BET,118.5,Geology-2,15.57,SoilType-9,No,230,No,LandCover-3,RoadClass-1,0,1
163274,1,200,-1.86,6.99,50.81,Wastewater,Others,S,PVC,102.54,Geology-2,15.45,SoilType-2,No,84,No,LandCover-1,RoadClass-0,0,0
28383,32,400,-1.34,-0.61,61.93,Combined,Others,S,PVC,108.23,Geology-2,15.51,SoilType-2,No,139,No,LandCover-1,RoadClass-0,13550,0
162339,1,200,-1.99,5.94,30.5,Wastewater,Others,S,PVC,132.85,Geology-2,19.15,SoilType-5,No,125,No,LandCover-1,RoadClass-0,0,0
66593,47,225,-0.48,2.01,60.64,Wastewater,MUF,S,BET,127.92,Geology-2,35.15,SoilType-5,No,138,No,LandCover-2,RoadClass-0,0,0
154252,47,225,-1.2,4.13,43.44,Wastewater,MUF,S,BET,124.23,Geology-2,16.22,SoilType-9,No,106,No,LandCover-1,RoadClass-2,0,1
159413,55,250,-3.83,-4.66,52.55,Combined,Others,S,BET,127.8,Geology-0,19.12,SoilType-9,No,80,No,LandCover-2,RoadClass-1,0,1
63124,47,225,-1.91,1.97,35.57,Wastewater,MUF,S,BET,133.16,Geology-2,18.62,SoilType-9,No,78,No,LandCover-2,RoadClass-2,0,1
85653,22,315,-1.34,4.43,30.26,Stormwater,Others,S,PVC,109.48,Geology-2,15.52,SoilType-2,No,139,No,LandCover-1,RoadClass-0,9680,0
161465,1,315,-1.24,0.62,57.96,Stormwater,Others,S,PVC,105.31,Geology-2,15.46,SoilType-2,No,320,No,LandCover-2,RoadClass-0,0,0
154248,1,300,-1.6,0.93,66.77,Stormwater,Others,S,PPP,143.75,Geology-0,14.71,SoilType-9,No,178,No,LandCover-4,RoadClass-3,0,0
89083,16,200,-1.37,4.95,37.7,Wastewater,MUF,S,Others,125.21,Geology-2,16.15,SoilType-6,No,181,No,LandCover-1,RoadClass-3,0,0
9602,21,400,-3.43,26,36.15,Combined,MUF,S,Others,105.39,Geology-2,15.48,SoilType-2,No,60,No,LandCover-1,RoadClass-2,0,1
72607,16,300,-0.8,26.02,28.87,Combined,MUF,S,Others,111.67,Geology-2,15.6,SoilType-9,No,21,No,LandCover-2,RoadClass-2,0,1
162041,54,400,-2.56,-0.16,25.07,Combined,MUF,S,BET,119.06,Geology-2,15.59,SoilType-9,No,129,No,LandCover-2,RoadClass-1,0,0
163479,1,315,-1.27,-0.36,67.86,Wastewater,Others,S,PVC,117.81,Geology-2,15.58,SoilType-9,No,230,No,LandCover-2,RoadClass-0,5100,0
162200,1,225,-6.38,4.79,34.64,Combined,MUF,S,BET,137.12,Geology-2,14.33,SoilType-1,No,70,No,LandCover-4,RoadClass-2,0,1
30102,32,600,-0.06,0.57,51.43,Combined,Others,S,PVC,107.62,Geology-2,15.51,SoilType-2,No,150,No,LandCover-1,RoadClass-0,13550,0
60347,49,225,-1.46,-1.54,5.65,Combined,MUF,S,PVC,127.47,Geology-2,16.25,SoilType-5,No,142,No,LandCover-4,RoadClass-0,0,0
59711,40,225,-2.32,6.73,8.88,Combined,MUF,S,BET,127.44,Geology-0,16.85,SoilType-9,No,66,No,LandCover-2,RoadClass-0,0,1
57286,37,225,-2.86,6.01,45.72,Wastewater,MUF,S,BET,144.88,Geology-0,24.7,SoilType-9,No,70,No,LandCover-1,RoadClass-2,0,0
57223,43,225,-1.87,1.24,59.16,Combined,MUF,S,BET,140.49,Geology-0,26.54,SoilType-5,No,64,No,LandCover-4,RoadClass-1,0,1
57311,37,160,-1.65,5.17,29.32,Wastewater,Others,S,PVC,143.42,Geology-0,25.45,SoilType-9,No,70,No,LandCover-4,RoadClass-1,0,1
163412,1,200,-2.27,-2.72,65.95,Wastewater,Others,S,PVC,125.25,Geology-2,16.13,SoilType-6,No,181,No,LandCover-1,RoadClass-0,0,0
158515,1,200,-1.36,4.84,55.51,Wastewater,Others,S,PVC,122.49,Geology-2,15.66,SoilType-6,No,111,No,LandCover-4,RoadClass-0,0,0
156938,51,250,-0.98,-1.27,28.94,Combined,Others,S,BET,126.94,Geology-0,16.79,SoilType-9,No,111,No,LandCover-2,RoadClass-2,0,0
57510,29,315,-0.07,0.2,54.84,Wastewater,Others,S,PVC,143.77,Geology-2,20.76,SoilType-4,No,19,No,LandCover-4,RoadClass-4,0,0
3290,8,160,-1.67,0.17,44.19,Wastewater,Others,S,PVC,143.66,Geology-2,15,SoilType-3,No,0,No,LandCover-1,RoadClass-4,0,0
57155,42,150,-2.78,3.64,26.26,Combined,MUF,S,BET,142.55,Geology-0,24.43,SoilType-4,No,12,No,LandCover-4,RoadClass-1,0,1
27913,40,600,-2.3,0.25,16.59,Combined,Others,S,PVC,104.09,Geology-2,15.48,SoilType-2,No,85,No,LandCover-1,RoadClass-0,0,0
5297,48,250,-0.46,2.31,30.23,Combined,MUF,S,BET,122.5,Geology-2,15.64,SoilType-9,No,109,No,LandCover-4,RoadClass-4,0,1
13780,100,300,-1.82,28.59,16.68,Combined,Others,S,Others,97.47,Geology-2,15.45,SoilType-2,Yes,523,Yes,LandCover-1,RoadClass-2,0,1
27898,21,300,-1.91,2.98,10.03,Combined,Others,S,Others,103.43,Geology-2,15.47,SoilType-2,No,85,No,LandCover-1,RoadClass-0,0,1
73990,44,315,-0.87,4.39,46.37,Combined,Others,S,PVC,106.44,Geology-2,15.49,SoilType-2,No,216,No,LandCover-1,RoadClass-0,0,1
24454,68,300,-1.31,1.74,8.15,Combined,MUF,S,BET,117.58,Geology-2,15.57,SoilType-9,No,230,No,LandCover-2,RoadClass-1,0,1
150841,5,200,-2.85,6.35,15.66,Stormwater,Others,S,PVC,102.61,Geology-2,15.44,SoilType-3,No,84,No,LandCover-4,RoadClass-0,0,0
70515,48,150,-3.67,0.69,52.8,Combined,MUF,S,BET,144.74,Geology-0,14.86,SoilType-9,No,133,No,LandCover-4,RoadClass-0,0,1
158034,1,160,-1.39,1.65,60.87,Stormwater,Others,S,PVC,128.17,Geology-2,15.62,SoilType-9,No,114,No,LandCover-2,RoadClass-0,0,0
5590,22,400,-1.72,31.86,2.56,Combined,MUF,S,Others,105.68,Geology-2,15.47,SoilType-2,No,60,No,LandCover-1,RoadClass-1,6300,1
56022,39,225,-1.51,0.78,43,Wastewater,MUF,S,BET,134.04,Geology-0,24.65,SoilType-4,No,257,No,LandCover-1,RoadClass-0,0,0
164823,1,250,-2.73,4.37,35.18,Stormwater,Others,S,PVC,105.3,Geology-2,15.48,SoilType-2,No,6,No,LandCover-1,RoadClass-0,0,1
169590,0,160,-1.11,2.73,47.12,Wastewater,Others,S,PVC,103.36,Geology-2,15.45,SoilType-2,No,320,No,LandCover-1,RoadClass-0,0,0
140372,11,160,-0.66,6.29,16.5,Combined,Others,S,PVC,106.57,Geology-2,15.49,SoilType-2,No,216,No,LandCover-1,RoadClass-0,0,1
164084,1,315,-1.97,0.54,45.58,Stormwater,Others,S,PVC,144.52,Geology-0,24.83,SoilType-4,No,208,No,LandCover-4,RoadClass-0,0,0
163417,1,300,-2.82,-3.43,8.53,Combined,Others,S,BET,143.49,Geology-0,16.05,SoilType-9,No,55,No,LandCover-2,RoadClass-0,0,1
159901,1,160,-0.63,7.4,45.1,Wastewater,Others,S,PVC,122.52,Geology-2,15.46,SoilType-2,No,91,No,LandCover-1,RoadClass-0,0,0
58228,41,200,-0.57,0.63,15.42,Wastewater,Others,S,PVC,122.7,Geology-2,15.93,SoilType-9,No,123,No,LandCover-4,RoadClass-2,0,0
163657,0,315,-1.97,0.75,54.08,Stormwater,Others,S,PPP,118.13,Geology-2,15.58,SoilType-9,No,129,No,LandCover-2,RoadClass-0,5100,0
57248,40,225,-1.46,1.76,52.01,Combined,MUF,S,BET,144.94,Geology-0,24.63,SoilType-4,No,208,No,LandCover-4,RoadClass-0,0,1
158479,1,315,-1.95,0.48,86.25,Stormwater,Others,S,PVC,120.1,Geology-2,15.59,SoilType-9,No,129,No,LandCover-2,RoadClass-0,0,0
162300,1,315,-1.93,0.92,56.51,Stormwater,Others,S,PVC,126.27,Geology-0,16.42,SoilType-4,No,33,No,LandCover-2,RoadClass-0,0,0
57500,28,315,-2.57,0.23,38.41,Wastewater,Others,S,PVC,146.79,Geology-2,22.02,SoilType-9,No,0,No,LandCover-4,RoadClass-4,0,0
157076,63,225,-2.01,7.87,31.27,Combined,MUF,S,BET,122.42,Geology-2,15.65,SoilType-6,No,104,No,LandCover-2,RoadClass-3,0,1
171688,1,250,-1.32,2.32,31.96,Wastewater,Others,S,PVC,143.43,Geology-0,16.02,SoilType-9,No,55,No,LandCover-4,RoadClass-0,0,0
46129,86,225,-1.4,2.59,24.69,Combined,Others,S,BET,107.23,Geology-2,15.49,SoilType-2,No,382,No,LandCover-1,RoadClass-0,0,1
54436,47,600,-2.72,1.38,34.75,Stormwater,MUF,S,BET,139.84,Geology-2,14.11,SoilType-4,No,202,No,LandCover-2,RoadClass-3,0,0
15083,56,225,-0.93,2.15,17.78,Combined,MUF,S,BET,123.23,Geology-2,18.11,SoilType-9,No,93,No,LandCover-3,RoadClass-3,0,0
57217,40,225,-1.57,0.47,44.35,Combined,MUF,S,BET,143.19,Geology-0,24.94,SoilType-4,No,190,No,LandCover-1,RoadClass-0,0,1
24439,50,300,-1.36,0.82,29.94,Combined,MUF,S,BET,118.18,Geology-2,15.57,SoilType-9,No,230,No,LandCover-2,RoadClass-1,0,1
159992,1,285,-1,0.14,15.69,Combined,Others,S,PVC,97.64,Geology-2,15.45,SoilType-2,Yes,523,Yes,LandCover-1,RoadClass-2,0,1
3272,8,400,-1.44,0.1,52.28,Stormwater,Others,S,PPP,143.72,Geology-2,14.86,SoilType-3,No,0,No,LandCover-1,RoadClass-4,0,0
2753,90,300,-1.35,3.32,26.53,Combined,MUF,S,BET,122.85,Geology-2,15.52,SoilType-2,No,180,No,LandCover-4,RoadClass-0,0,1
41073,89,230,-3.37,0.6,58.52,Combined,Others,S,Others,109.15,Geology-2,15.52,SoilType-0,No,139,No,LandCover-1,RoadClass-0,0,1
13818,20,225,-2.36,11.05,22.94,Combined,MUF,S,Others,97.84,Geology-2,15.48,SoilType-2,No,498,No,LandCover-1,RoadClass-1,0,1
168967,1,200,-1.46,4.13,61.26,Combined,MUF,S,BET,122.59,Geology-2,15.83,SoilType-9,No,162,No,LandCover-2,RoadClass-2,0,1
74389,30,300,-1.46,7.74,33.53,Combined,Others,S,BET,105.05,Geology-2,15.43,SoilType-2,No,320,No,LandCover-1,RoadClass-0,0,1
57268,31,160,-2.92,6.32,29.41,Wastewater,Others,S,PVC,144.96,Geology-0,24.68,SoilType-9,No,9,No,LandCover-2,RoadClass-1,0,1
162969,0,400,-3.66,-1.27,29.16,Stormwater,Others,S,PPP,144.7,Geology-0,24.05,SoilType-5,No,94,No,LandCover-1,RoadClass-3,0,0
129897,38,200,-2.15,-3.92,19.78,Wastewater,Others,S,PVC,129.39,Geology-0,19.41,SoilType-5,No,20,No,LandCover-1,RoadClass-1,0,0
75429,39,315,-2.69,5.19,23.17,Combined,Others,S,PVC,105.3,Geology-2,15.48,SoilType-2,No,6,No,LandCover-1,RoadClass-0,0,0
55538,57,225,-2.2,4.55,45.75,Combined,MUF,S,BET,139.1,Geology-2,18.74,SoilType-4,No,62,No,LandCover-4,RoadClass-0,0,1
152225,54,300,-1.34,4.53,56.3,Stormwater,MUF,S,BET,122.4,Geology-2,15.61,SoilType-9,No,236,No,LandCover-1,RoadClass-3,0,0
52894,21,315,-1.18,2.25,62.48,Wastewater,Others,S,PVC,141.95,Geology-0,14.62,SoilType-6,No,104,No,LandCover-2,RoadClass-0,0,0
56705,35,200,-2.66,0.73,30.16,Stormwater,MUF,S,BET,137.07,Geology-0,26.28,SoilType-5,No,207,No,LandCover-1,RoadClass-0,0,1
156764,1,200,-4.23,3.46,38.39,Wastewater,MUF,S,Others,132.09,Geology-0,20.47,SoilType-5,No,109,No,LandCover-2,RoadClass-0,0,1
154688,0,250,-1.43,1.12,49.1,Stormwater,Others,S,PVC,145.93,Geology-0,13.73,SoilType-9,No,87,No,LandCover-4,RoadClass-1,0,0
156331,1,315,-1.64,5.2,11.53,Stormwater,Others,S,PVC,122.46,Geology-2,15.5,SoilType-2,No,115,No,LandCover-2,RoadClass-0,0,0
76651,17,200,-2.39,2.81,55.14,Wastewater,Others,S,PVC,138.24,Geology-0,26.21,SoilType-5,No,167,No,LandCover-2,RoadClass-0,0,0
14958,60,200,-1.16,0.92,18.18,Combined,MUF,S,BET,123.24,Geology-2,17.96,SoilType-9,No,236,No,LandCover-2,RoadClass-3,0,0
155673,1,315,-4.86,0.32,30.91,Combined,Others,S,PVC,132.33,Geology-2,18.73,SoilType-9,No,71,Yes,LandCover-2,RoadClass-3,0,0
57395,32,200,-1.66,5.15,17.17,Wastewater,MUF,S,BET,142.72,Geology-2,24.44,SoilType-5,No,70,No,LandCover-1,RoadClass-4,0,0
44219,86,300,-1.15,4.83,27.65,Combined,Others,S,BET,107.32,Geology-2,15.5,SoilType-2,No,150,No,LandCover-1,RoadClass-0,0,1
44218,86,315,-2.25,6.93,11.81,Combined,Others,S,PVC,107.4,Geology-2,15.51,SoilType-2,No,150,No,LandCover-1,RoadClass-0,0,0
163389,1,225,-3.16,2.68,13.54,Combined,MUF,S,BET,133.94,Geology-0,21.87,SoilType-5,No,121,No,LandCover-2,RoadClass-2,0,1
20339,54,400,-2.7,3.38,30.77,Combined,MUF,S,BET,119.16,Geology-2,15.59,SoilType-9,No,129,No,LandCover-2,RoadClass-3,0,1
159298,1,160,-2.09,4.73,68.91,Wastewater,Others,S,PVC,122.49,Geology-2,15.53,SoilType-2,No,236,No,LandCover-1,RoadClass-1,0,0
162145,1,400,-1.52,8.62,42.76,Stormwater,Others,S,PVC,132.77,Geology-2,19.23,SoilType-5,No,125,No,LandCover-1,RoadClass-3,0,0
138686,29,315,-0.26,0.07,29.72,Wastewater,Others,S,PVC,140.91,Geology-2,19.62,SoilType-5,No,3,No,LandCover-4,RoadClass-4,0,0
4335,51,225,-1.29,3.48,28.03,Combined,MUF,S,BET,123.53,Geology-2,15.48,SoilType-3,No,266,No,LandCover-4,RoadClass-0,0,1
153837,5,200,-0.96,0.75,55.5,Wastewater,Others,S,PVC,148.09,Geology-0,8.89,SoilType-7,No,0,No,LandCover-4,RoadClass-0,0,0
159708,19,160,-1.34,1.64,8,Combined,Others,S,PVC,104.75,Geology-2,15.47,SoilType-2,No,85,No,LandCover-1,RoadClass-0,0,1
153957,1,200,-1.88,0.46,48.66,Wastewater,Others,S,PVC,148.17,Geology-0,8.22,SoilType-7,No,0,No,LandCover-2,RoadClass-0,0,0
156936,51,250,-2.05,-4,36.45,Combined,Others,S,BET,126.8,Geology-0,16.77,SoilType-4,No,111,No,LandCover-2,RoadClass-2,0,0
52181,21,200,-3.37,0.6,16.02,Stormwater,Others,S,PVC,142.63,Geology-0,14.69,SoilType-9,No,116,No,LandCover-4,RoadClass-2,0,1
69879,40,200,-1.52,1.44,28.28,Wastewater,IM,S,PVC,148.28,Geology-0,18.63,SoilType-6,No,15,No,LandCover-5,RoadClass-4,0,0
156303,1,160,-1.61,5.59,13.14,Wastewater,Others,S,PVC,122.46,Geology-2,15.5,SoilType-2,No,115,No,LandCover-2,RoadClass-0,0,0
58872,0,230,-4.18,11.24,37.25,Combined,MUF,S,BET,126.38,Geology-2,16.14,SoilType-6,No,108,No,LandCover-4,RoadClass-3,0,1
165741,0,200,-1.89,3.53,91.01,Stormwater,Others,S,PVC,118.3,Geology-2,15.57,SoilType-9,No,303,No,LandCover-2,RoadClass-1,0,0
100870,18,400,-2.26,2.37,60.43,Combined,Others,S,PVC,138.73,Geology-2,13.91,SoilType-8,No,90,No,LandCover-4,RoadClass-3,0,0
14857,59,300,-1.44,1.41,35.6,Combined,MUF,S,BET,122.39,Geology-0,15.69,SoilType-4,No,54,No,LandCover-4,RoadClass-0,6690,1
2212,34,160,-1.74,1.42,64.28,Wastewater,Others,S,PVC,111.85,Geology-2,15.61,SoilType-5,No,140,No,LandCover-1,RoadClass-1,0,0
81276,20,200,-1.83,4.05,20.3,Wastewater,Others,S,PVC,111.49,Geology-2,15.53,SoilType-0,No,330,No,LandCover-1,RoadClass-0,0,0
164422,0,200,-2.75,8.31,29.11,Wastewater,Others,S,PVC,143.74,Geology-2,23.32,SoilType-5,No,94,No,LandCover-2,RoadClass-0,0,0
27762,24,200,-0.85,3.72,31.42,Wastewater,Others,S,PVC,112.86,Geology-2,15.54,SoilType-0,No,330,No,LandCover-1,RoadClass-0,0,1
69464,45,250,-1.53,8.9,33.48,Wastewater,IM,S,BET,147.28,Geology-0,20.05,SoilType-5,No,54,No,LandCover-4,RoadClass-3,0,0
80919,20,200,-2.63,3.03,6.86,Wastewater,Others,S,PVC,111.57,Geology-2,15.53,SoilType-0,No,330,No,LandCover-1,RoadClass-0,0,0
67454,47,300,-1.15,1.68,47.7,Combined,MUF,S,BET,145.08,Geology-0,14.06,SoilType-9,No,129,No,LandCover-2,RoadClass-1,0,0
84383,47,200,-1.05,4.63,18.33,Combined,MUF,S,BET,116.23,Geology-2,15.6,SoilType-5,No,79,No,LandCover-1,RoadClass-1,0,1
5864,56,225,-3.07,4.68,52.27,Combined,MUF,S,BET,111.06,Geology-2,15.41,SoilType-2,No,182,No,LandCover-1,RoadClass-0,0,1
70593,49,300,-1.62,7.52,37.93,Combined,MUF,S,BET,144.77,Geology-0,14.63,SoilType-9,No,133,No,LandCover-1,RoadClass-1,0,1
170707,1,200,-2.61,10.94,87.96,Combined,MUF,S,PVC,124.44,Geology-2,16.04,SoilType-0,No,85,No,LandCover-4,RoadClass-3,0,1
157007,1,315,-1.45,0.31,29.32,Stormwater,Others,S,PVC,122.41,Geology-2,15.48,SoilType-2,No,115,No,LandCover-1,RoadClass-0,0,0
60737,32,250,-1.1,-7.69,71.57,Stormwater,MUF,S,BET,128.89,Geology-2,16.33,SoilType-9,No,224,No,LandCover-2,RoadClass-1,0,0
4079,55,400,-1.9,0.32,48.07,Stormwater,MUF,S,BET,122.44,Geology-2,15.6,SoilType-9,No,104,No,LandCover-4,RoadClass-0,0,0
64431,23,200,-1.33,2.59,34.44,Wastewater,MUF,S,BET,132.92,Geology-2,22.96,SoilType-5,No,17,No,LandCover-2,RoadClass-0,0,1
74378,25,500,-1.41,0.6,62.3,Combined,Others,S,PVC,105.33,Geology-2,15.43,SoilType-2,No,320,No,LandCover-1,RoadClass-0,0,0
64922,59,225,-2.89,3.43,37.54,Combined,MUF,S,BET,134.15,Geology-0,21.62,SoilType-5,No,121,No,LandCover-2,RoadClass-1,0,1
3267,8,160,-3.4,2.36,80.69,Wastewater,Others,S,PPP,143.63,Geology-2,14.47,SoilType-3,No,0,No,LandCover-1,RoadClass-0,0,0
52920,22,300,-0.63,0.75,33.04,Combined,MUF,S,Others,143.33,Geology-0,15.96,SoilType-9,No,55,No,LandCover-1,RoadClass-2,0,0
161296,18,315,-2.71,-3,28.17,Combined,Others,S,PVC,122.44,Geology-0,15.76,SoilType-4,No,11,No,LandCover-2,RoadClass-2,0,0
41059,89,300,-1.08,-10.38,2.51,Combined,Others,S,Others,109.98,Geology-2,15.52,SoilType-0,No,342,No,LandCover-1,RoadClass-0,0,1
128741,9,160,-2.03,4.57,17.48,Wastewater,Others,S,PVC,123.67,Geology-2,18.18,SoilType-9,No,135,No,LandCover-2,RoadClass-1,0,0
1850,31,200,-0.96,0.27,53.3,Stormwater,MUF,S,BET,123.34,Geology-2,17.97,SoilType-9,No,236,No,LandCover-2,RoadClass-0,0,0
159126,0,160,-2.5,3.19,23.47,Wastewater,Others,S,PVC,122.63,Geology-2,17.81,SoilType-9,No,111,No,LandCover-2,RoadClass-2,0,0
164749,50,300,-7.6,-0.22,35.27,Combined,Others,S,BET,111.8,Geology-2,15.59,SoilType-9,No,21,No,LandCover-2,RoadClass-0,0,1
163408,1,250,-2.46,-2.51,65.64,Stormwater,Others,S,PVC,125.26,Geology-2,16.13,SoilType-6,No,181,No,LandCover-2,RoadClass-0,0,0
172075,49,225,-2.03,-0.73,32.42,Combined,MUF,S,BET,134.88,Geology-2,19.1,SoilType-5,No,200,No,LandCover-2,RoadClass-1,12750,1
46120,43,160,-1.7,2.12,44.8,Combined,Others,S,PVC,106.73,Geology-2,15.5,SoilType-2,No,546,No,LandCover-1,RoadClass-0,0,1
15082,47,200,-1.87,3.58,46.07,Combined,MUF,S,BET,123.18,Geology-2,18.1,SoilType-9,No,93,No,LandCover-4,RoadClass-3,0,0
20353,52,230,-2.08,5.65,33.6,Combined,MUF,S,BET,120.38,Geology-0,15.59,SoilType-9,No,170,No,LandCover-2,RoadClass-2,0,1
57498,28,315,-1.61,0.42,52.17,Wastewater,Others,S,PVC,146.9,Geology-2,22.25,SoilType-9,No,0,No,LandCover-4,RoadClass-4,0,0
156987,1,200,-2.23,2.73,50.6,Wastewater,Others,S,PVC,119.86,Geology-2,15.58,SoilType-9,No,129,No,LandCover-2,RoadClass-0,0,0
64970,59,150,-1.45,1.93,53.15,Combined,MUF,S,BET,133.71,Geology-0,21.87,SoilType-5,No,121,No,LandCover-2,RoadClass-0,0,1
